2018-06-12 13:43:55.080000,1.5321988654618806,0.2552568490274841,-0.6428303857921485,0.9447878424953109,-1.4864422317545665,1.469631215450484,-0.4339462397680883,0.6282011816874772,1.3017518120899685,0.7834560644093352,0.25391531881686835,0.35640512837048455,0.5031572631425099,0.21921805974395403,-0.23912564472234427
2018-06-12 13:43:55.146000,1.9200875284464072,0.547964499788536,-0.6897361523490715,0.9374904890843911,-1.4333220400885078,1.486083907700129,-0.5381921177360577,0.728082027822318,1.3340004210623246,0.8573403210222869,0.16544369871786438,0.04589242120359105,0.6190553357689054,0.3176565003303107,-0.02431644004417831
2018-06-12 13:43:55.213000,1.8882655224774751,0.6885029520484904,-0.9108753652723507,1.1370316649570789,-0.8288302601178109,1.7279401510579455,-0.5605600748249299,0.5381142983863768,1.047938577360934,1.1149443575357085,0.1983061547333644,0.44969920232922345,0.29821426240767274,0.4784788660326934,-0.15276130621602863
2018-06-12 13:43:55.282000,1.6090536808283766,0.45205161740437344,0.2683048095963271,0.5618174931488096,-1.835904985189763,1.3178278871493863,-0.12706437581488167,0.4916375980369568,1.1473114836573308,0.8728268739777064,0.604319597688281,0.9103989100727186,0.8061251836974545,0.4304557083413806,-0.375127920316566
2018-06-12 13:43:55.348000,2.0770318776706294,0.8689178554776498,-1.0067282625087892,1.1231975486310297,-0.7740258318610287,1.785310689222415,-0.5403118412612942,0.606982226645899,0.995169277126413,1.0543227685369385,0.39754923689309873,0.34559752907094854,0.4800368285536555,0.493757522635083,-0.20324840294324653
2018-06-12 13:43:55.415000,1.920218788809085,0.798095617993027,-0.7429339067138923,1.087837244266069,-0.9181624689540397,1.8639578364976068,-0.4026906135727725,0.8133262390620308,0.937728650813377,1.156434555521102,0.26443900782466057,0.5429312758120138,0.3626878615378069,0.13403553388477216,-0.3276292262001295
2018-06-12 13:43:55.482000,1.7722672336522676,0.6654260678080559,-0.5548124308693706,0.5926581040791254,-1.0018968900199559,1.8443825293900415,-0.26084599391994445,0.8179968667423034,1.2024781290724489,0.9709200599367543,0.21190575924505597,0.40458226234339695,0.4760763390645625,0.014851652875399315,-0.46772438059104143
2018-06-12 13:43:55.550000,1.8029300887510251,0.7504252231065596,-0.7075299132877966,0.9442857122734369,-1.0873827400485123,1.854513211631237,-0.1884339641557622,0.9683707462047252,1.0610361102190207,1.2764117275576363,0.4238282312857118,0.21754261369936473,0.4203543141571833,-0.23456406891166534,-0.29220596042141034
2018-06-12 13:43:55.617000,1.6587800270352506,0.4401232130536488,-0.9958684526141447,1.0366352127921181,-1.1658940399546558,1.5472006705791612,-0.6394036922558756,1.4645853124597952,1.5408040562552978,1.302104176730606,0.3577749339556243,0.26289373659451115,0.6291697552963135,-0.34045343439468956,-0.35575534036686757
2018-06-12 13:43:55.684000,1.534819602660085,0.44290436973212827,-0.6802345978829356,0.976762918819702,-1.54377822969319,1.4110870504321718,-0.5999896427207916,1.5940349512761531,1.7620227273684974,1.1670494097220545,0.48715856477077346,0.1710897711234053,0.5938125221983118,-0.18740488802804287,-0.3006046153872929
2018-06-12 13:43:55.752000,1.6816893626583216,0.5656708291943606,-0.8480111787536583,1.1133139766552838,-1.2835946478091977,1.5910814986697783,-0.8540161835013931,1.7963893760731164,1.8085944274685661,1.2447718150381495,0.4101454146470519,0.16654643884428633,0.8028386081365281,-0.524941393646286,-0.7151594578832552
2018-06-12 13:43:55.819000,1.7230873642418616,0.5929532389865702,-0.7555091994842045,1.4011991070066572,-1.541455361635084,1.4956706217268678,-0.9127862382527706,2.1625857427640733,1.8835282772306274,1.2627004284219945,0.4195666635695826,0.1323520816601642,0.7874564097245146,-0.8903023682772665,-0.7123261227309214
2018-06-12 13:43:55.886000,1.6586519123478602,0.5793553507807458,-0.8000617239214942,1.406156237583743,-1.4796065382326185,1.4247567647673143,-0.848589175515046,2.1296590948219816,1.9065737191624574,1.3453711038241796,0.3718249499655638,0.1788997098132492,0.8122173320461462,-0.8656540921824167,-0.6976056704018752
2018-06-12 13:43:55.953000,1.6360158775833589,0.4993779331779104,-0.6326996349816773,0.9908900060299703,-1.4593300075360358,1.5218031136582055,-0.7918623154797546,1.8464763840642995,1.8996141420788741,1.291083632304126,0.3846934165129291,0.2493913017822469,0.8837084702931427,-0.7684980021320932,-0.7688180863484293
2018-06-12 13:43:56.019000,1.5482949761116318,0.43657073293424603,-0.4965223521738841,1.3559287610556137,-1.5395274994505175,1.4935604634181994,-0.7842640006498817,1.7090299946464043,1.9065250208517739,1.032917215412926,0.5914368956119039,0.4792753490338698,0.8947262094385972,-0.5895760236543809,-0.8647460589871957
2018-06-12 13:43:56.088000,1.5318736676734614,0.4357804869142588,-0.5368295074779224,1.1314767213913894,-1.5513598612364765,1.5319217127981586,-0.7289561208352997,1.5855415124467995,1.8497150243211289,1.077011311034056,0.5867403786211004,0.4300891187500757,0.7940232558957966,-0.29017742092368237,-0.6978101799484288
2018-06-12 13:43:56.154000,1.702428306894915,0.5232178962562961,-0.816808540474099,0.9118814642248496,-1.3167491587624747,1.8614271687356951,-0.773277193785778,1.7724948029836212,1.5257126588273628,1.142207144607001,0.2872791041245023,0.06995312720461017,0.5762819752635838,-0.5106102037716025,-0.49075061911301326
2018-06-12 13:43:56.221000,1.7466901539982542,0.5515344329176559,-0.425148761557571,0.823492653403544,-1.604996646330421,1.6251952453256775,-0.5530226493716011,1.336364975800411,1.4803491488621057,1.108137626426792,0.4233086420248534,0.2816550008807453,0.3954924864836663,-0.2041411480460321,-0.22677911726874317
2018-06-12 13:43:56.289000,1.8503600277376897,0.7781054101232376,-0.5214940486896837,1.0439200188123217,-1.3961292565710837,1.6521674837726108,-0.544405459529587,1.1324173674778817,1.3948338260115216,1.0603108831432482,0.49963474020132825,0.2912957435452599,0.4339047071303569,-0.06581919720007309,-0.48297664831492787
2018-06-12 13:43:56.357000,1.9953461185197323,0.7530493430394216,-0.6998915012388296,0.9355012479582805,-1.2455625955517138,1.8343199057366093,-0.5591648268966063,1.2251571568492199,1.3196856428227148,0.9932601281551775,0.46957357455348747,0.3106949710686104,0.3319096397117744,-0.07459328032780552,-0.45151280789697107
2018-06-12 13:43:56.423000,1.9596628981199347,0.685664291716219,-0.5002487693466585,1.0542443985839502,-1.534493426453077,1.7028278185556525,-0.5236246880896676,1.3447986681634285,1.274354854040344,1.1920602392015982,0.5557396474006749,0.5141421350979885,0.3571516170161321,-0.21607976156164507,-0.2845906050841466
2018-06-12 13:43:56.492000,1.8748861090271882,0.6285267782155932,-0.40065468780209057,1.0227230975659625,-1.5414951102112546,1.732103596876534,-0.5688622908384313,1.3539198283185125,1.3528951935602027,1.0770147762190874,0.5324636506426527,0.6042687831305167,0.37103231377766904,-0.2830820065226378,-0.4963540633080799
2018-06-12 13:43:56.558000,1.8345626949630232,0.6437223805101535,-0.5629581345757559,1.2649388140130222,-1.4729312742155316,1.6600850752410468,-0.7164815944003627,1.4914388254790225,1.5104382651861528,1.1316144214896728,0.49921709665418756,0.27700229423444833,0.5332174631271975,-0.3684217569966477,-0.440677935614151
2018-06-12 13:43:56.626000,1.8470294317337945,0.6386282838406871,-0.7446235689470697,1.1684107916485456,-1.2705346341538792,1.733481562124589,-0.9696931779902022,1.6969473913748356,1.6326306465143086,1.091571078087223,0.13889046593973822,0.203662033734205,0.4645175495714293,-0.6484588191815781,-0.49932063377077435
2018-06-12 13:43:56.694000,1.8864275989844135,0.6947279318194894,-0.7528318288448204,1.0504624535164204,-1.183563895801803,1.7003745766896774,-0.8618584396662486,1.606434378120561,1.5343168520387702,1.063260131580026,0.26545188017789045,0.2917457342521255,0.48731290230155844,-0.5372701068570992,-0.4275107141549438
2018-06-12 13:43:56.761000,1.8844732976607101,0.6843782175953586,-0.9078817556312999,1.2080249844202424,-1.016802043923404,1.8765822677138904,-0.8597486196787488,1.6376408318588567,1.595963205626699,1.2059514136723308,0.3941742605952334,0.33554935473703956,0.5567947965909306,-0.47089903334206207,-0.3929621144424258
2018-06-12 13:43:56.827000,1.9536862575595215,0.6254171254778786,-0.6825319330718196,0.9757521650664527,-1.3807224259323587,1.5478834560903443,-0.7772213915204728,1.4823679043150468,1.9168052084221032,1.1143036582738448,0.25253249063190586,0.013110037890200432,0.48724565118311514,-0.7515649961478365,-0.2161261614487216
2018-06-12 13:43:56.901000,1.9839147393356695,0.5853214613590034,-0.7453755873750547,0.6059825907691638,-1.1335376513116249,1.6736740654033062,-0.8698521261692576,1.3406008064082513,2.032356606352104,1.0124175581774542,0.13692733640671548,0.34548853140308877,0.640009204268628,-0.7325001924107108,-0.6720389065273397
2018-06-12 13:43:56.961000,1.9243992429487644,0.669961129783996,-0.6890497064002539,0.904107073815053,-1.2324272385981052,1.6387720606623168,-0.715999753859177,1.4092535529913595,1.9991549420672485,0.9107712968425817,0.37306995271893373,0.16645645686176275,0.6417245016064155,-0.8032570081889243,-0.702191421749811
2018-06-12 13:43:57.030000,1.8792626952342344,0.6002047055720463,-0.6280416586163916,1.033567494176673,-1.4057210602952648,1.614808595381988,-0.8311114262775873,1.5789804861167802,2.0654142646047067,1.0327903511016858,0.3175131831671134,0.1778048450759927,0.517390450770188,-0.8257588258301763,-0.6079194632803734
2018-06-12 13:43:57.097000,1.9670229956232506,0.5892872624781487,-0.6758067391919199,0.7556273887263733,-1.3395463613453538,1.6007733429119981,-0.896061221172665,1.6347376992780152,2.1402052136830627,1.2408360783332961,0.2830952047590992,0.47327810327567393,0.6715732213378868,-0.8798125829150149,-0.6722470601509518
2018-06-12 13:43:57.164000,2.0239398255779593,0.6414033191952291,-0.5783715214589127,1.0116930132796356,-1.5813662032551792,1.4522435627616195,-0.9476284442786166,1.7864248157092062,2.1252085996279253,1.088127457337178,0.2829797065564521,0.20278554506219804,0.8283665979390615,-1.1066818361838993,-0.7321644732718832
2018-06-12 13:43:57.231000,2.118573915325543,0.832247522794636,-0.7861485918575069,1.2616788863476032,-1.5446527229875435,1.6613473882014267,-0.9178232989732221,1.9157649066216154,2.054102644046716,1.1582037637049276,0.28537030414682585,0.10197058118573504,0.4848640441767854,-0.9469159968336812,-0.5960022020698142
2018-06-12 13:43:57.299000,2.0950618332146025,0.7783949664178291,-0.5379930843619886,1.0364345627788842,-1.6160786733135732,1.4388165715059045,-0.8359082369218512,1.6944657085246873,2.0906626657621996,1.0219607749633766,0.28703828506866613,0.18753137057039637,0.7152979195812883,-0.9474699314461751,-0.6688965469855825
2018-06-12 13:43:57.366000,2.0307403798899406,0.7520122545620396,-0.5024950993042946,1.0227678130811697,-1.6123750754993993,1.5514372714677422,-0.7330078399697635,1.704491230850978,1.9863986207510917,1.0785276414751563,0.4901428460692988,0.44905540337746785,0.571690389672919,-1.0151096290294088,-0.5791721849307916
2018-06-12 13:43:57.433000,2.099033364338461,0.821435330716692,-0.6163678685433034,1.1533180666511267,-1.5283508824843177,1.5061610498236686,-0.8046120984878727,1.7282508921569224,2.031299928802093,1.043184747428049,0.3882361258393492,0.1445979869459234,0.6796567973885416,-1.0872562729523576,-0.6063400303523261
2018-06-12 13:43:57.500000,2.1528368219508556,0.9145403586526311,-0.6846677778797972,1.3016252805101243,-1.4671276940797504,1.5682258579626356,-0.8749652923280608,1.8197338310939235,1.962528343335833,1.1048296709812502,0.395565926785011,0.27322944662630294,0.6457730300189167,-1.1174191773515199,-0.6737803839450704
2018-06-12 13:43:57.567000,2.1445097953517234,0.8591159185812458,-0.5530197261680929,1.0479798490872865,-1.5237634645580367,1.5595448126978768,-0.829119733059898,1.8355744051417215,1.945559224670565,1.0628535226079654,0.275962218026785,0.27784578166052964,0.7499547573868696,-1.2355800231054526,-0.7534533199538346
2018-06-12 13:43:57.635000,2.0880732759500242,0.7998393102775347,-0.6309442105227945,1.2118986574108728,-1.4529801666362685,1.7095481209047656,-0.8398953094531306,1.882615810586794,1.9384668729760959,0.9780351483003448,0.41484604366986166,0.26847629239439164,0.6272823981824285,-1.2647061471490273,-0.7708648532446455
2018-06-12 13:43:57.702000,2.1952153082656993,0.8632780356204548,-0.782743988664869,1.1858203171617014,-1.174884515455257,1.8182711285826811,-0.95761088707846,1.7497342610723476,1.9282477184374835,1.005146427447226,0.06816253716932522,0.3701890646716592,0.6293821877252694,-1.3351287729444945,-0.9044150478856317
2018-06-12 13:43:57.769000,2.1559119304624845,1.0108966994363104,-0.8413501067283482,1.4412743079579058,-1.3385355921020796,1.8498869573522394,-0.9419001987565275,1.5765677511909009,1.9823925663838553,0.7394486521709448,0.0920229087133175,0.42459287490589187,0.3308742404299731,-1.0141258708041676,-0.7592558823890285
2018-06-12 13:43:57.837000,1.9760227737871228,0.7903638054964395,-0.6040584897259041,1.3601750083800481,-1.3570587422350973,1.6647228278951869,-0.8033411625038867,1.480953223434417,1.9998181693172161,0.6966957136337482,0.48267596011255065,0.2687609142060091,0.6126972777474506,-1.1115052280916404,-0.7241016362176991
2018-06-12 13:43:57.904000,1.89277945722879,0.8268051739785951,-0.29309664577532424,1.1399713315773843,-1.5896536591581056,1.5924144664945605,-0.7469793689466735,1.1568394616501616,2.028522738447107,0.5275101499616976,0.5571605248840963,0.6582362224845045,0.37063345570721606,-0.549646716660952,-0.5859618730901657
2018-06-12 13:43:57.971000,1.8543807441072557,0.7925155068682264,-0.20641024391614357,0.8358655842489817,-1.3772613376831884,1.643372688131184,-0.6633469190232885,0.9572027702134177,1.8442364879777173,0.5448405451758672,0.6236269632803856,0.65241007137644,0.4706738209916671,-0.46750407458092236,-0.4954896962402741
2018-06-12 13:43:58.038000,1.9718227856315353,0.9105547624342778,-0.38589195026216205,0.870786570916827,-1.585702405930971,1.7650091727799992,-0.46044704121192537,0.9751012789932051,1.4894299621841167,0.5061695297968775,0.5621430301334714,0.4473152627478532,0.46610858032220626,-0.12990135074853285,-0.5043645231117684
2018-06-12 13:43:58.105000,1.9282980870175557,0.8472054613585467,-0.32782665157559165,0.9087331248847701,-1.545518548955665,1.7007626059289906,-0.41346956405549895,0.8091029462945407,1.5317130407299362,0.44479744303101476,0.38017127109604654,0.5164509523484653,0.1588160462807065,-0.297719372623642,-0.21271938802399942
2018-06-12 13:43:58.173000,1.774957695713141,0.4895059840626312,-0.4238958136358012,0.9660607593512789,-1.599165000943903,1.5715254536838055,-0.32304498594962305,0.7258422112616802,1.5431742523030105,0.45802545054720945,0.3336684407181226,0.2637072016826769,0.21544971211479125,-0.2150842550605727,-0.3401369705929472
2018-06-12 13:43:58.240000,1.8325910903137883,0.4116178063525034,-0.575181604870638,0.9771230776406035,-1.446087839174945,1.5878384688811527,-0.44256290317032243,0.8364679304583343,1.538557384851066,0.5914788777816333,0.22696812828169052,0.4728994854973449,0.2985541175626506,-0.28472101036626485,-0.17883739234046697
2018-06-12 13:43:58.307000,1.793669426998175,0.39230388918324105,-0.5246796020374643,0.7881292236646074,-1.4069605368173628,1.6295873762089248,-0.279385655623583,0.599682974816382,1.516378753618143,0.5442192305274406,0.22523366878507403,0.19160222852852044,0.18243665083102445,-0.062191126079808284,-0.18799642366049224
2018-06-12 13:43:58.374000,1.5213652574157481,0.3173983185429384,0.13271005907133207,0.6513676597434235,-1.9053646519184948,1.2920444749806064,-0.006074036629154261,0.07802109103505003,1.5407411292883517,0.6145871802932141,0.4044664019742562,0.8701204721664438,0.23597644178186267,0.44021367282594714,-0.13560783392631137
2018-06-12 13:43:58.442000,1.0966960199479705,0.17912992092482066,0.2794560206855813,0.8422896264392006,-1.4835335480501046,1.3255260925835997,0.46266742659189175,-0.5471806023586622,1.0353940194386175,0.6782464134687453,0.5459629441773195,0.43001023159852836,-0.515563414360853,0.41231952477164424,-0.5299364344379013
2018-06-12 13:43:58.509000,1.248184477448119,0.3931652658146359,0.43939249120796986,0.7913705697608727,-1.3120956131696864,1.2387572694818514,0.5533147603634554,-0.6362629246211252,0.9790116161143984,0.5891689115409214,0.5339593956852778,0.5133348969892079,-0.42330904825337906,0.5117455227370853,-0.49063525766952837
2018-06-12 13:43:58.576000,1.11988808404814,0.3142932823433346,0.23370481157464437,0.8827140790384851,-1.3662898816532258,1.0760612938193,0.6143564060297867,-0.7839169205029554,1.0040938301308757,0.5114179010241278,0.40595523893311275,0.7392906357400661,-0.607434626040063,0.6702420955552856,-0.3971826069615127
2018-06-12 13:43:58.643000,1.3664806624670645,0.6571034345104738,0.3028015698165858,0.9089063566478159,-1.4056919603832816,1.171228015690523,0.6097027598928436,-0.5421986771338377,0.9306502734706513,0.2437525952781499,0.21722581849509107,1.304681261784617,0.0525604694727157,0.8710028690521071,-0.12060778549738853
2018-06-12 13:43:58.711000,1.5102505824616914,0.832616255051341,0.4071298106052056,0.8575392448498131,-1.3697710342299005,1.1120173299927198,0.7724627182243483,-0.6199531223939165,0.8765409783489065,-0.055834698678230675,0.09963439437750357,1.2933053435896462,0.042710553386627326,0.7813315092517338,-0.1515067743885113
2018-06-12 13:43:58.777000,1.5138566481275233,0.9926287420285373,0.45634587883421396,0.861166629815642,-1.2003351266040003,0.9860104996872942,0.9779619785483512,-0.8230873402814585,0.6827484634558085,-0.263101051899449,0.003537543305724894,1.4528816572365977,-0.14412755060801402,0.8367653439732848,0.06030952612844441
2018-06-12 13:43:58.844000,1.6032871112619214,1.041814253750827,0.4100306197524136,0.7132862221002436,-1.0860660334820684,0.9719149997357854,1.2326610228092614,-0.7395333102281356,0.6888905099479871,-0.6041781912534885,0.09542346800724857,1.6661909449778634,-0.122200244576699,0.7302667181355635,0.10654208855461177
2018-06-12 13:43:58.911000,1.6344509970219283,1.0015197767185902,0.44481571245972196,0.641629167604879,-1.0501165546895561,0.8772573686431281,1.458364313093787,-0.7169243627411398,0.5772358176830463,-0.7963047886220891,-0.07921471492475227,1.5958421129667357,-0.11974210300172071,0.7734199029509258,0.1450108230071754
2018-06-12 13:43:58.980000,1.7761283630881168,1.0665508763890084,0.49348258090642605,0.36414844264134694,-0.7763950144190399,0.8145013832749453,1.6985421256139674,-0.8260258055017325,0.6089079249129111,-1.0904099435306334,-0.025868134733342263,1.687544872756352,-0.09362558317285324,0.5214305294453682,0.016847744051234737
2018-06-12 13:43:59.046000,1.6704284534015086,1.1632677820080841,0.5072510844165481,0.7591744895031026,-0.7359148179640423,0.7280757745275517,1.783861721415125,-0.7636010663789918,0.438015681578112,-1.0367695584385621,0.003428624689072901,1.9380442406835763,-0.2949075648826592,0.725766177570046,0.21044624249402777
2018-06-12 13:43:59.115000,1.5822916357700976,1.2555913636688156,0.4852634742012599,0.7115764298494703,-0.6929266313135096,0.6291246100706884,1.8541405648167952,-0.7366834192259791,0.3776365272906973,-1.0709783698652453,-0.0220265598935597,1.9241393178737853,-0.30997864496019045,0.6774562789547546,0.10647738801459511
2018-06-12 13:43:59.181000,1.4107489464733622,1.1777032395132385,0.394433258305694,0.7266226845094738,-0.7977029973973221,0.573097792848015,1.914412425330522,-0.6611818637109359,0.32201769460101387,-1.0493177555826358,-0.1261600126226289,1.7372170175919428,-0.3175924815859287,0.7442176722371359,-0.051762912465799504
2018-06-12 13:43:59.249000,1.6519149053584674,1.3118985721095535,0.48651838276610126,0.4678793340114733,-0.6292880184388391,0.3698525341822959,1.9021736419216118,-0.7891844269727922,0.3329364091146395,-1.2223289879305512,-0.24366967685570853,1.7438877296703699,-0.2667351348170045,0.5724294635061522,-0.029472967959367644
2018-06-12 13:43:59.315000,1.5944789005583173,1.1304829562142298,0.5031606089868248,0.6804582388076917,-0.63593592380908,0.3282034712541754,1.838006493383543,-0.6710748180206627,0.12832291775787746,-1.2041618106764993,-0.16000844923376742,1.8513678040497075,-0.354834047982232,0.5913653190593668,0.04228985636247076
2018-06-12 13:43:59.383000,1.6402448683254045,1.1325451072594857,0.51253054271944,0.4807700680424314,-0.5622202373169363,0.24354426406991792,1.7760100895748345,-0.7535069110919466,0.06545830877035266,-1.3630871165892562,-0.16572007845866107,1.7605994073090496,-0.2561142227453146,0.5182010442308934,-0.11699813327346135
2018-06-12 13:43:59.450000,1.747340256278156,1.0476151054037264,0.6031158198356006,0.08083616241062666,-0.3904896672921367,0.12189073215549126,1.754709206751906,-0.7707204815015906,0.1195072111500427,-1.4374404232707314,-0.23683955153624467,1.4939148260929724,-0.03634381044249399,0.18260490554578834,-0.2977963781480396
2018-06-12 13:43:59.518000,1.7141419037724503,1.0564764394198998,0.5457909000406524,0.27881867891968504,-0.39720220328020667,-0.02389809207442732,1.7152334006088115,-0.7300630803884878,-0.005174472305223082,-1.4310133353220822,-0.17135450454696224,1.7826489535336996,-0.35589074234999074,0.40676168361248566,-0.09230673475885083
2018-06-12 13:43:59.584000,1.7257882422017539,0.9206827670951248,0.49776452992418274,0.3407318716309852,-0.35572687271091796,-0.10327158491483035,1.6863446061695009,-0.7075283423378376,-0.04529329939775881,-1.5516519935623903,-0.1673181023172767,1.8547506846099275,-0.510922521704271,0.46735362746464615,0.059943726899114105
2018-06-12 13:43:59.651000,1.6911197030774328,0.7645639502603914,0.39664427351690223,0.4264423261990504,-0.391781393262398,-0.3945278762114095,1.6916783186062112,-0.7757977870618235,-0.2451418067493437,-1.41201405944846,-0.1833348793028667,1.8178443708782055,-0.552629237996253,0.45024586774163033,0.19920164745498387
2018-06-12 13:43:59.719000,1.7634252987579648,0.5879229847972867,0.3688171170352078,0.3488034904815288,-0.45812431453612257,-0.5012997943715813,1.618487055417149,-0.6635638247059834,-0.23425159354259403,-1.3635024775239724,-0.3129743464555991,1.6893127370792538,-0.3136111903828254,0.4845188734554793,0.02914409360811053
2018-06-12 13:43:59.787000,1.6761287610638727,0.5127351905318653,0.32306998350682115,0.3913593486792196,-0.45830791151963446,-0.5009069241171386,1.4210345774988125,-0.7588064553623984,-0.2502222765649881,-1.4973611783355678,-0.23005277686374118,1.8948016050899557,-0.5941829220579873,0.43850036222676825,0.10599825281312308
2018-06-12 13:43:59.854000,1.8277366818738336,0.40985832405281103,0.41301626351618015,0.39720665896709717,-0.3771511515873392,-0.7507575405970613,1.3225716798488594,-0.4735786414455532,-0.40250051067119863,-1.481868742674441,-0.25665254125003556,1.546075298385643,-0.31850129056164356,0.28331425274096944,-0.22185811340301842
2018-06-12 13:43:59.921000,1.7795472798862644,0.3535252670786783,0.43716302313861244,0.4477334752388238,-0.3292896494876781,-0.7809727500432837,1.2518193237620419,-0.43540765279605065,-0.4972335971782887,-1.4888074450707718,-0.24500014981957216,1.5790719616312945,-0.3889024529796707,0.39491734118343214,-0.16489483176359154
2018-06-12 13:43:59.988000,1.9386293690295684,0.4713314951528615,0.5294063037690933,0.20721262771434787,-0.23389869721586481,-0.8475069461186221,1.1789878860440073,-0.512249969306113,-0.4562466178648014,-1.7480767515650295,-0.2500157909123777,1.6224808187282846,-0.4596327364064387,0.21535223363658604,-0.08398111234728013
2018-06-12 13:44:00.055000,1.8572634969617692,0.5597224595805605,0.5915622214400429,0.1799447612998659,-0.09195658544991372,-1.0939408194097624,0.9708196940517505,-0.4566730950197358,-0.42426687552477915,-1.9400547085220188,-0.20404098556024944,1.666489734485877,-0.6370204597766451,0.3999617689916761,-0.04895908597575646
2018-06-12 13:44:00.124000,1.908312778363399,0.5749788985847453,0.5790853728793535,0.13454553358651125,0.09150661229087242,-1.6070183233816686,0.997155180341013,-0.3791521218813334,-0.5886378541805535,-1.716126367834534,0.013248429273330031,1.5899994158287605,-0.9113268616786016,0.2906847963555884,0.242886832266008
2018-06-12 13:44:00.190000,1.991807378698506,0.40786506263679484,0.6463064433655009,-0.21500130688942565,0.32422784830208484,-1.862785875775544,0.9100001424417125,-0.18505577287442285,-0.7624155857889023,-1.6133476434180212,0.2576488261032477,1.429502336745553,-0.9014918401799413,0.15678805530697437,0.17872424457309205
2018-06-12 13:44:00.257000,1.8960910236189301,0.2992728060987227,0.5771615542378076,-0.02743263955146627,0.24784263422004582,-2.1625693983099423,0.8276816308982012,0.06681875258615458,-0.9096505992849653,-1.6373352952243176,0.19290237370490812,1.2727234717977556,-0.9962372148344855,0.23343452119830685,0.2556596271553742
2018-06-12 13:44:00.325000,2.191811354445882,0.309730144272586,0.6598998114109832,-0.1832991289561534,0.2770540383764457,-2.328926357832321,0.680930856660153,0.06472516094849085,-0.9497444155271592,-1.8464632001500174,0.23645886325727586,1.2391614088355358,-0.9502336504167527,0.24336938945105924,0.21796689695581845
2018-06-12 13:44:00.392000,2.1185033819402577,0.2660601408279873,0.6376714694366803,-0.017338482474454936,0.2194404068263851,-2.3583394305660748,0.7353752256468594,0.29661104807476807,-1.078027924238525,-1.5953664761442123,0.30597098183290156,1.1659867067420375,-0.9491164486651787,0.3201313133548416,0.17041868004864197
2018-06-12 13:44:00.458000,2.2535653000719753,0.31642055255894425,0.7644440357101804,-0.13922242526513962,0.40317210386814906,-2.379468263914666,0.6652512177467965,0.21282091801330175,-0.9394448407753779,-1.728758546392117,0.2561806246425686,1.2371966771780571,-0.8586934024489843,0.2851070642688065,0.17006611198974267
2018-06-12 13:44:00.526000,2.2304945359970763,0.3507981079478973,0.7450519212390933,-0.0640471470345567,0.32057772523507955,-2.339019876226092,0.6522084529129296,0.30209794866304074,-1.0451613591862892,-1.702695286890389,0.3464380104696656,1.249623784582822,-0.8609783760552866,0.37525861173007313,0.1287249470443072
2018-06-12 13:44:00.594000,2.3076299876300794,0.3584670662976402,0.7005649403722549,-0.07861259872080342,0.3185862294865407,-2.4365578788162363,0.7171125349095546,0.3239551450110311,-0.9143281317038057,-1.676941790036667,0.2602996673678495,1.1941491654410026,-0.8132293213801548,0.39159482135116264,0.0588777048660516
2018-06-12 13:44:00.661000,2.358134928044506,0.42183944186243866,0.826802819108557,-0.2230796344423412,0.4183641947593957,-2.3823182633799025,0.6767634422124543,0.2946595109564023,-0.902646289914082,-1.7367723551641303,0.2750715679206902,1.1268105925049658,-0.626413469423487,0.32244145591493945,-0.10083752859473312
2018-06-12 13:44:00.728000,2.385659478635052,0.4542892977113751,0.8276222102915683,-0.10494357148087807,0.4400672243476267,-2.453390269227581,0.6478222250486236,0.3698690120582078,-0.9899765922673622,-1.650647883307201,0.39008245002336667,1.2087976111166236,-0.7906490818799501,0.37986778417802125,-0.030363625211322534
2018-06-12 13:44:00.795000,2.5010587308049503,0.49365967560458796,0.8762859370971052,-0.13484543124798465,0.530484394802776,-2.580021844616298,0.5793105994460006,0.5242719778857861,-1.0107622194511765,-1.4099396310357646,0.44523166483069865,1.1411799598479178,-0.6354040376978238,0.3032956543398164,-0.10764046062543929
2018-06-12 13:44:00.863000,2.6804733249454102,0.4461903262665858,0.8667444716707943,-0.07528071322872705,0.7921655263938878,-2.930342045241171,0.682213320656868,0.6346815411416853,-0.7850821852038833,-1.072158152338059,0.619227973527669,1.2516407712084727,-0.7983087950428687,0.3256998252532598,-0.1538378505914289
2018-06-12 13:44:00.930000,2.809582472398416,0.3125379831262172,0.83121182177599,-0.03934521514888317,0.8652966763227503,-3.2151046681205315,0.7008278583182904,0.8506908677649881,-0.7960804404217239,-0.800678216702996,0.6968030480749426,1.231927866491339,-0.7958089281834936,0.4036431225612308,-0.1242209317617889
2018-06-12 13:44:00.997000,2.7178151860303013,0.21838921862742472,0.7902004484278459,-0.05890815485287057,0.9148889937225007,-3.2226165970072462,0.7450802432108964,0.8400631072066254,-0.8284583793367895,-0.7929030449392899,0.7817962091564127,1.1596400234780084,-0.8980662462121385,0.3682693845080376,-0.14207223605977237
2018-06-12 13:44:01.065000,2.8321261166447576,0.2539919964483975,0.7921295914691909,-0.2722365293222468,1.0024347674255745,-3.284219849870292,0.7682962993289592,0.6492031429182238,-0.6828693836077592,-0.9308564156568283,0.6970129411904697,1.0814765780217197,-0.8711392758182821,0.15941556875834673,-0.2682943389312133
2018-06-12 13:44:01.132000,2.877182592134634,0.2897190762577863,0.8659947329064897,-0.3573688776096614,1.0571845644209612,-3.240569246647147,0.6926434712843765,0.6168391672886329,-0.6917015365314798,-0.9706777760281168,0.7312669130247365,1.134204486416794,-0.8317653682226143,0.2535652573362857,-0.2700811354424901
2018-06-12 13:44:01.199000,2.759253880731931,0.3139998406802323,0.8420618815961091,-0.3442733443280864,0.8855599940474885,-3.0343755955025644,0.6651176256366369,0.5746776830250473,-0.7419277837913563,-1.2100874727033961,0.6737488885327854,1.2171820327913792,-0.9285596442306837,0.28556995383596445,-0.14129326005481907
2018-06-12 13:44:01.266000,2.709687487520081,0.28096366675753986,0.818622148442968,-0.3065061429175099,0.6846203896614311,-2.9203824881001577,0.6860298265321891,0.6225583887255801,-0.9160832333060451,-1.3064107185589786,0.6630461718428404,1.168221721462705,-0.913743718764878,0.3352435626057594,-0.20669015303502541
2018-06-12 13:44:01.333000,2.703687637037799,0.3829825460534015,0.9530926109509752,-0.5842897429783996,0.6153241868482192,-2.572019270460404,0.7701365367841522,0.3068792652652672,-1.1020356756145846,-1.5768009624261476,0.53905952001156,1.0556923360733979,-0.9453038682836822,0.046833057783445486,-0.20703510158588806
2018-06-12 13:44:01.400000,2.5191725603267,0.33457033902044725,0.8400592995676393,-0.22351256821859608,0.46925676180464115,-2.5265436541553066,0.7891232775882349,0.38705876976304315,-1.1747323801564522,-1.5047845218514682,0.6243677514507606,1.2761592767906667,-1.182641128459304,0.25225604148831454,0.07119622765326838
2018-06-12 13:44:01.467000,2.4754627207571502,0.3168327778261644,0.7773244939404962,-0.23122890545514388,0.44837137079523015,-2.4506433004280996,0.6767038186504994,0.28184648627273357,-1.0842028285309142,-1.5380990772081375,0.46394024013654844,1.3789138630088105,-0.9619117409095109,0.304260304405377,0.045375768529401644
2018-06-12 13:44:01.534000,2.2901120415815344,0.19285357800340824,0.7261096417333663,-0.143474654192814,0.3002012805701736,-2.184896437347734,0.8024950379911971,0.2529657877771411,-1.236067292082379,-1.541310175265202,0.4317335304835548,1.256211803273708,-0.7885813341210907,0.30684198874130253,0.06752748665298222
2018-06-12 13:44:01.602000,2.3668929905947174,0.16484413825832372,0.801613922987269,-0.24721178112290232,0.3113575933886622,-2.0703133803983023,0.7805898231683875,0.2706762277476113,-1.2998999122739625,-1.4495424841549083,0.3621115050174329,1.1918383608355057,-0.6249209624237076,0.2378451449789256,0.0070810204649891725
2018-06-12 13:44:01.669000,2.4419562903871084,0.21041455881606747,0.7354370066028193,-0.23973533287769377,0.3312025535278801,-2.2670283074289266,0.7244369734462833,0.26926808423685417,-1.2971997024634567,-1.2320362943814098,0.4137896237910562,1.3024881829648587,-0.7388969043823741,0.3637432047591884,0.0649552642757438
2018-06-12 13:44:01.736000,2.344082412892833,0.3988576500370106,0.6902056551886091,-0.1526337478890016,0.35051721637858424,-2.0487958430412974,0.8269501307530737,0.033511342532027144,-1.1527766558101629,-1.392176342371516,0.41246572756779865,1.4689589011126265,-0.7752765934810802,0.19510032161058727,-0.0445550557912148
2018-06-12 13:44:01.803000,2.2264413984767577,0.5730562427982673,0.7308348386635294,-0.05604682439507527,0.2307574033502754,-1.632066811472782,0.9358390244483827,-0.1653652134622221,-1.070523684537383,-1.3548267198305401,0.21604318388403218,1.5625031191298264,-0.7118600540397602,0.24768778531192662,0.05815128678603615
2018-06-12 13:44:01.870000,2.084073957379278,0.6162448309035835,0.6700673644704099,-0.15860117264352147,0.06564115554173189,-1.1929581481774432,1.153669010842116,-0.39815585234652107,-0.7966520853430397,-1.5797382605898025,0.01306096036942253,1.5104980435509123,-0.6238382632540838,0.14708705336344757,0.010881837414868756
2018-06-12 13:44:01.938000,2.048254782921755,0.6168368036835923,0.6600278988287992,-0.05694632524275878,-0.0386965744290691,-0.9727054337190366,1.250749288734351,-0.3796089996421384,-0.7427513550746008,-1.4598656141196646,-0.04104896897408422,1.4450583385497593,-0.41140651959017793,0.2785620341143702,-0.012597180391873797
2018-06-12 13:44:02.005000,1.9434617850074405,0.8381515618393902,0.743495719787044,-0.05920526739549481,-0.09090787012641219,-0.5149400660634046,1.5362672381265372,-0.49665557823590595,-0.7083059671760099,-1.227306307026399,0.03100309655853775,1.4300830820949941,-0.2289771332984855,0.38147958261906734,-0.14280373893730597
2018-06-12 13:44:02.072000,1.961349084185171,0.8757395689828606,0.7267944848221221,0.1636191492057005,-0.1862062686667661,-0.30689830217967684,1.5392609658035927,-0.5348099389220077,-0.5113400197130913,-0.9110130869190555,0.10117507356711983,1.5642903224400242,-0.18559438695096006,0.4211453323566581,-0.08515592187006855
2018-06-12 13:44:02.140000,1.7522464686753172,0.8900082643796037,0.4760979546416755,-0.0077581460034223115,-0.36192829349100575,0.11942395210287213,1.8139014977560293,-0.6048260277843063,-0.1386634250478754,-0.7185643221131426,0.08266901839705249,1.629238156360492,0.032429119264421796,0.4713641401699633,-0.17178808568643122
2018-06-12 13:44:02.207000,1.8040563732744372,1.0097462669266863,0.5798596933073508,0.12356496988496049,-0.4177576717747761,0.3304571310654676,1.7181701011946786,-0.7162692737721672,0.09436936537862334,-0.6268057442193655,0.014621604563701457,1.5491138394312252,-0.07980915605952452,0.5141570183727046,-0.21506721889317437
2018-06-12 13:44:02.275000,1.5742222755420023,0.8863552989991861,0.3213531288149797,0.3094240893335838,-0.7099504544986182,0.4530927572658642,1.6112984621932323,-0.6439782096770479,0.629958278914217,-0.10990312165659727,0.05894305901784397,1.5702260194924027,-0.021527941451617308,0.6107416273724702,-0.17346631222405223
2018-06-12 13:44:02.342000,1.345553416899512,0.8083427974358506,0.2982036995566162,0.17831847103397416,-0.9051077078439554,0.6934213601820398,1.3866768646551915,-0.6798084179980924,0.7616772288213075,-0.01176550318484669,-0.01276008546340432,1.1301356515180783,0.31943920419386734,0.5276483012213111,-0.33011628649524266
2018-06-12 13:44:02.409000,1.2503497744778307,0.8083838263294982,0.29202654207879764,0.5051810948410239,-0.9874987478373449,0.7429554306782724,1.310939907148596,-0.6113239111200328,0.6947338115093211,0.1094295301215591,-0.05139140515359275,1.1735268725595231,0.17184131874255365,0.7551872214420167,-0.15041029222453445
2018-06-12 13:44:02.476000,1.2590360611580307,0.9703594100358324,0.26731330368151185,0.4255045944861494,-1.0256409200606367,0.7663198484952382,1.206331847415402,-0.6492444625588721,0.7834473397453551,0.16194623035779837,0.00870952487790691,1.2829001354204275,0.1477488785574777,0.742542151625093,-0.10711849676017539
2018-06-12 13:44:02.544000,1.3506494010359633,1.0283615914630093,0.37051744443425194,0.3963335907266423,-0.9234699127767594,0.8426205132478529,1.2683348563971273,-0.6129332571377718,0.6485896754600547,0.18449008879342677,0.1261761175041728,1.1797215914065005,0.11709127327881425,0.6746680445212103,-0.24450145936191625
2018-06-12 13:44:02.617000,1.2576847942321265,0.9470510726040269,0.30264458770501157,0.47200084697585376,-1.0079472405677303,0.9050364111636098,1.1981607246854842,-0.7675012554351544,0.6429982212881813,0.09658175500570576,0.16561575042335416,1.2678211757515898,-0.1455124607645859,0.7441975996051629,-0.05044584833719906
2018-06-12 13:44:02.678000,1.3359013661995878,0.9152299198810663,0.3177562892850213,0.4980909044722086,-1.0821721370514992,0.8969454171461105,1.1650944884334948,-0.5937574602375935,0.5853767024347009,0.21738957885035431,0.19341651323807524,1.1826182167606474,-0.021603445882832556,0.7323052349468322,-0.07958767310510571
2018-06-12 13:44:02.745000,1.4344427453429804,1.0510374130601892,0.46655564943660643,0.4254725795876,-0.9650776777438059,1.03259337416498,1.105703218794893,-0.6968214549203992,0.5688479487418875,0.15850819432830496,0.20300066255833632,1.2448233520665575,0.027126541328603482,0.7257589454177877,-0.2123186290430385
2018-06-12 13:44:02.813000,1.430539756597947,1.1117722951370446,0.44705714315229705,0.4929102658627399,-1.044497045438407,0.9197929779198503,0.977808853406383,-0.6282306090813061,0.6212423331168399,0.32457886773029415,0.18288347226867138,1.1938167716281223,0.004531732262705812,0.6889720219534302,-0.16372803974328848
2018-06-12 13:44:02.880000,1.3978854117431672,0.985037106909745,0.4150687566715484,0.2740103674266329,-1.1530420877638754,1.0266663861286252,0.7051275381578099,-0.5626440798931738,0.8460234931026142,0.3097659186778129,0.13305814923486972,0.967924317444439,0.20287267665408892,0.6045112876438828,-0.3546429503260052
2018-06-12 13:44:02.946000,1.005770398275342,0.7738792169113673,0.3451936409540558,0.5095104032675285,-1.1177607717025708,0.9766566879163564,0.8310419384900455,-0.8089847259863021,0.5889100845104484,0.8509326666695572,0.41711981473309356,0.5998298444726401,-0.4682848106942826,0.5592153901625218,-0.4687912469598769
2018-06-12 13:44:03.014000,0.9160153790381851,0.6158373272588316,0.32111817338021986,0.38077815046267627,-1.1922974963929998,0.9636131115348572,0.7416400859894282,-0.6622051911165187,0.7733244559102714,0.8100390443591874,0.2879906707293426,0.28699418848054326,-0.36814615476539814,0.40247328028919094,-0.5320821018542116
2018-06-12 13:44:03.082000,0.824390533317978,0.46465919065352973,0.2740311554080177,0.4286714299525829,-1.1440081675134337,0.919236200755939,0.6849889001337605,-0.5399322407240345,0.9203599314698409,0.9740157821825218,0.3580808457006775,0.3250312397706511,-0.24763447553929896,0.3899508812000809,-0.5484254062666264
2018-06-12 13:44:03.149000,0.7574748153131119,0.4304037512811309,0.20645869194484132,0.557314920470993,-1.1979777333552954,0.8721963731967017,0.6213041478674047,-0.5549630456208069,0.9972515896543316,0.9702626481669542,0.4099897987892869,0.33714954409547154,-0.39844503791678987,0.3228432048380836,-0.6266318058428685
2018-06-12 13:44:03.216000,0.7571544510767043,0.440173630755963,0.18038828720550473,0.6847623487001361,-1.2992876200504442,0.8469185635926377,0.5616806175835296,-0.3797086091381994,1.0211766283330306,1.0710647363714085,0.4573844026103384,0.2756157713515567,-0.43734737040674065,0.2699670274308907,-0.5989979588695947
2018-06-12 13:44:03.283000,0.6818835802211414,0.37427392121661646,0.0895533452378589,0.678242718483522,-1.3945072189568632,0.8594757783769619,0.5567749477090591,-0.21094839018678144,1.0994611156859158,0.9943376297311414,0.4785841540957464,0.2632092519389905,-0.2896189083772691,0.32727102011731934,-0.7012789510689433
2018-06-12 13:44:03.350000,0.9908734931572156,0.6381239252020148,0.15097461516947083,0.49544467322741503,-1.397807603204557,0.8347889361957563,0.4051186352745309,-0.01633077481871399,1.4579092115591226,0.8558801679671654,0.33414314303487025,0.5392004561587329,0.2029074860126754,0.21494638542398467,-0.585553237049954
2018-06-12 13:44:03.418000,1.033657425695211,0.7021694547358475,0.05852454418041533,0.6975875043639246,-1.615695621102463,0.863207527075729,0.3699150939459077,0.17336814267162898,1.3627710493245515,0.9181525168915989,0.4186247140864129,0.638557542188093,0.1668427799771024,0.1755082302239369,-0.43594537091166086
2018-06-12 13:44:03.485000,1.3250596075787064,0.9272818783984937,0.23246121110402987,0.39100002544299184,-1.4971795745899386,1.0336193268170997,0.2821991656162428,0.15907201458595496,1.4079149330025928,0.6249615351388998,0.39815604887507927,0.6502279259217241,0.28110568086554066,-0.006964849403733889,-0.5738785000596599
2018-06-12 13:44:03.552000,1.1754939009752903,0.7953993688932333,0.10831555324751474,0.5229432303959433,-1.6635943177851604,1.0442137236074853,0.29666037094998776,0.3217572159514902,1.3371174034136883,0.7303518723655672,0.4004790039871533,0.6380518082382525,0.30368214703726243,0.054333786386854904,-0.5333786158201996
2018-06-12 13:44:03.625000,1.5027426385458664,1.0328844265197499,-0.6700188913101798,0.7223247505474779,-1.0080379695310866,1.4477323496121661,0.023109065442003363,0.6674153578017972,1.1631621093352407,1.0639311534501008,0.17261161252663346,0.3318342920190971,0.015936642482595992,-0.1786552233309485,-0.32423998171744056
2018-06-12 13:44:03.685000,1.2968785641055334,0.9319724069392548,-0.697737937953215,0.8533300446451373,-1.1350902984047886,1.3548386205506409,0.20018411119724178,0.6599342165160489,1.2015120498631373,1.013278798680453,0.2733451261114453,0.45687537399793066,0.12270140568673898,-0.19805944457367206,-0.3350981390176934
2018-06-12 13:44:03.754000,1.2145182802532903,0.8130562332085587,-0.6041134133186404,0.8286785605556434,-1.316221308647358,1.2867080289468098,0.21637470901999412,0.7525174626525163,1.2577921400849528,0.9855367352378325,0.2826770453023072,0.3116495963892315,-0.056977260310364125,-0.21290642390551803,-0.3430397029429651
2018-06-12 13:44:03.821000,1.3951757320005553,0.9457744313409997,-0.5948391978819739,0.8027387596865504,-1.3156666616602126,1.1945410321128547,0.15230819430397202,0.7729043178343106,1.39370527379408,1.0008098347687278,0.24997325484659474,0.36321574587974725,-0.061697101878845695,-0.35649831352664474,-0.3684135455193868
2018-06-12 13:44:03.888000,1.4922740375079941,1.0609790164512038,-0.693497854742444,0.5602675605685923,-1.1374679182052394,1.423328739027525,0.0881493199834982,0.8282109185506823,1.2977682646571211,1.0581820254816896,0.011170822461415736,0.31792523410699125,0.04550152036276672,-0.5419130524386123,-0.45596013823902865
2018-06-12 13:44:03.954000,1.410676506360295,1.026275846970296,-0.42013823475266254,0.7203156780092373,-1.3414729045408023,1.2464850396359428,0.21578305280537965,0.841901961810129,1.38937776783277,0.9890276340680962,0.24867552317319255,0.41889353924494266,0.12670728803156786,-0.6327884140809656,-0.6077127264343378
2018-06-12 13:44:04.027000,1.3486419191622057,1.0128391716398704,-0.7393626109011731,0.8618586291167252,-1.2508213462026614,1.334210333867519,0.10649313236217023,1.1257136265754186,1.39643390731686,1.0421339387914021,0.15822934464938967,0.4624425099724079,0.10561862733311955,-0.6177499426254137,-0.6959355013432902
2018-06-12 13:44:04.090000,1.400005031632225,1.135824107288499,-0.9102881252154598,1.1210395996673155,-1.1959886292977742,1.345294832279641,0.08383904555453783,1.2763384045320265,1.4868872121582273,1.167605411890833,0.10750638177747282,0.6179432277064956,0.08098700085429078,-0.7894931883313209,-0.5835965816089982
2018-06-12 13:44:04.157000,1.4542339278687915,1.152621229190255,-0.979608690059766,1.2486247412875155,-1.0228122985203774,1.4360312161453495,0.01015837418991078,1.3151102602194131,1.5171145508005486,1.0103744020422503,0.15119093644736145,0.5930610723763331,0.05455741249167473,-0.9028832996741565,-0.6631673395466327
2018-06-12 13:44:04.224000,1.4874792028311772,1.1705747199433019,-1.0133298982885741,0.9037281493540033,-1.12264304396468,1.539783007834922,0.019791503816423417,1.4012204688325303,1.5591434325916107,1.2599167072511581,-0.0031808290719806676,0.6543987205799153,0.004429384623096944,-0.9968129679147947,-0.7105569067010904
2018-06-12 13:44:04.292000,1.560151441724929,1.1758212254774727,-0.9965520356416124,1.1227480342089342,-1.082472049352831,1.4811313127299472,-0.035893552463400896,1.518708284282143,1.5937936786794755,1.262459345817156,-0.0829913706787033,0.6376709127160242,0.03157657421947574,-1.066866338578356,-0.7068096704262247
2018-06-12 13:44:04.359000,1.5921613962708054,1.2381902775142974,-1.21332485387826,1.1055131601492334,-0.8529833105196816,1.662122618302326,-0.006970337138808236,1.4546382225502654,1.5067794929573597,1.1813900206399968,-0.011557788436010769,0.6746773465436015,-0.03401158651671782,-1.0634139822541846,-0.8125302163958695
2018-06-12 13:44:04.426000,1.639415262797077,1.2374100343334848,-1.2828251416134826,1.159112348668155,-0.8603872053535725,1.6374096857158318,-0.10667476795465095,1.5582538928273828,1.3614344645435907,1.325415985699863,-0.11301633910314982,0.6092845917164063,-0.09778230847924463,-1.039840452152872,-0.7651614214021453
2018-06-12 13:44:04.492000,1.656566171920141,1.3232690059308276,-1.1188355567378765,1.178856574272932,-0.8923933397232833,1.5964505415108863,-0.0197817312190951,1.4657007201026873,1.3050509468226954,1.3268320734127284,-0.07406244835702022,0.7542053009565138,-0.14327086981523618,-1.1128952352115273,-0.6329095044149058
2018-06-12 13:44:04.560000,1.7262162403086214,1.4262029297573746,-1.244564240224078,1.0612165352305727,-0.7943866843071704,1.5760050271965749,-0.06092379388004482,1.273394709853888,1.3966515062483205,1.2674385222954974,-0.019784201683940933,0.5304461122460489,0.06169614241286392,-0.8238438562241366,-0.7213662048090644
2018-06-12 13:44:04.633000,1.739986044643251,1.3594321335492148,-1.0934801442674777,1.0472531678099581,-0.6855305599938784,1.6730465410676234,-0.07502704995345041,1.241073197495904,1.408244291734039,1.2988821239875863,0.16204554569717886,0.6986517776306705,-0.002380718233890744,-0.9775053428483432,-0.7125458278146855
2018-06-12 13:44:04.695000,1.5870095528233463,1.265917125788219,-0.8850038113146292,0.9475192487803459,-0.8972521841825793,1.6186135489673021,0.11711366764248377,1.2773845007620546,1.3357655405742639,1.291456312581282,0.15621036999787,0.86250437656323,-0.1698562754358945,-0.8469728240785953,-0.5909052018030455
2018-06-12 13:44:04.761000,1.7299308832949123,1.3176890589768075,-0.9363163889832762,0.8791557101342264,-0.8976666020481494,1.5989946548938359,0.09068974608524805,1.3803899638811854,1.446459636299184,1.2210386299991565,-0.05810209397513813,0.5050370488509606,0.031321322410762464,-1.1122631823549358,-0.8403765552781941
2018-06-12 13:44:04.832000,1.768467151369559,1.3589096802900922,-1.1399911071258768,1.0153414340166789,-0.710455802289278,1.7259594649945682,-0.07714804028736144,1.3738409667228724,1.3542901511413525,1.2871423753800193,-0.021436189140073253,0.7492809660853821,0.0030853867624272557,-0.9826639957398641,-0.7800693061721666
2018-06-12 13:44:04.897000,1.753606066613913,1.317494456621088,-1.3356322037286525,1.1376484899556263,-0.5846907936375141,1.7618618374705268,-0.16058862222083986,1.318153540513343,1.2946696215528224,1.2676415445845692,-0.0026762123569639973,0.6686948621673917,0.061755163263701396,-0.933077743550592,-0.6994984294774014
2018-06-12 13:44:04.964000,1.6976808677193467,1.369094816591431,-1.110773069378288,1.1594436090070475,-0.8951859121292223,1.6204204574533891,-0.05328295387270501,1.3796935652266527,1.3361098771499713,1.2104902535799407,-0.08407661526535284,0.5739386215508406,-0.043550185334009395,-1.0253265322477856,-0.6598838147431848
2018-06-12 13:44:05.031000,1.6796327466405478,1.3178256374017168,-1.0268889053861938,0.8991928584208322,-0.7709344649972326,1.6514713847096782,-0.028471259779732028,1.324386308414718,1.4116816006639232,1.2404020391544686,0.013963463623866162,0.6457027167033592,-0.047348169078210156,-0.8979321104768005,-0.864989546643307
2018-06-12 13:44:05.099000,1.6063452503852331,1.2138804181151084,-0.9636495229373094,1.1868707889931502,-1.0457997526297929,1.594311853045748,-0.0016127570633202581,1.3531164290848183,1.5127979641772313,1.2090089028804574,-0.05009394303561124,0.7669761957119418,-0.0705013598133486,-0.9052268165050318,-0.814125614720141
2018-06-12 13:44:05.166000,1.490352824100769,1.1835145607352542,-0.8462300532313893,1.1991422622398553,-1.1915536315548172,1.5052205223237551,0.07295927021772303,1.262399897929862,1.5898005493989626,0.9987091950976114,0.10969182596330476,0.668602521978876,-0.06176771134239745,-0.8764141810274597,-0.61462395937307
2018-06-12 13:44:05.233000,1.5210718517342867,1.164585916327217,-1.0979506907616678,1.1941384848953132,-0.9385152304806109,1.708547373318966,-0.08800853711931358,1.3948298615836003,1.517218415077184,1.0006310735947879,-0.14990420105934496,0.6877366612634771,-0.1209665816577718,-0.768848239968147,-0.5977899966324755
2018-06-12 13:44:05.300000,1.3475257492346118,1.077102545687989,-0.7691465125453218,1.0498233054601815,-1.2083876287529325,1.501201486690511,0.10974471074937647,1.0646807434190608,1.6859602902361117,0.7317640651576977,0.07748749152130349,0.5673701356134941,0.09146236147991826,-0.5227151949570327,-0.6168919887825851
2018-06-12 13:44:05.368000,1.4019651325663807,0.9123773597267355,-0.9267004032674935,0.788129098866609,-0.8185422634999148,1.6124003248676924,-0.052445286117277334,0.9136375606669594,1.7654360866971204,0.7363308085240176,0.10767835792099653,0.5467342354635671,0.12666143409420078,-0.44743808984544453,-0.793652245448331
2018-06-12 13:44:05.435000,1.182434543815373,0.8643943094094717,-0.53083606807525,0.9080840983941489,-1.2033585688775363,1.4038491507092505,0.27662214931115403,0.7111815778019821,1.5650149010591163,0.7619947883647926,0.28986556913491723,0.5902367177258651,-0.05693235515902664,-0.21612202735772515,-0.46467702706735287
2018-06-12 13:44:05.502000,0.814808017159399,0.6777098999450863,0.0034945250945289524,0.7162356418651714,-1.514525766215094,1.0687085108491945,0.7724509955550023,-0.07304730333533353,1.218031419743669,0.7371291634498308,0.5915042755692415,0.2900489789393368,-0.33735756833637803,0.06391665130856841,-0.7582939984175037
2018-06-12 13:44:05.569000,1.0022920902168613,0.8469399156212303,0.12646573859568236,0.7934554117252662,-1.5750209798689168,1.1103494386500934,0.6400268386819411,-0.026057082306600546,1.1906900435387198,0.5565945094776598,0.4389790524461745,0.603708369403614,-0.18195337419082086,0.3550752854103466,-0.3807997534800652
2018-06-12 13:44:05.637000,1.0541379180831894,0.8725517681404888,0.16211754440748713,0.7565690953037942,-1.498208795652506,1.0626084294885911,0.6534198491581565,-0.24595157606772433,1.1753069764207082,0.4464229132715045,0.23308517972687345,0.6224364067074171,-0.12114503329944884,0.43550289586911606,-0.47688953687070373
2018-06-12 13:44:05.704000,0.950847190295498,0.670069763617203,0.23103637080087489,0.7452050889726928,-1.3836831686283113,1.0502263229409228,0.8257115999522702,-0.5926378659545173,0.944306893293145,0.7020650030903269,0.3633601180161112,0.19908420962789095,-0.5679156557550533,0.2535505743255574,-0.733154831185021
2018-06-12 13:44:05.771000,0.9222765721815027,0.7333208087794774,0.20245279502669963,0.8425483235853387,-1.3937066962241045,0.9902149758341816,0.8010826232734174,-0.6711991883158988,0.9494078017265567,0.6747489450103424,0.29139572819318427,0.36021221806068876,-0.5928763575688504,0.2474033749750176,-0.5574909209635124
2018-06-12 13:44:05.839000,0.9805585102196774,0.7353060167099603,0.15614666721800588,0.6915036196718137,-1.4336790560772927,0.9517319521468027,0.84691576294316,-0.662079609928887,0.9091518032203202,0.5693468349686993,0.20015462027542083,0.31926571171124785,-0.4764568157953434,0.3715399861322979,-0.6699276890470187
2018-06-12 13:44:05.906000,0.9419603722727605,0.7486796084348868,0.17488080960801564,0.7334042832747792,-1.3683118719652358,0.8988040214686669,0.9804760249884616,-0.7625356703080569,0.7635234504532854,0.6543817793347593,0.09108612789782981,0.3590843932763262,-0.3717364552774139,0.41050903951209716,-0.6480664360962988
2018-06-12 13:44:05.973000,1.405203006257885,1.1683876146043217,0.16926109591009655,0.6610389142223043,-1.4963183591499258,0.9242857454551185,0.9360616358717431,-0.7847335035022666,0.798711253006922,0.15966886664130023,-0.065992694766595,1.0601199277747129,-0.20043345366423443,0.5530692599347389,-0.20030654795513209
2018-06-12 13:44:06.040000,1.52834125867986,1.1882130463100666,0.35275274147750235,0.6074588266448857,-1.2605871725815363,0.8838313491611874,1.1506213204415858,-1.0614033586857634,0.7151901269703558,-0.14472714338963866,-0.2012306794093585,1.0584804938911276,-0.13818171646788796,0.3781448549384494,-0.3155066477379389
2018-06-12 13:44:06.108000,1.4907351796125585,1.2058946633147531,0.1299854827080741,0.5990349760931817,-1.354538658392851,0.6285333922788987,1.3424114652073071,-0.8717359876880886,0.5382210740370564,-0.2469509669677697,-0.20862327752379303,1.2582001134918492,-0.27148964259015607,0.5103949940086484,-0.01693385207310126
2018-06-12 13:44:06.175000,1.5334834587867134,1.2641632868898864,0.1981384273150613,0.6709228687953686,-1.2679781115549362,0.5506504578511371,1.5794943083863422,-0.8090669544532004,0.39812904072536504,-0.4184064187569587,-0.14978684214748003,1.1955054270576313,-0.32530042175770046,0.4972878429011136,-0.07222433444329267
2018-06-12 13:44:06.242000,1.5514680830625722,1.1703278057086675,0.1416603122696682,0.4504590865882848,-1.1294934574732556,0.4466770785198177,1.6548866322607863,-0.7849000383336193,0.3366694915008188,-0.5111219438670906,-0.15953016816419915,1.3294917820329606,-0.2869710380692203,0.5448394442859615,0.06684546882226094
2018-06-12 13:44:06.309000,1.5377368035142482,1.1371296026493825,0.04663068995271011,0.42887615400223833,-1.1190955671079648,0.4119928367321711,1.9043949999078769,-0.732442220505591,0.2559129063492911,-0.6747254579599,-0.2025371472976815,1.2779016338334341,-0.1995514541792751,0.44745919148902846,-0.012193285375905139
2018-06-12 13:44:06.376000,1.6235559264207517,1.2335158738372416,0.09476280046887747,0.33693447707058277,-1.0041197970635012,0.17421849832160638,1.860052085278444,-0.7917179155132049,0.2423830882701472,-0.5992637531459916,-0.28463498789724617,1.3960634982828224,-0.1909555622242916,0.43967549843481535,0.06148365242678211
2018-06-12 13:44:06.443000,1.595091102901053,1.2545307300681154,0.07618925090596651,0.3761001906174595,-0.956379634380252,0.1865094322236757,1.9122395209524843,-0.7455039470587604,0.21020917503435416,-0.8095419522647761,-0.24986785565776573,1.4146684537432006,-0.13488250529518953,0.43624374329317883,-0.04317104555115167
2018-06-12 13:44:06.511000,1.5341224536805536,1.3209232551971444,0.049388034366637024,0.41813555002510217,-0.9620726909596643,0.05717128246331945,1.9772550878740245,-0.715048098804192,0.008989887355727616,-0.8188127200373203,-0.273583009276804,1.4470245194689424,-0.2520810152530565,0.5188525786738207,0.09536257641391559
2018-06-12 13:44:06.577000,1.5350220437264288,1.2093419077456693,0.06798912818599434,0.5215562996762557,-0.9314360605313651,-0.0488010201068818,1.9540554876713352,-0.7363986636194778,0.06723802947303961,-0.8742859234060549,-0.3275009025742174,1.4412030533845406,-0.34524691775785876,0.5089112036456127,-0.00916372826261122
2018-06-12 13:44:06.645000,1.5977618375559364,1.2459205079497444,0.10187446626199276,0.26860598127868573,-0.7525012280221993,-0.12016452108458817,1.9279772949485188,-0.812462118693958,0.12094496301763041,-0.862916534671824,-0.32869810251731213,1.5432138858342395,-0.27883073279247794,0.3942872047793715,-0.11538579289885746
2018-06-12 13:44:06.713000,1.5102421305013012,1.0888385690697853,0.015754786380806338,0.3136890819129333,-0.7840608089450953,-0.20221150289209722,1.9782246774117622,-0.6927897816972091,0.11359093453151942,-0.9174320123067609,-0.3404773626959211,1.463115587428074,-0.3197416387944882,0.40225600692167107,-0.33615282106513394
2018-06-12 13:44:06.779000,1.4094616316565975,0.86399067507159,-0.04711142710215494,0.24734476994345525,-0.6222467686675992,-0.43780217182052455,1.8131957954290323,-0.5809725389392119,0.23980665934288303,-0.7538295302200407,-0.3019544756803887,1.6881512800029972,-0.3131374328627012,0.454612464415474,-0.06067760364859502
2018-06-12 13:44:06.846000,1.5879836863232915,1.1235729183015863,0.09289866280327683,0.3780284105877397,-0.6829215114248448,-0.4369488003021623,1.8807976273844385,-0.7329174399402157,0.010501084093509694,-1.0949249342994505,-0.3240598822449303,1.601875379689003,-0.5103523632823759,0.4313082380112724,-0.15519121474259678
2018-06-12 13:44:06.914000,1.539479389480849,1.0728466401773653,0.14621243201715464,0.40121020911830996,-0.6514496844846582,-0.4841900308397045,1.842687674327482,-0.6903433692497482,0.03762061161806196,-1.3524302218962538,-0.3389071692327674,1.5509194392648729,-0.6550463811394666,0.39119176657717103,-0.24785485758999576
2018-06-12 13:44:06.981000,1.6569124157677528,1.010253727055598,0.1466803667548606,0.2168053408432057,-0.5613549162198728,-0.6918131762551594,1.7321656940555479,-0.6770177356210353,-0.03297333275560527,-1.4726667806246834,-0.36894852169910886,1.525007048650005,-0.5043832927554768,0.3172600835832773,-0.358444417806075
2018-06-12 13:44:07.047000,1.616543831525889,0.9727710605357511,0.09344823548696557,0.33958877941202703,-0.594863691048523,-0.8032127562370606,1.710721589059387,-0.5298449189033052,-0.16600515977510336,-1.475616815329841,-0.32770847825337723,1.6387590124113336,-0.7313111774727213,0.4570633441044821,-0.09140689956414493
2018-06-12 13:44:07.121000,1.6774451269749697,0.9618508906849375,0.19057357541690054,0.18335400041745184,-0.4879286892187493,-0.8224056138598929,1.5923082071802779,-0.6352256846147066,-0.12350329230569941,-1.600947962535498,-0.2758272394821706,1.6003053113102141,-0.7194156038354376,0.29070597762351946,-0.13712057496959884
2018-06-12 13:44:07.183000,1.8205147669147417,0.9754242368660779,0.29318736324842776,0.10913226839783483,-0.41673101694465287,-1.0844320780515486,1.5505399689654094,-0.41690380903629665,-0.34508687446416125,-1.5958868908948887,-0.25977357100964704,1.470772973164129,-0.7314945891795853,0.312654032233028,-0.1294641525111399
2018-06-12 13:44:07.250000,1.8454050205522998,0.9128487005575803,0.273710076792417,0.10839156526850122,-0.35952317228356484,-1.2242073937290912,1.509525628582459,-0.2962815762386773,-0.4153777733536014,-1.5985368736477161,-0.1765689587252536,1.4888104656251073,-0.6997459566873026,0.35378568231677576,-0.18630416465175437
2018-06-12 13:44:07.316000,1.866493512370722,0.8937162670075802,0.39670816019459065,0.09299100064407992,-0.1595557672671277,-1.4821038327991058,1.4384683827987517,-0.29473530830484873,-0.37182222711704027,-1.6979743216938892,-0.21915207638955267,1.4119806392454075,-0.7856312433697378,0.344251212913661,-0.10512499689691952
2018-06-12 13:44:07.384000,1.905772110468984,0.9888944704385745,0.36617281582569483,-0.03755744286148403,-0.13729374924688934,-1.7021508404760093,1.391173420844908,-0.23490652891143685,-0.3463512524305462,-1.6851730653553059,-0.22925239349866375,1.3360870582033284,-0.6738008874292151,0.470607351052569,-0.02338440946870729
2018-06-12 13:44:07.452000,2.0343085349790426,1.034553214996674,0.43711043714076914,0.04066949509134479,-0.06458227518651738,-1.8718158603530297,1.3431828088790394,-0.048407019149891976,-0.5253345748149792,-1.6430726275477636,-0.065188744244807,1.4086428998950868,-0.8507854780603529,0.5506801550457867,0.11445925951016331
2018-06-12 13:44:07.519000,2.005571186787205,0.9260916068436313,0.46247866407768634,0.0770849984875798,-0.018510402638239054,-1.873164882965143,1.2844222223462967,-0.028031262435431425,-0.505132139678485,-1.6770788563877383,-0.0274013625493868,1.374738522254023,-0.8651999940694277,0.4856933876176175,0.04921118206616205
2018-06-12 13:44:07.586000,2.0151723559393,0.9556464610220732,0.5063855119925821,-0.041483351018671566,-0.023283179956204825,-1.8670501301131017,1.3337057402574897,0.07916865675853138,-0.6029102434142308,-1.6224390523827519,0.08480587460082252,1.27348163621338,-0.8297622467493865,0.4898780142426732,-0.08251132358178921
2018-06-12 13:44:07.653000,2.2957362775379915,1.2154463864463467,0.015292985518573138,0.261351077443998,0.3706960781785975,-1.9805140680630506,1.109824510413103,0.1385357050997815,-0.6346321805952803,-1.5130297652330862,0.12171091600998285,0.7498938481014111,-1.0659010313733819,0.48730663737674007,0.2171058852014382
2018-06-12 13:44:07.721000,2.4326809425192923,1.2470754858941264,-0.10161634003815609,0.14435018200483715,0.578159225504493,-1.8741125081635264,0.9890842802547403,0.32916332595993014,-0.7653394573023661,-1.4419630849051637,-0.151614544706046,0.7616034715328222,-1.2176253608024603,0.15939584668808224,0.19760380587601767
2018-06-12 13:44:07.788000,2.236202030192663,1.106156869001846,0.07125780028501336,0.16458986876621903,0.36411447723088053,-2.0762864592618735,1.077749174388823,0.18505771430738063,-0.6808950597849227,-1.4480175343167296,-0.10492704392733457,0.8057787834194797,-1.2464561965237948,0.4010058078634544,0.22305909885777747
2018-06-12 13:44:07.855000,2.533830123164786,1.230933586422646,-0.06577607953212358,0.0444972533823462,0.6731564721049849,-2.178503885384773,1.053095514624528,0.3937426218528585,-0.5731480445030929,-1.20546417455098,-0.04469452678461627,0.8482553460481695,-1.2752125307000668,0.26085441289543937,0.1309309944066679
2018-06-12 13:44:07.922000,2.6129423158833953,1.2555146939053392,0.06295427685451796,-0.1227942148300179,0.9046825928852031,-2.279350611641356,1.1803127392249837,0.19402215793931765,-0.30655436119174695,-1.3072278542769675,0.18733034545214317,0.59062438871711,-0.997139672488734,0.3573238220077324,-0.21243599190866885
2018-06-12 13:44:07.989000,2.5061067839965068,1.1498475155707832,0.143869731769833,0.049181596563522806,0.7677609645136327,-2.386894018618146,1.1744669904945382,0.33615116555993574,-0.4400812319086093,-1.0673984951698419,0.14729242668777287,0.7941804341148385,-1.1145162742247217,0.47357032298244284,0.056132410068450475
2018-06-12 13:44:08.056000,2.5787754504388447,1.2059177575345061,0.2705951964715837,-0.07949009775345889,0.892329977302563,-2.3790174260883368,1.1354002525524023,0.27558112275800034,-0.3383095045244859,-1.0319443421578183,0.15540209891202736,0.8898068019442192,-1.0877929547826932,0.21966887868751775,-0.19740502781167552
2018-06-12 13:44:08.126000,2.570461146854953,1.2258238808559974,0.2675239860456259,-0.0394479713333587,0.8662218377147413,-2.4249149240720262,1.1406240825955867,0.2085275638046924,-0.32924341495526827,-1.0712115098125974,0.14026070423238354,0.8962140583579186,-1.0138390800863677,0.3182040272499427,-0.2201988183099921
2018-06-12 13:44:08.191000,2.666502054273013,1.133269122399307,0.14662986264887326,0.0445864998455309,0.8809590621671262,-2.446640095003104,1.121017707767388,0.44622377095505744,-0.49944536328743544,-0.9562394020601311,0.1688214854593097,0.7096821640534522,-1.078269675117956,0.40501829431533487,-0.061870332212205684
2018-06-12 13:44:08.257000,2.646959050790489,1.094940208615657,0.05442685934677996,-0.028835204848218665,0.9426667005406673,-2.352713659014012,1.0847904940827728,0.48895369446954734,-0.5750686152850113,-0.9393506873167387,0.10611179504859669,0.8359474196030044,-1.0715063008185517,0.433710760563602,-0.1794488253089151
2018-06-12 13:44:08.328000,2.6357287692519416,1.1041556668240717,0.14970745679367867,0.11089212866230255,0.816526074609774,-2.4610128696704687,1.109735968404172,0.4512996962547711,-0.5285712567854147,-1.024723632222639,0.23649123076669004,0.8007842379843969,-1.0010136079318928,0.4133709014221023,-0.20263012003713354
2018-06-12 13:44:08.392000,2.66182275279756,1.0728448353385982,0.1757182139931964,0.051783302988393426,0.8892090976587788,-2.448555063104708,1.124215638680877,0.3588595207427256,-0.44066039220244857,-1.0513236893149744,0.14633943209820224,0.7284565446635672,-1.080546155057144,0.5673922479837045,-0.06773118375189112
2018-06-12 13:44:08.459000,2.654787717078807,1.168770433141693,-0.005133141682233527,0.14797852839623868,0.7653000492090036,-2.456446153945046,1.0772108457858538,0.36968884531579566,-0.5212926268437056,-0.9894523785106039,0.11271841994616513,0.7127015551491928,-1.1091789454846386,0.6784215523758584,0.09198576324380134
2018-06-12 13:44:08.527000,2.590445697814598,0.9698481334168136,0.18241760443355756,-0.008017262455888963,0.722648321309965,-2.441448664878265,1.1428600272264697,0.30903528854120105,-0.4565170296759069,-1.2177472192370868,0.1110209551789115,0.7328227943828246,-0.9573415434948159,0.5323477687829367,-0.15117748968598677
2018-06-12 13:44:08.595000,2.614643530121471,1.1328920177796908,0.053622038573963776,0.12445854354451005,0.8528035958482594,-2.3645272672920106,1.1624118567944932,0.3315053208033964,-0.5327046227323202,-1.0356863687874678,0.1816882810983732,0.8614441747877495,-1.239295325902111,0.5805324987693081,0.10684497077148465
2018-06-12 13:44:08.662000,2.6283737683312314,1.0772120059708337,0.02802649058377274,0.10150372002795874,0.8344800457516306,-2.3836895505427824,1.1145400967230215,0.34455699160236897,-0.540760657077262,-1.130333991189171,0.17546604868934929,0.7857479880809455,-0.988995993893685,0.5022735856945338,-0.01904748799783225
2018-06-12 13:44:08.729000,2.6420460650255544,1.034669620197393,0.03473165872897102,0.09713484822597665,0.8124484162285945,-2.3975928532990767,1.1293597378147053,0.4838041575387036,-0.560522595020251,-1.1180011673535462,0.03365459237750512,0.6836538890503393,-1.060638717893363,0.49678784365584083,-0.05546763278794471
2018-06-12 13:44:08.799000,2.6175797341449547,1.0292542788790644,-0.03050912851799767,0.24776979293481696,0.7159651398764362,-2.5046017212403866,1.150372117104618,0.3220446769437967,-0.48985557350886677,-1.1785889423480835,0.08173241194397685,0.6830164441836352,-1.1563671983878536,0.5036376531538046,-0.05434937665922393
2018-06-12 13:44:08.864000,2.6662598005618756,0.9863417057549695,0.12416040531216524,0.1503126319390777,0.8627694023269794,-2.582206601868219,1.126489537802294,0.18457303400575684,-0.43276082082262396,-1.192142139206049,0.16057493293672218,0.7976563093518304,-1.1182780708179294,0.3335308857826106,0.07573584462348375
2018-06-12 13:44:08.931000,2.589510118956534,0.8472444279409004,-0.037068541513513326,-0.047707678804761525,0.9695885213879047,-2.401473796482413,1.1252394783526256,0.33727425631343305,-0.6814213041809822,-1.1777301425107431,0.06264537392592118,0.865396950654584,-1.148879809134188,0.3013999952422928,-0.11058043252158097
2018-06-12 13:44:08.999000,2.513750013096981,0.8033913022970598,0.011573735808244195,0.22473702249965946,0.7887035157876718,-2.454660364315639,1.0264106263783277,0.3721760758465866,-0.9929895439606082,-1.115551785884012,0.2091576058370557,0.6602937365440679,-1.0343175116612757,0.2572357417534416,0.012021386865187972
2018-06-12 13:44:09.065000,2.4263588677667345,0.6933377383786601,-0.019355794391090114,0.09313314297835001,0.6616420769749636,-2.388818318897662,0.9380498258912725,0.279030614022231,-0.9910427601113098,-1.2158687291186494,0.10295245349561495,0.6799409093644699,-1.2417631676560115,0.28118909562216776,0.18221481596782402
2018-06-12 13:44:09.138000,2.5319995924888303,0.778907357378029,0.0835629526566121,-0.15047184181924955,0.7345353606714349,-2.268568621642801,0.9577596239329741,0.11339286948214924,-0.850513585618454,-1.4548145448539511,0.013912469255601356,0.5265169380540796,-0.9918140091197509,0.08134582080989902,-0.04759690765206749
2018-06-12 13:44:09.200000,2.477332118291482,0.7607945686807351,-0.12433326578720769,-0.006682345840206411,0.64838105058116,-2.152679005343768,0.9937700062590966,0.22213543255082893,-0.9615721181593405,-1.330027421951562,-0.18873692250935944,0.5759965053574932,-1.0092862109027343,0.10094686416610935,0.041300939965124
2018-06-12 13:44:09.268000,2.415154195805158,0.781289610955882,-0.0994185692286623,0.050591764973987374,0.6273149770966453,-1.8763828888509333,0.9651908378579938,0.1809949766413956,-0.8815092218480735,-1.3413442691064104,-0.07370330554650742,0.7607070358130918,-1.1368804935215953,0.22826304111388282,0.18848913000445727
2018-06-12 13:44:09.335000,2.296228294224302,0.7070809850780293,0.0422211753320674,-0.010927438613614532,0.3853677729616596,-1.653323059426878,1.110483573054541,-0.2524816132736794,-0.7773375202647657,-1.54166700235786,-0.011673144718879175,1.1045837743228288,-1.0041955789281605,0.2635234187749459,0.17266624172622308
2018-06-12 13:44:09.402000,2.132686002854796,0.8105972877571688,-0.07810837670944046,0.2077985084408104,0.12446046281775625,-1.1263688384729726,1.2227389431558655,-0.3297519025866136,-0.6994936999503132,-1.5339308514080683,-0.24226487710081465,1.2382598257375936,-1.018558414931464,0.1581090042131849,0.07197196513718698
2018-06-12 13:44:09.469000,2.1458745533385652,0.832587153075945,-0.3871312649366271,0.22095705330124862,0.11185634328324212,-0.8623161784019959,1.266143162894573,-0.28187730543395345,-0.6484849722857338,-1.4639844679197442,-0.49659214138061036,1.145033819739817,-1.0337508156222965,0.16249249225235893,0.028059565399154107
2018-06-12 13:44:09.536000,2.0320720167587645,0.8525465709103546,-0.2303411914357855,0.10680072647931824,-0.0015009730642477903,-0.713221681594581,1.4763294502166673,-0.3988426756297848,-0.448523915107361,-1.1380349298840677,-0.30517643615343626,1.239924330937919,-0.5948336892620267,0.1326985163086835,-0.16018345275782736
2018-06-12 13:44:09.604000,1.8356120247699046,0.8020896044887302,-0.28939078561815923,0.2362465293134309,-0.34946249699361887,-0.5003175800094648,1.700960781482313,-0.6044990869288034,-0.17984523371413477,-1.0210482770651073,-0.32495210003657715,1.2985551784758727,-0.4042733371495333,0.29641386577540574,-0.18331426384656524
2018-06-12 13:44:09.670000,1.887872404203911,0.9302466151793674,-0.5042599482666357,0.032976790628535285,-0.3414009054671506,-0.24944318134743218,1.707406891883593,-0.6275667835302631,0.06021382846679768,-0.7913258602158313,-0.4928067466763306,1.2119383807116693,-0.430443742326338,0.23052548266925205,-0.10760815426453506
2018-06-12 13:44:09.746000,1.7118812883670693,0.9568842640591881,-0.3185165526992241,0.2438011177912253,-0.41602657397064685,-0.024803802597612327,1.8160139186628226,-0.7840212886627307,0.06902489083117785,-0.7396217462283766,-0.24618872661259164,1.379426153677716,-0.43211436533768477,0.33125136628271845,-0.05938099708754255
2018-06-12 13:44:09.805000,1.820004449602946,0.9323244058875635,-0.4226147162223335,0.010331529730635725,-0.28403638867776876,0.08102591185003971,1.8327271972970145,-0.6794085159750127,0.08977027954456585,-0.7611360337858067,-0.47001546860827514,1.0638357042010003,-0.255364939501433,0.16720883792143496,-0.3171242791949143
2018-06-12 13:44:09.873000,1.9799226002904415,1.1886828771562992,-0.49812783555483275,0.38938210921999084,-0.2604977709580057,-0.13154353861011378,1.7925043335690045,-0.8842963230782425,0.071548741885335,-0.7358580332369093,-0.07270483156298291,0.9721513225955981,-0.45810618817446475,0.34208297606176885,0.10574970314270611
2018-06-12 13:44:09.942000,1.8990295907921864,1.1098005813781653,0.1457671465641669,0.00928949080867933,-0.6850490163250413,-0.2164358190860066,1.935516629836453,-0.9458311017699376,-0.0148840392672063,-0.8142547979115243,-0.10144544419561433,1.5388552533318216,-0.34209893153213367,0.24005280450024016,-0.1871656898241027
2018-06-12 13:44:10.007000,1.8895565557167213,1.1504393208479817,0.12577755184823602,-0.05133782260853528,-0.7493714336230102,-0.1648057112349543,1.9791258951227393,-0.8296450207588613,0.062487460827384184,-0.7146248014739194,-0.07591854143941942,1.418573293670799,-0.23327316289222905,0.13671667415332167,-0.25140956487965505
2018-06-12 13:44:10.074000,1.8655654184236878,1.3183523852599242,0.1252885417575544,-0.030836084056900304,-0.7803678872653343,0.06483523039861372,1.9893652323620752,-0.851824249680076,0.19073733861472753,-0.6830125775716411,-0.029595720951023446,1.4262390174645052,-0.25434126821292974,0.14900326247342793,-0.18351334185886442
2018-06-12 13:44:10.143000,1.5592349972382458,1.254072193436489,0.042990737535169604,0.06026612973398074,-0.9445697344160998,0.31257146005776654,1.9141275493625347,-0.8661635348248005,0.38916838618369387,-0.42049967344855776,-0.12576568361716842,1.2998512920139302,-0.10795413555555387,0.35992507638590954,-0.176837109635807
2018-06-12 13:44:10.209000,1.297309433189223,1.1028671869483586,-0.17828988758601189,0.44584338049922423,-1.279600326188031,0.31565456559218463,1.7004933357917928,-0.7299118970737957,0.7729547175244891,-0.00765780060495104,-0.2763970805476694,1.1939424019849096,0.006204881520658803,0.5651361127403527,-0.32387719837196105
2018-06-12 13:44:10.276000,1.246168252727653,1.1771540522626132,-0.14870211246578688,0.3096467257277844,-1.2885552016995003,0.3588674304008338,1.3021253148413128,-0.8959820703835213,1.131721494888728,0.10772439161136832,-0.314149095991066,1.2681485694307413,-0.08333187144617503,0.5564226376213918,-0.39298024625997174
2018-06-12 13:44:10.343000,1.0469117526992657,1.1053624512991753,-0.12167622536334523,0.4433655228003962,-1.3969865540977584,0.5200547112106659,1.1002138954105045,-0.5797898079016995,1.0196941430776922,0.3178408570468525,-0.11627963133269267,0.9238746230735047,0.08287879245959778,0.4770251198371571,-0.28137218239614314
2018-06-12 13:44:10.411000,1.033571196869934,1.0249879434842533,-0.11224903594756001,0.5222745572035289,-1.4848753824410599,0.5646770558693068,1.0248368715803653,-0.4872981596178753,0.9350308722174786,0.4696381001909431,-0.17982019232073174,0.8168143335444797,0.24651324266857222,0.40933057033246134,-0.33003673455363997
2018-06-12 13:44:10.478000,0.9891939945501225,1.050751295003734,0.010709176066149712,0.5179246394215498,-1.4239586160469315,0.6348344910541723,1.1072814240779607,-0.5753750798354826,0.8705740342476188,0.45201322998370164,-0.11652049213529617,0.6250042165035234,0.12246634549389188,0.459369646395813,-0.39923612326952773
2018-06-12 13:44:10.545000,0.835515621926934,0.8211083848339029,-0.12053146738733049,0.530103869274701,-1.4497561387460747,0.5435598327371786,1.0596351430844386,-0.6486478247199543,0.82084918789094,0.6480204054413525,-0.011081344894265793,0.34197994540732235,-0.24334298751201353,0.37105891762377585,-0.5567385372159304
2018-06-12 13:44:10.613000,0.6644504142722778,0.6112109243183828,-0.1212648534211528,0.6186440482625919,-1.4169871503178963,0.604068430905105,0.8762150520542505,-0.5222344777916453,1.0580919192795633,0.7604098826017297,0.1368596410638287,0.5097730823791498,-0.2833361781638524,0.3783494377527048,-0.3588157690513773
2018-06-12 13:44:10.678000,0.8003481504198859,0.7852133534685362,-0.12687160194380148,0.5522248261819602,-1.552235055314349,0.7077662385843827,0.8635083080451451,-0.4129816818142039,1.1719115249050511,0.5316071795310084,0.04717072574835726,0.5458368413248,-0.02181951456779034,0.2902932739551082,-0.36691820779069645
2018-06-12 13:44:10.747000,0.8432697324061462,0.8629953001393351,-0.1525008015893729,0.6250331132185875,-1.5923604747793525,0.6568006326216681,0.8568923336305656,-0.38508623723745306,1.1017699298228547,0.6954030243807653,0.0809671323678735,0.5647769449927107,-0.11039754100323043,0.24283541859824256,-0.3298021057698496
2018-06-12 13:44:10.813000,0.8989503222799442,0.9688923825733338,-0.1681118646563725,0.5543407168659218,-1.5858849176024379,0.6713853692807542,0.7649095943398874,-0.24615362994976447,1.1842540358919749,0.6089372922235113,0.07840319166390639,0.6943696241887528,-0.013048467051256687,0.32179653809915665,-0.32541405930504536
2018-06-12 13:44:10.881000,0.943768112917029,1.046839036904336,-0.028787270000920115,0.4051931446338043,-1.5021142420909228,0.7748046572453559,0.797905011787648,-0.35517764022134174,1.179642192304081,0.6609730335404029,0.1251490265098169,0.5934874860709356,-0.06337515843642125,0.21115745420579768,-0.36441990711358563
2018-06-12 13:44:10.947000,0.8196842204106352,0.9468696905415823,-0.04587198271498467,0.6573637162563769,-1.560058208731253,0.7774044934379877,0.8163170575972059,-0.23794463792667359,1.2112449119243087,0.6008189052177899,0.17882851005762862,0.5540919602278667,-0.07682514215299277,0.2263246292932326,-0.3342854728089155
2018-06-12 13:44:11.016000,0.8329617573317356,0.9180832267135528,-0.0393786139156858,0.5988147085455002,-1.6425074282452252,0.6743454476826396,0.8299421387860381,-0.1080625480083221,1.2097512569377873,0.7756420781052513,0.21227988716740237,0.34482166850107165,0.04790268329196426,0.10750996045534425,-0.24437414136952218
2018-06-12 13:44:11.082000,1.0505001523126696,1.0924195679639523,-0.8615040511177462,0.9007231850341564,-1.1467003120168087,1.170796395630391,0.48331851478157406,0.23912856999333812,1.3142186278565529,0.660239450341009,-0.01540566418212716,0.2646289093855722,-0.1252140459456368,-0.12811114705012383,-0.2650262635811115
2018-06-12 13:44:11.150000,1.097560499610574,1.1083614250556144,-0.7400461144433417,0.8979274219678333,-1.1374210314315834,1.2501060495189262,0.4988307591685964,0.4119574730676121,1.2121504844714726,0.8175867463364178,0.07371578001253987,0.28839730378683087,-0.16542760347778301,-0.28830081034145527,-0.253639707888008
2018-06-12 13:44:11.217000,1.2068387415367763,1.1496519470326447,-0.8198863441034971,0.7114914938010499,-1.1370984432988878,1.287210286197717,0.4516266431285185,0.4222268093470815,1.25604697481115,0.7272033490980836,-0.08937348414601617,0.2748270155943941,0.04922846340543666,-0.372331300924585,-0.3065516460717438
2018-06-12 13:44:11.284000,1.317146779810746,1.1448536348474667,-1.035497356664026,0.6492036215316701,-0.8919492934834983,1.506486502992292,0.33564752166853684,0.5097356692112186,1.1170069360334511,0.9183582488486763,-0.17459416092302685,0.5550310618226189,0.00375134946185135,-0.3801371890001898,-0.43393624092278105
2018-06-12 13:44:11.352000,1.2822690328122812,1.2053654540723513,-0.8907891496614151,0.9468352020972484,-1.113630766981074,1.3471959598409922,0.39487175205006103,0.5423086776898547,1.1293119122627657,0.7607061776301715,-0.13522928695758743,0.2926338237131982,-0.12052880496538035,-0.4530487120773893,-0.26968887281202747
2018-06-12 13:44:11.419000,1.281629929612632,1.17919421987158,-0.9616234083612423,0.7705953286111898,-0.7600829917744647,1.4715787524564554,0.39193627312751667,0.27126245673219845,1.0334049763041908,0.9667230235138421,0.02015282913665903,0.48026381912177396,-0.07163007741140201,-0.1255757844098425,-0.4441783980751794
2018-06-12 13:44:11.486000,1.427597200050601,1.4697820196124067,-0.7641176812321973,0.719927067941708,-0.7380975388922997,1.4229339938955818,0.48227140582863137,0.11778291793289644,1.156585125685603,0.7798786972111881,0.03581458285760225,0.20623360406337543,-0.11822410993183322,-0.16033512058335606,-0.44541562941491314
2018-06-12 13:44:11.553000,1.4392048167716385,1.3924131154689356,-0.824715009036028,0.7392000694277953,-0.898006687543247,1.3300607877195643,0.5043499326760832,0.2361344910864748,1.1191890613557556,0.8029604634325556,-0.14750664742204864,0.18908884787736543,0.004727431936178306,-0.32394285439701564,-0.5272162819348255
2018-06-12 13:44:11.622000,1.3251418947973428,1.4319170582479606,-0.7254716452983263,0.8679218110153843,-0.968187971695432,1.262503736546005,0.4877760148801121,0.13261057818135652,1.0267002650631243,0.854994858243653,0.08601740194220742,0.1976602140839917,-0.10342839072012469,-0.4118353251194212,-0.37786757966252504
2018-06-12 13:44:11.688000,1.3656223801434035,1.4674577549935843,-0.62175740186178,0.7767886962898528,-1.0262391315990507,1.296347548215573,0.48161689324625717,0.269496267632597,1.083574728742036,0.8792615195529232,-0.05380930212182905,0.15984720133078378,-0.13572867203477718,-0.31405259040650413,-0.2416120221382349
2018-06-12 13:44:11.755000,1.387985756943661,1.4458555693587036,-0.65951172341088,0.8367487229968409,-1.1407557057207556,1.261378630187441,0.5409532578517185,0.31620736117616255,1.1823173967859462,0.8212907402051904,0.2153173162876802,0.17902591007157326,0.11798691284418544,-0.3252765221131748,-0.3539089564037269
2018-06-12 13:44:11.821000,1.3515777820101684,1.2570982890912978,-0.8434731824628481,0.7315371384292104,-1.0030422693509067,1.430638535225657,0.44476998894802133,0.43765595955422437,1.099398821790602,0.9294108668414086,0.1240525952516103,0.30493330856230094,0.1126703330334502,-0.2917853614330953,-0.39990613947212245
2018-06-12 13:44:11.888000,1.323297410133974,1.303256035800171,-0.8226928361978166,0.8226603308908057,-1.017141867859582,1.406718514107022,0.448602830311837,0.6272531078022227,1.15780494701237,0.9038789186381309,-0.04412617090969062,0.25519220133947573,0.012417098175040886,-0.5198301698337481,-0.40565468900372204
2018-06-12 13:44:11.957000,1.3761654013502587,1.3247926618521524,-1.0191916916857913,0.7986136065543428,-0.9798193750665317,1.4306850311748658,0.3241733952124022,0.7488908469490343,1.1010495167465617,0.9091434018100677,0.03178201748554396,0.27710800040004396,0.021382810348673426,-0.433436597698276,-0.4098899911362122
2018-06-12 13:44:12.024000,1.3445980825446515,1.2179764058956353,-0.9745777380059247,0.6010191425032292,-1.1172699982636418,1.332838730579461,0.39326066652580627,0.6674667394510385,1.388600552363338,0.8663841518107502,0.08843982752251894,0.0951066847471973,0.1119195105701295,-0.42983145365580444,-0.4933901560339345
2018-06-12 13:44:12.091000,1.3274895551758772,1.2133744399790343,-0.7019833604784345,0.7799672316703514,-1.2731147283987536,1.2657650520094879,0.3990484663222109,0.7588196697843651,1.2437094265557405,1.0082396308062487,0.1431775626700915,0.5017426486445284,0.06671395969344171,-0.5599299685939984,-0.38589026793706505
2018-06-12 13:44:12.159000,1.4583416774791917,1.3125570249363063,-1.1679612153694805,0.857634867326426,-0.8572829568227348,1.4411471353611196,0.23818243793853627,0.8658554477798387,1.2227217024698822,1.0920177823460215,-0.07824606088957606,0.3449299696210583,-0.12064207047094083,-0.5176837158961616,-0.43064130809698653
2018-06-12 13:44:12.226000,1.4982446298444607,1.2807762842828372,-0.9693445005538059,0.6580593000909402,-0.8703456032374849,1.3891736221466464,0.32398247496126414,0.6666111677631851,1.3777352605855175,0.8993786771476427,0.014826652217367176,0.2429936309777655,0.3354102770836217,-0.6421188237019629,-0.618594511428012
2018-06-12 13:44:12.293000,1.4984925853176958,1.3590139172055953,-0.9241695434503571,0.660690863184803,-0.8901760813212953,1.3961156289387397,0.2632652421672056,0.562348377732078,1.3799025246108925,0.9447890524332198,0.09835665679579877,0.42790507245011056,0.12870870515586758,-0.47333893643259084,-0.6794013278179977
2018-06-12 13:44:12.359000,1.4500658385148166,1.3078781711488299,-0.9691906426642998,0.8993488053647294,-1.119355899099498,1.3910554449876342,0.35005302290800916,0.8759090427728979,1.233434157914338,1.1541273022871126,0.08897769957507942,0.2639380670390246,-0.05181931257339739,-0.5841058724207816,-0.36293600147415245
2018-06-12 13:44:12.427000,1.613445954395612,1.444837070032825,-0.9050884160798226,0.6310967683845115,-0.9128110942042567,1.3947337178153711,0.3317643324377699,0.5537034592561164,1.4118443318673326,0.9618024299412457,0.04484328483869032,0.4150669061545733,0.05125947360970701,-0.5558550808459244,-0.6619831977571302
2018-06-12 13:44:12.493000,1.5595258240423417,1.3042290554821823,-1.0867682201557853,0.5142787373664499,-0.7875740250995921,1.5253870711733195,0.28179960384977454,0.7597184080674174,1.2230112583463697,1.0413831008605405,-0.008962563603298918,0.3410121991130492,0.09364135274648266,-0.5928656031283296,-0.575897515258578
2018-06-12 13:44:12.562000,1.4864831078744531,1.3085182680042569,-0.9849433888564053,0.7495574625243364,-1.0449507768525594,1.432557893557595,0.33514448893985144,0.8762537197514698,1.1132759131679708,1.1144824659283832,-0.013184418365384004,0.3355024519930874,0.03279539130223108,-0.5493357961868366,-0.42546339416978524
2018-06-12 13:44:12.629000,1.6053079759216158,1.3636440546010462,-1.0866080660713398,0.8125114260025909,-0.7550783683950306,1.4929273744386025,0.20227195220100697,0.7802163134809695,1.2799447167060327,1.1339381827064479,0.07278768104654068,0.2752118303013542,0.051318651889962985,-0.5844083011858762,-0.5677675087766534
2018-06-12 13:44:12.696000,1.5165559127218482,1.3045464369683497,-1.2224085647838379,1.0099607336006367,-0.7990624625609827,1.5086966744775738,0.1384944988226804,0.81513167287489,1.3296108512939213,1.0761974588785663,-0.0053881120264147875,0.3166103889570535,-0.0662551558825577,-0.4187764901464667,-0.4867018944684431
2018-06-12 13:44:12.763000,1.3674465970115226,1.1562547264941083,-0.8886242616284363,0.7330618144912476,-1.0664331602549444,1.384048271228,0.34571420938844316,0.7534327465199359,1.3836914850070778,0.9418018977219317,0.04165473135072584,0.39180569370220875,0.11937362483208946,-0.4600040729124867,-0.650322246805587
2018-06-12 13:44:12.831000,1.3441022311862478,1.1175270356093314,-0.8395034422859498,0.5710942411469476,-1.1812136865244585,1.321879772447344,0.31750139624353013,0.6377293220559554,1.4013977514619946,0.9264931877068482,0.11648741639280766,0.3198548335026,0.08471542141581956,-0.23011356445236328,-0.4819703075579324
2018-06-12 13:44:12.898000,1.5043685178433046,1.2961391811591576,-0.9907489762568691,0.7809787812774964,-0.97920723653828,1.353201398214511,0.18413209077378806,0.5802500532894281,1.3375906391877326,0.9110970251011571,-0.0021026804972122948,0.30790472052495116,0.14583617374872535,-0.4112973000746232,-0.38187734214979346
2018-06-12 13:44:12.965000,1.4542722010547782,1.2622157405937076,-1.0225267674139826,0.8663485173120093,-1.0580538910681614,1.3176305909121835,0.2011532703044141,0.49051247741014264,1.2831959307197223,0.8574186672464517,0.020008495328470655,0.2631220898538028,0.14858756420565097,-0.17780586674939855,-0.5017310355456223
2018-06-12 13:44:13.032000,1.4884329479599585,1.262940634111213,-0.9265576620356202,0.941356617780162,-1.08990501996394,1.307789711888839,0.29354071832610407,0.6433566260550126,1.2827688030646196,0.8347518389822839,-0.0396838339690993,0.04110019892035349,0.10958662289797169,-0.4361215294910704,-0.5033472533322738
2018-06-12 13:44:13.099000,1.3791969189852171,1.2008170645792755,-0.7059861183772049,0.5664653326200133,-1.2033767502403525,1.3237127188195643,0.4271097642451771,0.3940466961188175,1.3239852259443787,0.7694636705181293,0.008383572299964143,0.0813753803863616,0.14321890702345577,-0.37649244744433386,-0.6037596022635834
2018-06-12 13:44:13.166000,1.4977281179724247,1.2694326922183787,-0.744923917237464,0.4921561831961805,-1.0867502946425076,1.2780355324928434,0.4150182615244483,0.23694391229011083,1.4774579057104948,0.7144540207466568,-0.03000136078185292,0.1677848373603419,0.20305702690400607,-0.37487106570621165,-0.6913963526319173
2018-06-12 13:44:13.233000,1.388397863323613,1.1195889544588342,-0.7788655170911224,0.6631385978567126,-1.255859038399936,1.2957028012894163,0.4442226342183251,0.3776387827670216,1.358390174535347,0.7757680595259612,-0.09208993835150578,0.14055134305567302,0.13567364942355675,-0.33822688592658967,-0.4815631661910685
2018-06-12 13:44:13.300000,1.1364322601457713,0.9171752126171506,-0.05276424903010347,0.39881502090828935,-1.7311168206096519,0.9407741446844519,0.6533617355134526,0.03371139937798716,1.3245350987370297,0.6070254579165619,0.2696819786802019,0.43198151841343185,0.25366131197088754,-0.0006887022401270704,-0.6309453399926324
2018-06-12 13:44:13.367000,1.2954838365978265,1.0911237285555317,-0.6190730271872028,0.7772078341571877,-1.2339498468906642,1.000894095245488,0.43926839559950803,-0.09805890886971586,1.3827689564775891,0.7993989138623246,0.02305768621812801,0.21761911616565704,-0.15235138894636918,0.09603436445556045,-0.4822863109032159
2018-06-12 13:44:13.435000,1.0773686853846356,0.8960687961464944,-0.059524286470903257,0.6589882090748066,-1.7219536705979581,0.8538741491244756,0.6420711491002984,-0.1370909987252253,1.401179005984675,0.6489701991473632,0.18397246324591326,0.7440197069624543,-0.01796269440983915,0.1923313404966689,-0.36913895754653314
2018-06-12 13:44:13.502000,1.2065843007563806,1.0785459571003961,0.051917578180207424,0.3975424495754294,-1.6620136450715788,0.9031638450705234,0.6587351345715984,-0.2656034210392229,1.300749800301431,0.6445638296839667,0.1237318629611783,0.6726852386223845,0.04354085274536976,0.2162800898883053,-0.5142073250169853
2018-06-12 13:44:13.569000,1.2079350605712644,1.188308765253315,-9.0222113497615e-05,0.510189264005183,-1.7096679448412162,0.9232001573549055,0.6987255789633525,-0.28971784524875704,1.1184965077958875,0.5702653412809534,0.09254856310850147,0.7810567796619347,0.05055124812856843,0.2327925216851956,-0.3975828122544401
2018-06-12 13:44:13.637000,1.148933607157855,1.1927673965511412,-0.1316196418756829,0.6001949394500234,-1.6732783162435778,0.8183954283466477,0.9635863728275287,-0.5126974861338631,1.0389444128320302,0.4789917369559499,0.010084705461113647,0.7774986000379783,-0.05925876647884051,0.39421520461400295,-0.5071578390571855
2018-06-12 13:44:13.705000,1.072104288567206,1.1211111435939567,-0.05103561636078426,0.3439952905922593,-1.4598455302759483,0.7554966660166293,1.1288998568786228,-0.6513126097796297,0.9723641758862477,0.6142997210695733,0.05636653347716229,0.7085618978654797,0.05263616983779515,0.42786018519899627,-0.634588010960813
2018-06-12 13:44:13.772000,1.180113055344739,1.2949787200392215,-0.1411691190054857,0.6353151785637814,-1.6516313743064306,0.6418884514665785,1.210700357063589,-0.788012409749103,0.6555299586221488,0.36013662198545643,-0.13405435540385716,0.8522223247074083,-0.24317882650173905,0.5853006089520206,-0.44382237292789756
2018-06-12 13:44:13.839000,1.3410637466836932,1.4781772563267557,-0.12123845803053321,0.3585451478877991,-1.5338488761586648,0.5469227137656325,1.3602614392000945,-0.7170094092707898,0.6978740950979941,0.17117217308369,-0.19466133791612486,1.0235923496787747,0.011565677401083496,0.5292534836303201,-0.4921611312504334
2018-06-12 13:44:13.906000,1.4537636040156645,1.4086024911762254,-0.1620344784767724,0.2382770776758604,-1.4713129651621855,0.46805059972637325,1.5188104559549074,-0.7969385465312957,0.7225109418594389,-0.06672520932156598,-0.29719680322216857,1.1242652539930629,-0.04663837911553133,0.3927956069143924,-0.3724551333643393
2018-06-12 13:44:13.973000,1.5903542962855495,1.3924847352918255,-0.2017372782221244,0.1968540359991757,-1.47824732984978,0.32582777710647415,1.838698124947519,-0.7126015116708793,0.5890936116396218,-0.2559227674801061,-0.2924064761266938,1.0779202936441692,0.08850808038732916,0.3106529968612863,-0.4160907331825498
2018-06-12 13:44:14.041000,1.5193866640682376,1.280027740132448,-0.2261732102253362,0.31377032795965787,-1.471618199480921,0.3132203280122936,1.9061404735058671,-0.6717403083485294,0.3551943474042639,-0.3754728301614789,-0.2473879548892681,1.1846449074602088,-0.16059466430378255,0.41673817796803203,-0.1972412266149951
2018-06-12 13:44:14.108000,1.644927939516717,1.3951185816878757,-0.22417942531023338,0.1939720978229386,-1.3798889320123227,0.07533428677653332,1.9672954549661261,-0.7068079321820384,0.3455382030094165,-0.6127827608783518,-0.3076274048232147,1.2216670286577989,-0.056612670863564696,0.268289934859239,-0.44295084227460874
2018-06-12 13:44:14.175000,1.5469138165031295,1.3008843453612333,-0.15568779468060917,0.2675320698527621,-1.2086120382409784,0.008385805650110439,2.0069211055954095,-0.7040593501896276,0.3855093259283795,-0.701066095864434,-0.34337246888224415,1.2966783755642566,-0.152082778696819,0.30636136107866185,-0.4901186110963794
2018-06-12 13:44:14.242000,1.2974447157262778,1.138560270509233,-0.332003339370078,0.4963200284333261,-1.3129630544797235,-0.20594668952232847,2.0802505486654232,-0.6698296208703701,0.42023167051550436,-0.7279214181135651,-0.5613083907561973,1.2358319400248075,-0.1717223904928315,0.4633192423819331,-0.32866271261764934
2018-06-12 13:44:14.310000,1.7004033237900251,1.3493037967459793,-0.7138649167234233,0.38396151576599835,-0.41588637277204743,0.11943983347066595,1.7757895641521655,-0.583797368876429,0.48857005752247085,-0.6048541824271007,-0.503340447471248,0.9631718047452648,-0.45366034214935197,0.203529567171191,-0.13073734094556694
2018-06-12 13:44:14.377000,1.298919191146179,0.8842478892771717,-0.36564035961679486,0.3848605453420588,-1.0221692451572109,-0.27525388891657376,1.9703346960835955,-0.659442550918117,0.5753961860833722,-0.7295058097356302,-0.3760614697538016,1.708342115385991,-0.3175623863107261,0.5413084016314085,-0.18391783200513873
2018-06-12 13:44:14.444000,1.3941580559666447,0.8212332049255742,-0.21464465245933623,0.14950672044713173,-0.9107053533347841,-0.2220799315038465,1.9316317796981006,-0.6803063144016849,0.6204525651615627,-0.832480758810347,-0.4474597473542353,1.5204578773605082,-0.11315869105764759,0.3538515005823635,-0.404085308982965
2018-06-12 13:44:14.511000,1.3091570324319908,0.8279143233503434,-0.31604387217702146,0.3086392099001828,-1.0077781193426303,-0.2248384092031652,1.9596359647749222,-0.6291449266071439,0.48077967902197327,-0.7689031620290228,-0.3884317146526205,1.6438516153896199,-0.28913186323930384,0.48991106106638405,-0.25464876559673905
2018-06-12 13:44:14.578000,1.2896993634678804,0.7318096331323778,-0.29398975608912525,0.34469835393601966,-0.9190503443820383,-0.2578981340011119,1.9753355641427435,-0.6706472582223719,0.43607968541515174,-0.8392359963197386,-0.32426528942530397,1.5982653342209088,-0.22304030237959083,0.4289417736302712,-0.24735676735032103
2018-06-12 13:44:14.646000,1.227223451867244,0.7054984251107626,-0.306006252173214,0.40982275519705513,-0.8932763538238289,-0.3611240116870534,1.8641061524391476,-0.67588754154654,0.4548666956957579,-0.7951730223836624,-0.34902733159809296,1.7502439187644625,-0.35773278743869136,0.429400923646301,-0.19755773509674418
2018-06-12 13:44:14.713000,1.204575702794425,0.6509981784337997,-0.26744078693016454,0.3676752818214375,-0.7885697869053068,-0.42745540898044776,1.8863696557347107,-0.6600768206365343,0.3617066895193085,-0.7751273544041327,-0.25314042703284534,1.7145222340970023,-0.4855611603723954,0.3911023346974616,-0.16105895936839082
2018-06-12 13:44:14.779000,1.2298785613649006,0.5551273746657692,-0.2143758753397025,0.10415716877404449,-0.7128161244999626,-0.5888763648966211,1.7223732862597396,-0.6668993153660976,0.4279790001380863,-0.9457033686984607,-0.44146676758447434,1.491745007861256,-0.21064190198546406,0.3729201615009339,-0.5577856994470088
2018-06-12 13:44:14.847000,1.5012348026786482,0.8942514070597738,-0.09418152474926765,0.3059444120508362,-0.8172205435490504,-0.5980581991599636,1.8215026071703115,-0.7713001210876486,0.10144575878132372,-1.0830263545085677,-0.3766782786884669,1.57020250682376,-0.5416827629261822,0.4234381348465305,-0.36809584178993066
2018-06-12 13:44:14.914000,1.5517113032752978,0.9720174408400692,0.014447291109406124,0.3390820949876726,-0.8123899847598117,-0.7881972972929143,1.7329563823761003,-0.6595406144201392,-0.1493740249001003,-1.2826882085494775,-0.3157506536587974,1.36571719773058,-0.6163020153182991,0.40956513025578833,-0.5324340504243545
2018-06-12 13:44:14.982000,1.8020346927069832,1.092992142189077,-0.48214157573464256,0.3825920585996434,-0.26402600730371345,-0.6524121730094219,1.4926046685692813,-0.5504274269188828,-0.1274134145215487,-1.2453348826809045,-0.6196566925646769,1.3015665584966252,-0.7543840468034072,0.25737434208654364,-0.25891434244592837
2018-06-12 13:44:15.049000,1.8840857858196394,1.2195528857574005,-0.6749579819642357,0.4964658578457759,-0.21355382137023987,-0.7492903249366561,1.48500524430824,-0.4443938411887249,-0.22539988024811805,-1.352453246657055,-0.45824408199335886,1.0702868638958458,-0.7010431222588341,0.1788711502010847,-0.23511171360872235
2018-06-12 13:44:15.119000,1.9919302578876108,1.134506598026565,-0.6051664235821339,0.44244099271881043,-0.28179184684772224,-0.8688343448178455,1.399033800533803,-0.2590416501998555,-0.37635006979358626,-1.3523524340317188,-0.5804679548266385,1.0871570889637914,-0.8928499612291554,0.23046845192789214,-0.16258388473090646
2018-06-12 13:44:15.184000,1.9412800569055975,1.1764227079599499,-0.49758054411993646,0.5132803785166145,-0.3453202055922301,-1.032568149210438,1.4307435094694254,-0.3609913497911392,-0.32889000853530703,-1.4927608913920816,-0.49273616551551525,0.9875936709587004,-0.9833637945472896,0.27010486555122104,-0.1285972826650783
2018-06-12 13:44:15.251000,1.8375460670844594,0.8738494545920603,-0.48796232983668353,0.570119981709733,-0.4244662970979602,-1.2116930262381387,1.259591872891618,-0.2969243292641556,-0.3880520596685385,-1.3697390239705127,-0.5416438788520115,1.0130181824096975,-0.9743426325537329,0.429716495296974,-0.059262602211373874
2018-06-12 13:44:15.318000,1.8524954990833713,0.7548078455654199,-1.0722587136300845,0.5618356912073561,-0.22432372567993109,-1.422092683905177,1.286163900809174,-0.15320208351339876,-0.4493535310973402,-1.0353503317033885,-0.9740643468507659,0.6596184588451027,-0.9897235572395872,0.2815271407340384,0.13782627813725762
2018-06-12 13:44:15.385000,1.9901280096759786,1.0915029438266026,-0.4699082217699593,0.47745955342206003,-0.2006009417719819,-1.3490570316664479,1.2208950157657434,-0.17490241643164953,-0.5419815153558765,-1.5545684278845062,-0.3990863266430692,0.936706281220806,-1.088688593169498,0.4815884406462503,-0.02255576236089278
2018-06-12 13:44:15.452000,2.1308103713143236,1.0318808014822327,-0.6515767941072816,0.1347929239307776,0.04208152704354595,-1.4287734005129546,1.1389560355205455,0.0011287020443969883,-0.6324758371789678,-1.5892891270645308,-0.6482812500009204,0.8538181119176559,-1.0433329872973485,0.30570143980137754,-0.13984702890294975
2018-06-12 13:44:15.520000,2.23530736890688,1.1179317595761207,-0.7333737971333842,0.2878697406361278,0.07048533181427186,-1.7189553344070907,1.1277769817748355,0.10212696143347666,-0.7271836202253175,-1.4527077422364494,-0.35797033497774633,0.6749638877939081,-1.0813117597070043,0.3574481167522753,-0.14170266172655305
2018-06-12 13:44:15.587000,2.2925785944779404,1.0571274710722327,-0.6599785798943085,0.08207363406756366,0.2326328854752322,-1.877895188873479,1.1198747297258445,0.05493803606906663,-0.59364704460293,-1.7015238267284807,-0.3971880942242645,0.48943663866485254,-0.9916627786993082,0.4186358151817151,-0.16368600796133959
2018-06-12 13:44:15.654000,2.204381608013689,0.898352887510762,-0.6918173690597842,0.13195359470203208,0.1269963585857246,-2.1437968851271276,1.1531212354260645,0.16409236659458226,-0.7139355768163558,-1.5394757054820394,-0.27742964190148944,0.5925521111567553,-0.949000017091335,0.5394518793514748,-0.06185314920374285
2018-06-12 13:44:15.721000,2.239535406889104,0.9332504247242288,-0.5497106766757456,0.20481506498484456,0.23720451510822338,-2.261907909524069,1.062617942237408,0.0502959495015673,-0.6583568564776998,-1.5917445524066016,-0.14934867580815778,0.639390014022376,-0.9724329037078975,0.4782014603981044,-0.12259227696976539
2018-06-12 13:44:15.788000,2.1999846056809425,0.8623715459264671,-0.5783118066748824,0.13945142714784917,0.22260339987584654,-2.266126538001657,1.0020390727506174,0.2594257496747592,-0.8376145340079995,-1.3134929812620308,-0.2415523659107117,0.5289258210110044,-1.1596266209009527,0.5376845485293226,-0.03303621059517582
2018-06-12 13:44:15.855000,2.1336334434727053,0.7628697838084921,-0.6642690295254505,0.21126598019962986,0.1318098859165096,-2.518952424568636,1.117282414343614,0.21499361139352963,-0.6734387724071225,-1.2973721359349506,-0.2900079738454946,0.5218262543017644,-1.118590363662498,0.5349059140312854,0.07840927503292754
2018-06-12 13:44:15.923000,2.333131099440471,0.9433727170211386,-0.44435867260049,0.13222171048512513,0.17531859643048797,-2.332398661378404,1.011932758210821,0.20941936271749137,-0.8589495518091841,-1.558263804780308,-0.15658788821897981,0.7234963465199772,-1.084269536663121,0.4713816962101879,-0.03899128750962848
2018-06-12 13:44:15.990000,2.3691524157081467,0.9353337563725117,-0.4554310709772257,0.046106907932769225,0.24859203008730402,-2.3042264439536395,1.042517526870764,0.28726393006193773,-0.9121577388582675,-1.4306553170019654,-0.15723766817655563,0.7343802807410111,-1.0298682335415,0.5271810168400226,-0.20143263581177728
2018-06-12 13:44:16.057000,2.3765235585857942,0.8131520858817696,-0.47326333068916915,0.17322018513486595,0.31134268195218207,-2.280562503468584,0.9719760956936762,0.3760390144166497,-0.8779682762114926,-1.3145946289918955,-0.1738038175178098,0.7193235481483963,-1.222971305028456,0.5025995137662755,-0.04458768698965922
2018-06-12 13:44:16.127000,2.3258072969931876,0.890805427405946,-0.4421867142168371,0.06757419701244852,0.19228402892606644,-2.332746078837857,1.1075739868599377,0.2512784065912711,-0.7589338441255562,-1.43622786314979,-0.1110645459124314,0.5688499556918815,-0.980006767198014,0.5985080083227153,-0.13272133954575221
2018-06-12 13:44:16.192000,2.3726998791336094,0.9624036474558186,-0.5573605219984099,0.18386787246701072,0.23006319592157087,-2.3794824431958626,1.0570912459643207,0.24944484413683735,-0.8251521235856333,-1.4684356371660443,-0.15113061354459376,0.575635569881366,-1.1569556597802442,0.6434628709768992,0.028075348351300336
2018-06-12 13:44:16.258000,2.4507938618824294,0.9345080928370755,-0.7076934239419559,0.13640377234891563,0.3885484371509923,-2.2446475397470893,1.0046437349194677,0.25143759019896417,-0.8122962279975612,-1.5811255555618415,-0.12325015752598342,0.49939753947437593,-0.8285928022525574,0.5727027876826548,-0.20530251939028915
2018-06-12 13:44:16.326000,2.411474736640434,0.8988918295876607,-0.4537706801923771,0.2417930203595042,0.08643245479063177,-2.459521330252484,0.9918015209757375,0.22783815775849972,-0.8966730962683946,-1.54882475221314,0.0023668356419755676,0.79521671901207,-1.1162400711947673,0.5842847402602371,-0.030910959692533796
2018-06-12 13:44:16.393000,2.1953729444139167,0.4559903140719113,-0.8185358172852961,0.24553818319896162,-0.011296796990045821,-2.834726180609765,1.1536874950591463,0.3077841641292506,-0.5775755608470218,-1.199100342572883,-0.5576306548831276,0.3486541754197609,-0.9033592855464325,0.5026199298912613,-0.0851716727371613
2018-06-12 13:44:16.461000,2.5228440713194837,0.9520027755108444,-0.44925046264924473,0.02873652255163922,0.27340655720080753,-2.476257642639882,1.1474819578899065,0.30449789320673953,-0.7844661279034622,-1.5216278655017832,-0.11272335268163505,0.39184130081415414,-0.986084730884106,0.5853327151774704,-0.28744219424428297
2018-06-12 13:44:16.528000,2.638055302030585,0.9589963790225875,-0.6284324678596038,0.23837429075237507,0.4884879909955001,-2.532456816373257,1.0699307864964362,0.5698038794042545,-0.9177760865743564,-1.0989456973831149,-0.07221733707837341,0.6016796263125332,-1.0203701633846762,0.6032351545484905,-0.16198784892052354
2018-06-12 13:44:16.595000,2.7004349685547986,0.9929830295366053,-0.5236319604966737,-0.08933008704001691,0.5320444365806969,-2.6123882668704197,1.1048921925314046,0.3614042598995339,-0.6863814906171494,-1.2618722740464712,-0.0172419033795016,0.5957998256832095,-0.9006010704345863,0.5106405193241306,-0.21767638325500477
2018-06-12 13:44:16.662000,2.352358774132134,0.4735812679848555,-0.6942313201160102,-0.14393651895638115,0.22619657988886255,-2.8617358086292843,1.2476453659847486,0.34662962581795087,-0.5488997883124362,-1.190242799151255,-0.28883726531363885,0.26652904620064816,-0.7668795758364247,0.5979030882605637,-0.40044782403422485
2018-06-12 13:44:16.730000,2.511838117560748,0.9107892020219228,-0.44150506005185886,0.031013014862860178,0.36786772682892455,-2.635597851146886,1.1740115052383935,0.3462964177485912,-0.8790606760737129,-1.2135044503995633,-0.014179880708516085,0.6689745099355525,-1.0981629451418824,0.5743354411965053,-0.03533262685478157
2018-06-12 13:44:16.797000,2.426100799902877,0.8454026342142773,-0.5717730467725172,0.07136544229268774,0.2931231269500143,-2.45202500737502,1.2370649767658204,0.26089226187324077,-0.8933345084098405,-1.481700485441451,0.09495285880657851,0.5141778072279906,-0.804545455260611,0.5626808439145125,-0.15734658674958357
2018-06-12 13:44:16.868000,2.320555590968276,0.807669050820268,-0.4391700690005229,-0.04625279087721154,0.09434074760449324,-2.470878540478213,1.1882096541269087,0.1943218842026152,-0.8695789312877736,-1.492521536170726,-0.04595115319033888,0.708840823871293,-1.0890278858016076,0.5913227083117687,0.04858248472033702
2018-06-12 13:44:16.931000,2.3346462159820707,0.7964878174025225,-0.4895941782229978,0.13890692130642315,0.14719485298248225,-2.4567805774852904,1.1030044461013024,0.2998039755709005,-0.9393606777799927,-1.4108429022733175,-0.07835681789557628,0.6841765894539179,-1.1249409249146285,0.6113982371266609,-0.006860099421590118
2018-06-12 13:44:16.998000,2.4753917436376582,0.9322616530537453,-0.6869085097683636,0.007836797285690505,0.41072877981139544,-2.228980619409216,0.9937988728786019,0.34322420208340776,-0.9506485984236105,-1.4277333362865576,-0.2905309529986927,0.7047736980209566,-1.1429632920251023,0.35125069738658277,0.024282231534610024
2018-06-12 13:44:17.066000,2.4200554352310792,0.834596391079069,-0.48952157087277115,-0.1724007131112001,0.2884938929076273,-2.3032274166367603,1.055602725836808,0.3081095847557895,-0.9125850686875462,-1.5065860527599284,-0.22089463097842096,0.5667907764632489,-1.1052908014488425,0.3550107535577539,-0.0049663671129667325
2018-06-12 13:44:17.133000,2.3652930824534986,0.9077335661729082,-0.5204380155565541,0.10614303059153488,0.24415331200169044,-2.220964859176281,1.0922555186180247,0.15894796214334672,-0.9264153879301668,-1.5249941591691716,-0.21368014234900787,0.7338230795527116,-1.2746281006736173,0.3954234126428565,0.14477788046061763
2018-06-12 13:44:17.201000,2.5418482740062007,0.9075827891851014,-0.45880970287289835,-0.1894403045006219,0.24988076590061759,-2.2178489723082486,1.0975976973488177,0.062431988267748324,-0.8702205574028296,-1.5573475654651205,-0.2031089819666587,0.7828143532109023,-0.9191261404457288,0.25417551975474484,-0.04947982538695071
2018-06-12 13:44:17.268000,2.3988342459958103,0.9028224726500487,-0.4551857248239777,-0.015473592501627581,0.17513377173128414,-2.059383702679478,1.1384825166408525,0.1256983000833247,-0.9601528674107982,-1.4937998944028612,-0.1486420214788706,0.7619109439130428,-1.1272240616252147,0.3629589539622575,-0.012892725922013862
2018-06-12 13:44:17.335000,2.371858077240506,0.9205633294667139,-0.5235271747805859,0.1611461633147326,0.19175748512584007,-1.9235439760718012,1.1253197446412662,0.1239418192924081,-0.933344650790858,-1.5820492141029674,-0.2698246099515126,0.9188936032912806,-1.2907671770091365,0.15998500897627094,0.05909585423331558
2018-06-12 13:44:17.401000,2.3149263541551077,0.8400982463401281,-0.5841671735918692,0.13393987713728525,0.24386700650983717,-1.7520824075883894,1.1924319585819476,0.026864339161639363,-0.9722798015678964,-1.4979978471752515,-0.17030971067659276,0.8155554176668764,-1.14889260791335,0.21780561174443194,-0.04673101695283523
2018-06-12 13:44:17.470000,2.3479310646720926,0.9313996210311524,-0.4353269642687816,-0.1476915498212907,0.26226690927163254,-1.591766312733687,1.200343060503482,-0.2523444077048126,-0.6361703030013357,-1.6668911606295844,-0.3336289564418159,0.7532804101370328,-1.2155009401931394,0.04874264635272903,-0.11947872185851656
2018-06-12 13:44:17.536000,2.1481162898695603,0.8986150127688466,-0.5115972367663462,-0.11231007751399166,0.08375338364626966,-1.2784175324069647,1.2273607823614374,-0.29867947979855475,-0.6817310826901245,-1.6107931377674611,-0.5175781772956018,1.0120516424349353,-1.2788951025974828,-0.07463798131143307,-0.08361202485126439
2018-06-12 13:44:17.603000,2.046335507480925,0.8516943339672705,-0.44425236158795123,-0.08372189224077586,-0.1663154316001817,-1.1771334245469496,1.4436486847036494,-0.4638999501552003,-0.566617000918837,-1.526130878796356,-0.42033399472598265,1.0631717153214817,-1.1582119515998963,0.04001200057694939,-0.15292052420667795
2018-06-12 13:44:17.670000,1.9717641257594263,0.8395518857851836,-0.7141048750416276,0.14167186955640573,-0.16320622978068955,-0.9975608282596644,1.4913882638890197,-0.5994081984733618,-0.337721265414816,-1.426042489125435,-0.3704465935004757,1.1992276755635927,-0.9742153516631297,0.11625959113240564,-0.14016989767187787
2018-06-12 13:44:17.738000,1.7319705602701374,0.855239439377967,-0.6342536957180237,0.06474789206196846,-0.38395017549016475,-0.6630194459858747,1.6010907113735175,-0.5603973850985747,-0.20916125971156097,-1.167061366271549,-0.6107061623893916,1.1092976625663415,-0.9165539824615287,0.09829167831579202,-0.19842870246730576
2018-06-12 13:44:17.807000,1.4930971179478578,0.6826135113343494,-0.951032156728964,0.31807800565835476,-0.3958053371458966,-0.5251262585388852,1.6332456070961867,-0.5056913345037309,0.18453868147779262,-0.7064731574941265,-0.48123916518558885,1.1342387014991258,-0.6879072044619371,0.11411553347245408,-0.005447308043511137
2018-06-12 13:44:17.878000,1.3552140319468724,0.6941195758976233,-0.75415960735138,0.28509771135619,-0.7888790448119343,-0.3572187805534661,1.8435034927733214,-0.6335849254868198,0.41173374679713814,-0.5359858314671206,-0.5384927369870135,1.3348620372476407,-0.5725764708088427,0.19254493680671217,-0.09042865661215661
2018-06-12 13:44:17.940000,1.5221915189507405,0.8997022204432581,-0.957542819112033,-0.042746110124218084,-0.5590244797445592,-0.04197896960522111,1.8399488230220404,-0.637690538240709,0.5005607239571629,-0.46138016273488797,-0.641813373074654,1.018937957767366,-0.33192119815476206,0.04075512037323769,-0.20158725102905295
2018-06-12 13:44:18.008000,1.3422643642714864,0.8455360131125005,-0.30206603035591517,0.1559092447473718,-1.051768294191193,-0.1565286411701079,2.046867562033465,-0.8656603284534442,0.48993790048212293,-0.4417775476088015,-0.30594124553381763,1.3659801856101264,-0.2269428310311284,0.23085702126584656,-0.36836119035275244
2018-06-12 13:44:18.075000,1.6573939213665856,1.07884223759922,-1.3049746600502146,0.2716744363746657,-0.5703294016353264,0.09903051889412195,1.7568299360385082,-0.5035030463994478,0.7092291476815089,-0.30791739536661616,-0.5762483803655025,0.7483293374132501,-0.3100919680215902,0.0886436696051644,-0.21634327051840535
2018-06-12 13:44:18.142000,1.3490714034770503,0.9938048722552006,-0.4856782481394837,-0.09294478632864657,-1.229288280550222,-0.08681629225133511,2.0695794938460996,-0.7910528806920973,0.7704965700934968,-0.33956755082739226,-0.27112127318028967,1.3129638345738028,-0.2056401563711383,0.21791310850195655,-0.32399850980261846
2018-06-12 13:44:18.209000,1.344006629526905,1.0896624175822651,-0.4628124665899046,0.15012221844751636,-1.356308953575998,-0.0020278985565089468,2.0041418899251475,-0.7848107932788777,0.5040240321240471,-0.2654293326238041,-0.17976183387882425,1.3516080368178218,-0.38938382984418024,0.3121490028035253,-0.035979035124579464
2018-06-12 13:44:18.282000,1.5514304010272104,1.1831181482964457,-0.9641775337846947,0.12262852982490927,-0.8484006404087554,0.15811243723189436,1.9361684935168055,-0.5432138681173125,0.7128641717861942,-0.09263320276516002,-0.4112187299037813,0.8134241121410964,-0.17807957330144777,0.13338018250738976,-0.12870254317578977
2018-06-12 13:44:18.344000,1.5599061054116636,1.1705274589945376,-1.0685423557867813,0.39676888953264966,-0.6959421463938739,0.18804200323684248,1.7965058707437254,-0.5568055386816989,0.5103697779742995,0.10413750960976201,-0.40900366611548833,1.005373586960629,-0.45839640163501044,0.0932519904814064,0.07239730828751766
2018-06-12 13:44:18.410000,1.5993603057367065,1.3595844478315267,-0.9245532830696138,0.34857745667554196,-0.6199118379581077,0.21827045722727453,1.6765953573960894,-0.6723959826493414,0.5424986244491947,0.012149356042138584,-0.620195632343463,0.8293583338422184,-0.5468934409789623,0.06145340094997398,0.0016633288114627637
2018-06-12 13:44:18.478000,1.6105444103498052,1.3739007395987703,-0.7317462048711101,0.4285780567158476,-0.8067185856771116,0.16315688711426513,1.692829542735507,-0.6430254474765971,0.465011969851043,-0.01324282319979772,-0.3899605820823222,0.7222794873003716,-0.4513547477435822,0.14446897796157082,-0.12201653380646989
2018-06-12 13:44:18.545000,1.373486322002544,1.034863962266833,-0.9205840405789072,0.4337079559071444,-1.040863158668765,-0.2089507925394934,1.8371036925446225,-0.7509503021210442,0.7172742753768915,0.18031856498081117,-0.7311931426251203,0.5272028448871555,-0.3630221280987692,0.2149662281692909,0.03205613018174397
2018-06-12 13:44:18.614000,1.4915188593632123,1.2396059929455039,-1.1715165875848101,0.49157556325873464,-0.9698846648394677,-0.11711221145049086,1.7809870767494638,-0.5610256832651034,0.6032963913417597,0.19076638467361284,-0.8423092091635864,0.43602130151592494,-0.4657971748085782,0.0430242714433077,0.12211991530151231
2018-06-12 13:44:18.680000,1.738641074536163,1.955518780541611,-0.7177687079838456,0.4889214910533831,-0.9651174040627758,0.31709280913253096,1.6818635422445092,-0.9578193705270567,0.41702051042198607,0.03035047445568731,-0.17584866639981286,0.7950890032070267,-0.448969578463007,0.23453593531785544,-0.21400567595426112
2018-06-12 13:44:18.746000,1.4115297945906509,1.9221566747936634,-0.20889758517083157,0.21232654964812883,-1.5899896934293318,0.09089316312216911,1.4418246273926507,-0.9474584105369683,0.47343334757805167,0.1392406861593358,-0.19529710201415137,1.0699519097756722,-0.32457491739652644,0.4155416753131681,-0.1647800468681473
2018-06-12 13:44:18.814000,1.0464755092393765,1.480240912372931,-0.3627453972363637,0.050552012030583876,-1.498671302494954,0.32015611199007876,1.105418646120778,-0.7503379346452499,0.8895649222661969,0.5058171607205375,-0.07737871804813698,1.176227413642101,-0.02527414193302284,0.378419186166685,-0.3440337207090424
2018-06-12 13:44:18.881000,1.2206630538314882,1.6489211243388504,-0.20328652986127713,0.06837142846304806,-1.6295758516198044,0.31892410321894793,1.2545060713260199,-0.7009415541733344,0.7382844177982361,0.6902188055726463,-0.12746666736868736,0.7943967220978293,0.26902616690887476,0.3671761196083396,-0.38189838418729705
2018-06-12 13:44:18.948000,1.134074869198023,1.5896411678979856,-0.2461769336535295,0.270677656450498,-1.6883799104722905,0.29358067580069735,1.1740544908353705,-0.4891046653682581,0.6475442385293989,0.9196053730699669,-0.00643908776165697,0.7821704487836645,0.20259740428229717,0.415058261902457,-0.3109746905293374
2018-06-12 13:44:19.015000,1.1013160063352556,1.5930360558571026,-0.23986259924871353,0.28057862779573794,-1.6957124599914783,0.34294532190273924,1.1691550646658784,-0.4721703013886629,0.7062221543582853,0.8767891144778097,0.0022864150728091337,0.7673070207649163,0.2291319883661137,0.3561592347306134,-0.21442852298573595
2018-06-12 13:44:19.083000,1.0562648088464042,1.5530455430215935,-0.29718068572072454,0.36119710644152114,-1.7551161112262814,0.31079220609244773,1.1323165830849495,-0.6170876446053608,0.8553707320644616,0.679083240188056,0.00812607560769718,0.7236696022164466,-0.013602286367136812,0.415010185225999,-0.3604541149489923
2018-06-12 13:44:19.149000,0.918861600874779,1.3020739238290306,-0.44183493372965,0.378913367856204,-1.8773547189523778,0.24252495172449293,1.089866847651908,-0.5271409133281155,0.9551380364896654,0.7690379345459952,-0.07557242281395363,0.5600005453705823,0.018649725438658435,0.3926845712982978,-0.2933029302245837
2018-06-12 13:44:19.218000,0.8834297717068709,1.0824942039379009,-0.2816327329048477,0.3028992979726213,-1.7296326425036135,0.4160466533063194,0.964379986620622,-0.19588632820047572,1.2006766717534885,0.776372172703116,0.06571896188366746,0.4213657941687394,0.27990454068447695,0.22113086833612103,-0.41230108879792576
2018-06-12 13:44:19.285000,0.6658431101147881,0.954684982064198,-0.19561486105744835,0.348940580357297,-1.564715753173515,0.4188074970356093,1.0737065953751648,-0.4810271102745352,1.062845702269005,1.0900542583507185,0.25749999725750766,0.15033105700558233,-0.3001805929389162,0.07037981694887163,-0.4693199054266098
2018-06-12 13:44:19.352000,0.7172761595700936,0.8606602890585164,-0.4795965499235112,0.3689676963974564,-1.7535697935100807,0.4065833339128838,0.8513203223765552,-0.13705987956296772,1.372669688684065,0.8075304888028534,0.1205104240008753,0.4948588646115752,0.007069147668616729,0.17244948240213331,-0.5198451457285392
2018-06-12 13:44:19.419000,0.6566049300505132,0.7372010336674635,-0.6300396623773535,0.2293650935256533,-1.8729793335312472,0.5593478903037267,0.8195678477852061,-0.02351639448091055,1.5165488190524554,0.5706984338664294,0.2169762716171377,0.5019461504163119,0.19040764273965904,0.07281161024334375,-0.6034961691463614
2018-06-12 13:44:19.488000,0.9167461102896759,0.8618216813135713,-1.4987805661619864,0.6174602719374425,-1.365273386109414,0.8827235054906006,0.48678648775748673,0.46681866944637157,1.5855538143524583,0.7821959452990285,-0.11494731267101274,0.24663480882588223,-0.11262143592317445,-0.18809605487769762,-0.2721864488796237
2018-06-12 13:44:19.554000,0.8646613244530372,0.837799599928913,-1.4934728188375235,0.5422522172717643,-1.2607855815004254,0.9615829025725707,0.5133645138521897,0.543277941726983,1.5587109424818495,0.7972769491519444,-0.054544430408660444,0.4978941608263161,-0.04304475109522904,-0.22000263228767872,-0.34656159643338824
2018-06-12 13:44:19.624000,0.983305771629936,0.9565095115731839,-1.3678226832975502,0.4029962588179805,-1.1996241560409229,1.0191734095619591,0.5557687155955093,0.4173224385779058,1.5755809398986145,0.5867187281296776,-0.12864691636701966,0.0854070445074554,0.21714043537153904,-0.32857910833639925,-0.49683208769464277
2018-06-12 13:44:19.688000,1.0810287639793152,1.1684769764158967,-1.3288033173883835,0.5707322239780451,-1.1436873754202395,0.995962532004339,0.5558068491400787,0.4080724041289123,1.3756010488619865,0.7425174358453213,-0.028499345217246536,0.5268374186132485,0.022685852186984518,-0.2586166095461744,-0.4473012255932312
2018-06-12 13:44:19.755000,1.035895360473022,1.122780257255014,-1.2193185480910558,0.4498722026973466,-1.202613345112812,1.0066329058073162,0.7002140522893124,0.29670793566525544,1.4013246290079904,0.7229537011661813,-0.04936667443796039,0.2996697158160424,0.0026999885819921077,-0.3170606222694472,-0.4929940445331716
2018-06-12 13:44:19.822000,1.147019081730087,1.2417349798004662,-1.4076552196072967,0.6523235246671166,-1.096758571292864,1.0723788930376774,0.5504216856925084,0.32491600449213304,1.3905597757817105,0.8905945124129063,-0.11358498328778335,0.1662837855145045,-0.11791981176260055,-0.30412265347940326,-0.3047489546762046
2018-06-12 13:44:19.892000,1.2635212692423883,1.3753534217966434,-1.2618983465505598,0.48967903085326026,-1.078696797438041,1.160542721076805,0.5977982289329372,0.2820163694653057,1.451143850745117,0.7775632586653075,-0.1802517082976727,0.1724033261647147,-0.16773432480983405,-0.5468261352008165,-0.4124961256586352
2018-06-12 13:44:19.956000,1.1720604666665997,1.3177829613613057,-1.375016964532122,0.6597132387488287,-0.9831868184144673,1.2445591942400596,0.5973046445669874,0.31633384601980147,1.2821715681610804,0.7145942536178513,-0.027270329570803248,0.5222834344195615,-0.13284614777105644,-0.36325510114648796,-0.5686695486160404
2018-06-12 13:44:20.023000,1.0607097485237453,1.2269627515952737,-1.2370333321714928,0.7150373340306762,-1.281344523055627,1.081494113317705,0.6517037791703894,0.46363208361526026,1.3210197618324702,0.8647758082617478,0.036664917309820605,0.3921496906501952,-0.17131970997327015,-0.28810855123598444,-0.4365796816786891
2018-06-12 13:44:20.092000,1.1443276730058187,1.1970076180482265,-1.1838928289794122,0.4822995544201003,-1.0786207223681887,1.1120447773177353,0.6397933720144106,0.3400492306396601,1.4937010855643575,0.6562085993559953,0.19764917388257383,0.11485340594444021,0.21345190095283278,-0.39814850090739473,-0.6290097431239654
2018-06-12 13:44:20.160000,1.110803184030889,1.2446550059629093,-1.3536332375285565,0.7999758590823933,-1.1954117430170714,1.1404308032645467,0.5717809198463042,0.5292802257112518,1.3341590622732884,0.8060507822238994,-0.05407752379601463,0.292534832684301,-0.1924525502329686,-0.405589145158033,-0.43816512613382047
2018-06-12 13:44:20.225000,1.226193399863586,1.2949843086784387,-1.3806469576955565,0.7902716644263263,-1.0382416924014763,1.1627384564914773,0.5046394658354497,0.49653308062154794,1.4625117558738663,0.819542583704077,-0.05934741108464525,0.15043814909411646,-0.16155143824961976,-0.4581455915949081,-0.5299443845212528
2018-06-12 13:44:20.293000,1.1275944347137936,1.2386751316152105,-1.2417216011073386,0.7245362723506281,-1.3808727276216248,1.0683064667974416,0.642746091193963,0.5211369695913753,1.3892249607320069,0.8166341027443501,-0.006752378110307988,0.2124710462788718,-0.11623291702877517,-0.426514937254058,-0.4397058246319225
2018-06-12 13:44:20.360000,1.2283357383414,1.3364698578717071,-1.536493648117092,0.7443013398599196,-1.0160518103037277,1.2730588151971713,0.5216933644117162,0.5897375451162726,1.3612167383257168,0.9460213758194792,-0.17899701323313702,0.31754616176807715,-0.2458037038509356,-0.4496137008024407,-0.3237223242849199
2018-06-12 13:44:20.427000,1.1868053513446193,1.256000337600415,-1.4753957190804414,0.6948597567138903,-1.1254423893372898,1.1850339259530847,0.5641048374940538,0.661832249355393,1.3632662992329458,0.8924119321288287,-0.26485138228454774,0.18470502188307059,-0.2649790955876894,-0.5493779087775083,-0.34829330308390966
2018-06-12 13:44:20.495000,1.186166176633753,1.3538489281344752,-1.4445702502567603,0.6330760807642943,-1.110180410936994,1.1856285330804568,0.6564701117078761,0.5156302431716597,1.4542106246200404,0.8407318465313741,0.018465947531876498,0.15801433715560415,0.012562857880098283,-0.43092907725671104,-0.5396644416574925
2018-06-12 13:44:20.562000,1.069538663422282,1.25133670871258,-1.2482571391439454,0.8183929412222652,-1.227687446460304,1.1652243271687146,0.6889875337475686,0.6234858462055443,1.3909372709204324,0.8384119399008063,0.17909395615540338,0.4015189151682341,-0.2389263423038423,-0.44683668983979374,-0.3670415748413098
2018-06-12 13:44:20.629000,1.0655180359703378,1.1555457412182206,-1.5489753826537538,0.7743032617397917,-0.9270366780809906,1.2453778627867678,0.5442672856306223,0.735190045683543,1.6021831101877408,0.8063515403693097,0.2311851104831788,0.2958153893092855,0.13863496125233857,-0.43720546950655725,-0.856433540822005
2018-06-12 13:44:20.696000,1.0813730617224033,1.1486334493253847,-1.39183001177357,0.7120648657682401,-1.0655505302667296,1.1303539929531967,0.46810342047423087,0.9005092802312888,1.710635426710915,0.9703447416971064,0.03321240131801509,0.4078618124923033,-0.1984402970131044,-0.5027961018095771,-0.545746607938369
2018-06-12 13:44:20.763000,1.0922352464740879,1.1456385988154714,-1.629000674482607,0.7631388575385039,-1.01641773995121,1.2416534675196775,0.3793843014271128,1.0665810302217933,1.5131822990961399,0.9870396895941195,-0.15861604606213772,0.4122625024462846,-0.0940536323073774,-0.5517910571651353,-0.7519562938264853
2018-06-12 13:44:20.831000,1.0143147076521553,1.040876591609814,-1.7345255775635455,0.8243132230895847,-1.0723868893461135,1.3315039750784892,0.44760897277543027,1.2736673799736031,1.5533585322977492,0.9773213469087679,-0.11744796423250534,0.6130562075890138,-0.12699755805974022,-0.6431661584319532,-0.6983056704800411
2018-06-12 13:44:20.898000,1.0731503108307225,1.1230081555217344,-1.6841349217302992,1.0220144788264662,-1.026915435415854,1.243016784731178,0.38093300878399766,1.2553233047241619,1.5376581005590175,1.0839549469776997,-0.15803989317947678,0.6760970688457962,-0.3106758794809062,-0.6759519299298407,-0.5457460064547415
2018-06-12 13:44:20.964000,1.2351614084540308,1.2248163126400617,-1.9919206027582537,0.8827656513091413,-0.877644321543984,1.2737974762589994,0.29926086384091927,1.2406193260933092,1.5926029242254756,1.1129426167523242,-0.32230304144712363,0.12524194840767094,-0.0383456907912747,-0.6966196157223669,-0.7175750861567207
2018-06-12 13:44:21.031000,1.1362918989807111,1.1597911374590057,-1.8828780503511326,1.0094905664110994,-1.0530974224869833,1.1925149543284368,0.4106657741218325,1.1789902285813187,1.5489565381211823,1.1286828110219282,-0.2445878410732292,0.5571437210361971,-0.15520245762747603,-0.7173653953038533,-0.5365710028203299
2018-06-12 13:44:21.099000,1.2713235089404837,1.3203369404538916,-1.70627946733842,0.8477968521608763,-0.9784528223783023,1.234130456167859,0.43325641638046886,1.0449426523113943,1.5644064546241014,1.0594673460844635,-0.07859138855410372,0.5631022381288914,-0.06926805439606853,-0.7382682189429871,-0.7039043989662859
2018-06-12 13:44:21.166000,1.210967761491215,1.2128630418052764,-1.6925712444879215,0.7437992375993558,-0.976891255364003,1.3487556881295664,0.44334435017398793,1.1682230892699146,1.5020490900075263,1.0728888691296072,-0.16603635046340895,0.44543503155789055,-0.07689913214473543,-0.8643328454274742,-0.8426943947839253
2018-06-12 13:44:21.234000,1.1656964157246303,1.1557842924252728,-1.6911558575464907,0.8339938412467063,-0.9633901734462894,1.355932223630027,0.4302117804344288,1.2825542786278539,1.3833710983724914,1.0095846866577043,-0.36179246000683274,0.36505780766115303,-0.19171915540198042,-0.8066123280162788,-0.7427223934141721
2018-06-12 13:44:21.300000,1.2136398339220298,1.2961364253192271,-1.7834614554577775,1.0113608184297727,-1.0632430041911023,1.247203152143764,0.38536517165002887,1.1721669314643466,1.5491124415446746,1.066355712352574,-0.26884877261250006,0.5329591496898047,-0.2132495077182639,-0.6778093525329011,-0.5845179921361364
2018-06-12 13:44:21.367000,1.1055084158660153,1.0786496181944583,-1.7484172945271057,0.9691805936643885,-1.0211529621633844,1.3665781783437212,0.37303766373434644,1.149364143339321,1.609078411951264,0.9481054570448878,-0.2546969269906523,0.7688990230210834,-0.3889829697773295,-0.6400819809082939,-0.5965847337874994
2018-06-12 13:44:21.436000,1.102191279186718,1.0689863538489737,-1.8213381744112036,1.0580098787514258,-1.1288680886046383,1.2989618236562945,0.3832194622832056,1.1750623890231418,1.6582253290020854,1.006310919988728,-0.26355215904439444,0.5910483572748955,-0.30429181315115733,-0.6080087911759259,-0.5339479183473979
2018-06-12 13:44:21.502000,1.108995605549505,1.0760937391240877,-1.876290815909891,1.0211920365377731,-1.0383123892599158,1.3593423828694373,0.31519002357720416,1.2818213716341227,1.6280486900730522,0.9998549841477639,-0.3289796061329301,0.6194218982539405,-0.325486093710486,-0.6760949817223452,-0.49698538354566496
2018-06-12 13:44:21.570000,1.1740579544291667,1.1252195620679046,-1.7728760913159956,0.9531736415272456,-0.9531811342185238,1.3209425963913541,0.36202254501078407,0.9208593360372007,1.6094032423979727,0.9089923678291737,-0.08297842131819042,0.5427761560891595,-0.18140699188660986,-0.5232877765140554,-0.4055369184074033
2018-06-12 13:44:21.636000,1.2357003070770394,1.1837023556969488,-1.3155672101632347,0.7177336975454398,-1.2358289095056403,1.2275297012258208,0.44428597285496496,0.8334994981512528,1.5506091336326904,0.7762980307911387,0.0480819618930364,0.4628627483252929,-0.14707112396524663,-0.6293362798680469,-0.4191701254493882
2018-06-12 13:44:21.703000,1.2162442496892432,1.1752161824984633,-1.4958154150122758,0.7284347580808253,-1.0492021701751804,1.3955382275672163,0.39139611237970473,0.9111524700585122,1.4373259911517344,0.8075848638008806,-0.22225758009971433,0.21346145093372498,-0.2538554277172927,-0.6756752176811597,-0.6294807821267121
2018-06-12 13:44:21.772000,1.1955192007008262,1.1965183059888846,-1.3771854588958707,0.7551934029259955,-1.1166652886328448,1.314123421394717,0.5168375104492469,0.5315234312694918,1.6023691537265488,0.7451054010066916,-0.019132984941279546,0.5556565089701724,-0.30217365171005517,-0.4732603454413735,-0.6151263718282625
2018-06-12 13:44:21.839000,1.1930288806946852,1.114805686440755,-1.2201105850576053,0.563266388612309,-1.368476038873059,1.2418404418013889,0.5173945231784157,0.5942870166760527,1.582205642997982,0.7567718137563415,-0.03870477699493921,0.68954945882619,-0.22605311637753592,-0.40830689555171285,-0.5500009432433274
2018-06-12 13:44:21.906000,1.2844191003669363,1.151782395312851,-1.2992563894901614,0.43961678839238894,-1.1918351325582806,1.2071842733922686,0.4072583482132825,0.44745003571085196,1.747348038157332,0.7681809236380434,-0.03773179654876521,0.5388586022913765,0.02860248848392946,-0.35956322984340394,-0.6915017137376086
2018-06-12 13:44:21.973000,1.403571149003017,1.3578577773037914,-1.3028316559949233,0.41261899258236845,-1.2317832531209454,1.1145109232862782,0.44795235774072334,0.4302628454032815,1.8543050863134485,0.6489475772207035,-0.10905567061057289,0.10917243492084994,-0.07503924335221784,-0.4746414500372934,-0.4658066028421644
2018-06-12 13:44:22.040000,1.1794575000907535,1.1717167104332264,-0.711405344655053,0.1810501125652723,-1.3760131776117528,1.0096547821642143,0.669784157677962,0.19409491024405107,1.8159279027064068,0.5438516610998051,0.05149502627259847,0.3129816909667806,0.13571609176357094,-0.36805982723604713,-0.6492647484171473
2018-06-12 13:44:22.108000,1.037081592642267,1.1580610731479741,-0.9435279497422991,0.6770751091858235,-1.375045373223002,1.0200960477621233,0.6330469844381568,0.09177155038440626,1.377508693508081,0.8248620185584253,0.017419322832223527,0.3409413863002876,-0.3049894156963503,-0.14763358883136288,-0.3701216270764383
2018-06-12 13:44:22.175000,1.124305889538784,1.2848721153937557,-0.7576924695558103,0.43290691538654025,-1.1208470134932702,1.121632574401413,0.7341996889332134,-0.26801331824050334,1.3785982465215962,0.6628666216418045,0.08029474625576578,0.19823639081465244,-0.4251144957840195,-0.20059503864485342,-0.6266468986510998
2018-06-12 13:44:22.242000,1.2463064323511004,1.3352534901512843,-1.0096317914739168,0.6050124865390183,-1.248195594240767,1.1354287092975042,0.6652773381333627,0.11236139026478806,1.2335444406813951,0.8932965951899888,-0.09233372979485457,0.3518613698735048,-0.5158592678316151,-0.15923865898920972,-0.3350574433497708
2018-06-12 13:44:22.309000,1.0126890602082352,1.1748676123466355,-0.8759411324690958,0.5075248366760046,-1.1989136052419913,0.8549606906584469,0.7531912590945856,-0.3799514554075074,1.2469042095606304,0.772950914596498,0.036768870630633416,-0.009537680887396538,-0.3309141113544728,0.09472584304070396,-0.5802261714463555
2018-06-12 13:44:22.377000,0.791153813350145,1.1011552602009431,-0.1975985744087826,0.309064042962094,-1.5864235266415734,0.584750657569651,1.0305427271303451,-0.5498133561709451,1.296657036570029,0.6934403733543315,0.12139341652663356,0.5072330144099412,-0.21835396692040226,0.18284212648182968,-0.6252533646557962
2018-06-12 13:44:22.443000,0.8534952794125341,1.2425463415622688,-0.15317953640458318,0.2748817785307892,-1.578017320336516,0.6608776416672715,1.10899643788929,-0.6222043290521735,1.1683223731657573,0.5126263636934257,0.07551079607483042,0.5487340099581631,-0.1565742089729901,0.17357751032782542,-0.6013631915232701
2018-06-12 13:44:22.510000,0.7016527938828081,1.2756275899520655,-0.2973544894661963,0.47154877574091514,-1.6120535169355128,0.5350882390801591,1.1716681408317777,-0.7244837067831054,0.9328843598533071,0.46893312896454553,0.021992211591226996,0.7473605696575979,-0.42855890698569976,0.41646898135897714,-0.40388799651347146
2018-06-12 13:44:22.579000,0.8738065954345293,1.327904248091349,-0.3070754323648631,0.1597858679179404,-1.55075261812572,0.5288449453419772,1.186458875733511,-0.7475545419049762,1.0127915194967403,0.22130735476739116,-0.11294185034774726,0.7051689774088766,-0.11267206131070036,0.3150488759829742,-0.6738117175570901
2018-06-12 13:44:22.645000,0.8595592874155513,1.2577769906955363,-0.49339138598696797,0.18932794671713868,-1.7415914373502548,0.4332066817069086,1.2442678430595318,-0.6938321737757307,0.9144099142748053,0.32028987640006595,-0.1045274284220862,0.7685221541569494,-0.2238890611436284,0.41668789688364316,-0.37035143070312043
2018-06-12 13:44:22.713000,0.7047001859456232,1.18111997151912,-0.3722404704558573,0.3283505439455199,-1.5896368539722683,0.3605994054725396,1.4501747104282185,-1.0136832067942751,0.6469391261945033,0.41490541080766374,-0.019343777822627528,0.597975188928607,-0.5626326653667919,0.41321278916420345,-0.5282752631308815
2018-06-12 13:44:22.779000,0.905509775937757,1.18345078240884,-0.5050454224993474,0.28617475444365514,-1.715514829731178,0.32029220355789273,1.4651526388632279,-0.8300342632530867,0.7636303215614875,0.12535225397924,-0.2360863864484776,0.9988502844366394,-0.26583357739895885,0.5274872135271055,-0.31457544295351547
2018-06-12 13:44:22.846000,0.8904765611059018,0.9724839066402078,-0.6789211256915282,0.2143197381708292,-1.7290350259428566,0.06727976806869396,1.6025653015994394,-0.7256999493554395,0.6782374500941849,0.07035562101504342,-0.3906716122641437,1.054420538979127,-0.1637746822870552,0.46182564457326136,0.02404436222345486
2018-06-12 13:44:22.914000,1.5927305944589976,1.263384047068182,-1.1388504059692444,-0.11504417230755719,-1.1701611453683056,0.32511643491476294,1.531739466894964,-0.5950056746291655,0.6198138906883689,-0.13937270483678335,-0.5139061243201462,0.8849364672603754,-0.4219873462775657,0.0184519186996481,-0.05350651891841539
2018-06-12 13:44:22.982000,1.4907421913104133,1.214028446361034,-1.147510164936464,0.07217811913458153,-1.0769542844031055,0.13193991906518515,1.8099891857831722,-0.6679963581305597,0.5894652911165795,-0.33031402564756224,-0.27875372819810085,0.7718672385581166,-0.2162783058037838,0.05665884050548871,-0.22276513435967993
2018-06-12 13:44:23.049000,1.6330114360577004,1.2034324162235914,-1.3409590919816947,0.23736017112027277,-1.146563923353199,0.01679553791337931,1.7321195655468111,-0.6349971287715913,0.3428029511024572,-0.3927205969380787,-0.4192200798825588,0.9675082331128011,-0.568155731450287,0.16495944289758196,0.004643845227207996
2018-06-12 13:44:23.116000,1.6067111753991825,1.1184520383320717,-1.1507982978815408,0.2382636165076605,-1.1626038168654533,-0.06519457303715018,1.801039360148594,-0.6962619107783391,0.35942615658324906,-0.3715083024379465,-0.4419163015688906,0.9113980431325768,-0.6231133018372245,0.09021392560088978,0.06326618436877961
2018-06-12 13:44:23.184000,1.5243183411983736,1.1294309740484132,-1.2746695296967234,0.478676078678389,-1.0129362885015272,-0.04187697825444487,1.752786069082748,-0.7145880009836939,0.4108395893640914,-0.43893186842555115,-0.5241244426711756,0.6351516510485901,-0.4553117538531486,0.21615582148815274,-0.2824716989910126
2018-06-12 13:44:23.251000,1.648078612217426,1.2197768039454389,-1.1690287714779215,0.261216300942156,-0.8715552318965012,-0.042473139313002485,1.675971103181054,-0.805101461527704,0.47895612050526826,-0.5623059154780559,-0.6235947976129257,0.7870276264329593,-0.3767334137928163,-0.046662567268990846,-0.3654181409312089
2018-06-12 13:44:23.318000,1.571577315969404,1.1271830906994977,-1.3007182517428062,0.4654576771049235,-1.0166304461073767,-0.22561913695193053,1.75026635877217,-0.6712177206572817,0.3979439427225697,-0.3544060123556934,-0.6281562393466431,0.685637785206664,-0.5922572744947028,0.05769828472706129,-0.06873194039420476
2018-06-12 13:44:23.385000,1.2142466238540992,0.6402671383870566,-0.5689283370843168,0.1841957842204016,-1.124827971594213,-0.3659702592814837,1.8753705858495668,-0.9263854361160984,0.4273929203913136,-0.5580336910104746,-0.29721804464268853,1.6466894384574275,-0.42053286936749457,0.28032969769841,-0.1540082827534629
2018-06-12 13:44:23.452000,1.263015169329774,0.605366380696233,-0.5806385552911989,0.06148564467135623,-1.2062862116713597,-0.3782790322561015,1.9142478397556162,-0.85734059611979,0.4538429227353825,-0.6097710671258781,-0.4150421263512387,1.4669795952991977,-0.3237707966340434,0.23261915162842997,-0.31151628730566644
2018-06-12 13:44:23.520000,1.175841646149205,0.596072706966335,-0.5937766152333066,0.08749456854475784,-1.1315564855024727,-0.44949399593360373,2.057983480796792,-0.7716944156163751,0.4069142722056628,-0.6280820260668383,-0.3707590220936646,1.4517755922974667,-0.3742408721186094,0.23615015035057538,-0.33549402842660214
2018-06-12 13:44:23.587000,1.6081849440087699,1.123042022510088,-1.234424572633632,0.6275789289996545,-0.7321187276143448,-0.433403836280115,1.9124472588413721,-0.6141729351968981,0.17143372257804357,-0.5979898025432938,-0.5008464161509455,0.9647490173264628,-0.826332880986442,0.14701418528559135,-0.17884319038548802
2018-06-12 13:44:23.653000,1.6290884371370482,1.1312961582794976,-1.0402644235263132,0.4552074970458796,-0.6913860527111158,-0.5396680158727923,1.8921157766359764,-0.6052677981069529,0.07608427960534653,-0.7973037857296235,-0.5615100735618079,0.6976105943678873,-0.7404476950683724,0.14657267938795737,-0.20337867788202602
2018-06-12 13:44:23.721000,1.7226771702818389,1.0752232043545928,-1.0096579140080808,0.35838146361509093,-0.5523939800129511,-0.7233089681605833,1.8428503336989221,-0.6019510410309252,0.020802565329636508,-1.063342326221798,-0.642590811462534,0.8131156702680344,-0.6100873901096383,0.2644000395109921,-0.4170697614052349
2018-06-12 13:44:23.789000,1.8451022538181556,1.1524116736374441,-1.2229955341143521,0.5745122830601955,-0.4433058225334411,-0.7337937588103854,1.6798712247073957,-0.38416187174836497,-0.20351211733629346,-0.9437680727214184,-0.6203062921531743,0.7128779427208622,-1.032206289732395,0.19804534916047176,-0.03761822916329448
2018-06-12 13:44:23.856000,1.8592281433392124,1.0287107182907387,-1.1944699800162912,0.45916718448461746,-0.5970173324979624,-0.8971747775541021,1.6682830082070628,-0.4836182041006048,-0.20042600949216727,-1.0330787736713154,-0.6227449803239904,0.7737791253543481,-0.8867132613195122,0.16359742051668927,-0.19587311108930072
2018-06-12 13:44:23.923000,1.8182399623407566,0.9369313544483269,-0.9125329315818564,0.31392998457720933,-0.41793153086278073,-0.9151253621647157,1.492756421450736,-0.5599401151296493,-0.28028019243763014,-0.987637668349738,-0.5608306193615431,0.9171326721719729,-0.9725491653873676,0.1643240124947191,-0.017631646493672146
2018-06-12 13:44:23.995000,1.885293721394837,0.9899897213492395,-1.1397177368931855,0.3847856211475532,-0.23655738974818696,-0.8511670451353484,1.4382921943608307,-0.509264610835439,-0.2737311723646334,-1.061608240918246,-0.5500517629305752,0.8035058361937454,-0.8311773264613845,0.12356214884491472,-0.09703430763704497
2018-06-12 13:44:24.059000,1.8749320365268431,0.97207013829658,-1.1834466097947414,0.3961382005622942,-0.33402246025094173,-1.1353524471772882,1.627069500507154,-0.2567401228921539,-0.6060954989257569,-1.0864958842594712,-0.4261877907564884,0.9581387430754347,-0.8435512404642657,0.16092393036300945,-0.06568583350134648
2018-06-12 13:44:24.124000,1.8259874496297597,0.992429820924664,-1.0716882782196433,0.46313823313981173,-0.4323080373457464,-1.5044529522699313,1.5570463444776559,-0.3066434141840725,-0.40102647004996606,-1.152978319703403,-0.36955107771814844,0.8075094546763905,-1.0666075387155258,0.11388290259359822,-0.0768997721338892
2018-06-12 13:44:24.192000,1.9317276937030723,0.7272715478802849,-0.9458337424687353,0.07532489322570163,-0.21840576049656923,-1.616384878713643,1.4872628631139095,-0.2583638907717835,-0.3859459054585968,-1.3501030540844279,-0.44777549968094843,0.7627860118647131,-0.9347729202822458,0.1007240800866156,-0.25894885721293315
2018-06-12 13:44:24.258000,2.0046560475579547,0.8356246913538494,-1.0100215332519136,0.28395205268731305,-0.07410618964575627,-1.6767245833113056,1.4719933540048982,-0.07873630462858786,-0.580327806246175,-1.2242042938525253,-0.31693373957763116,0.7452323825876292,-1.02375331317551,0.09681088288829323,-0.19051718455085404
2018-06-12 13:44:24.326000,2.1060492474590466,0.9452702505845236,-1.1550389387533115,0.2026437086924179,0.07806139447762106,-1.8896988506943904,1.3381056477433093,-0.1352180456736647,-0.5127762052202638,-1.3494799762152305,-0.2674776574968356,0.5968287239257195,-1.0541368381589362,0.2215494357943569,-0.2864224851186188
2018-06-12 13:44:24.394000,2.046983187563611,0.8193328788593868,-0.9999291157103815,0.14211352494023174,-0.1109073200542583,-2.1203680591825536,1.4174359655624302,0.06294416593044144,-0.5721525427041512,-1.2651904341217266,-0.21666616848641027,0.4160266346306227,-1.1506486777327818,0.2950613549659099,-0.26900874422849064
2018-06-12 13:44:24.461000,2.25972628906411,0.9379278957488564,-1.0152934121051618,-0.07651364555958773,0.20844259336613713,-2.1803770127231283,1.2507799241571056,-0.02054625867930119,-0.5989704566027848,-1.381023465215816,-0.232708235859555,0.4197613038750795,-1.1462027046697392,0.24610330721777354,-0.01827816659660307
2018-06-12 13:44:24.528000,2.129905707676863,0.9343408849111783,-0.8427809712458356,0.06800031498653938,-0.022627659707351255,-2.3936238453454712,1.3230581591443724,0.16769742100226398,-0.7742672276225281,-1.268795239749779,-0.19257378624896224,0.5380144259592824,-1.0765314617133117,0.22629130261146121,0.011882298441977315
2018-06-12 13:44:24.595000,2.0356391075161797,0.613584300324483,-1.2381612356453444,0.23927439255781305,0.12650318987765252,-2.508387133821074,1.259673811592438,0.21044733138410973,-0.5896971176775381,-1.1241872628162914,-0.5561158317302464,0.11728259778586048,-1.2206676159393233,0.1481617933482435,0.18800487087542855
2018-06-12 13:44:24.663000,2.228317966424913,0.9608031046042669,-0.9791663828444007,0.13533383833525578,0.22135382598529907,-2.381316892057314,1.1858724306476498,0.23653434022623362,-0.8684219842183478,-1.0944210963468661,-0.306749417357719,0.43596633259959994,-1.2303145758813088,0.1633886421684237,0.05084955544119164
2018-06-12 13:44:24.730000,2.240466573695085,0.9422601097460188,-0.8438200845900329,0.029913351312692987,0.15197818422780246,-2.3494423438449314,1.2250573403461562,0.11494530891702767,-0.7781529824426882,-1.2327245815010808,-0.12127519182952098,0.5239170290407591,-1.3692270055380744,0.27015643000953304,0.14459918413491668
2018-06-12 13:44:24.797000,2.284075022972223,1.0135144266322336,-0.9507908900914873,0.20235796520047708,0.3104448024264037,-2.3310315385844005,1.1850854108059203,0.04384175625109777,-0.6954410458981477,-1.3240234083634577,-0.12737780616933594,0.500264986031168,-1.0918722662792208,0.2035477857016289,0.17619843557010512
2018-06-12 13:44:24.865000,2.2483787868036362,0.9375453264672111,-0.8343533251942958,0.03732735858424163,0.09813863106255233,-2.438707778780122,1.3181081982811498,0.13794165510484926,-0.668467164261547,-1.2971715334964755,-0.1098680876535297,0.287350961293961,-0.9873278810980762,0.10810949299437908,-0.2964365266723028
2018-06-12 13:44:24.932000,2.240582949064355,0.9248558586885762,-0.8794717788724163,0.14686806663144206,0.12447210968949757,-2.404663633836929,1.2641055146198399,0.2243485096240679,-0.7362835104026356,-1.12344230941995,-0.13585174074692216,0.5239474774300382,-1.2471176602965302,0.2636669765616305,0.09099405968256431
2018-06-12 13:44:25.001000,2.44080469484436,1.0516043767898997,-1.13609662188807,0.20760027706676973,0.4235914736740679,-2.2654855229820825,1.1599479879664556,0.25757050094927625,-0.7208572053709907,-1.0536517815601059,-0.14649594446876804,0.3251746761121125,-1.2829054745844868,0.13185592915558408,0.19739297246905085
2018-06-12 13:44:25.066000,2.382744649983916,1.0210348081038427,-1.0898907800576187,0.3033421277102466,0.39655605400108707,-2.296130864448219,1.189408481257424,0.1719030949152345,-0.6638355647667871,-1.2954589659356714,-0.06226952279533182,0.3985696720961911,-1.2283544357843965,0.15016087245598364,0.12954064340513138
2018-06-12 13:44:25.133000,2.0827216724542,0.6288519282293448,-1.1350867062617824,0.2935788221172352,-0.039592910162696504,-2.6460180227442307,1.2697745114544658,0.2045302595481401,-0.5873868406784302,-1.0269905067038843,-0.5570948004043066,0.19136427054922356,-1.0146302537040315,0.35892443371796445,-0.04987490278993216
2018-06-12 13:44:25.201000,2.357249393922622,0.9496492077499439,-0.8356182703860644,0.004595786209499159,0.2023800132011513,-2.414248511962665,1.242106837841475,0.18009963394891573,-0.704375422004891,-1.1743531770306705,-0.26964826423457766,0.3658676711960275,-1.0383426577060304,0.25093369226541606,-0.1847285766652435
2018-06-12 13:44:25.268000,2.4603655341619026,0.897437591957055,-0.9345737934832253,-0.15779864219096362,0.43081181926006096,-2.353712947233742,1.1794518923209512,0.11467995339710912,-0.522393236854891,-1.388206994893555,-0.20809201161993066,0.20173994545045748,-0.9116710303915757,0.14123283275688123,-0.2455468804072513
2018-06-12 13:44:25.335000,2.3948449440117887,0.8237507162634699,-0.8628301403225777,0.041839123811718754,0.34327258026518326,-2.388539063950979,1.1980097263777978,0.25139402005016165,-0.6067374131338439,-1.318776568370156,-0.16374375235142916,0.1850931265843586,-0.9503647236340291,0.25231850735367606,-0.11849202611189501
2018-06-12 13:44:25.403000,2.340573886417598,0.8765398941524452,-0.8621490812448179,0.3460046179158479,0.11398710903041748,-2.418440078683611,1.1744755456516707,0.3584996091966742,-0.8102059751384599,-1.1487379117319514,-0.23170185304445565,0.3871408990683971,-1.2602075754493023,0.2287363296235944,0.139468916605202
2018-06-12 13:44:25.470000,2.4267888852358244,0.9013388774071591,-0.7951580142829023,0.22826041830710894,0.2309722247951348,-2.476887034639523,1.090193103009681,0.1204631474414129,-0.6484097841904066,-1.3385462157139258,-0.2680626437366046,0.49115092570881347,-1.2718608513714762,0.2205880039259907,0.11676078299158928
2018-06-12 13:44:25.537000,2.424428984472833,0.8445790951766856,-0.8166736691553594,0.03707688322384406,0.2871698846878361,-2.3904516207619397,1.1494315387090608,0.24818328132072984,-0.7939751904504773,-1.1891170545641083,-0.1397872610910846,0.3139649509438007,-1.0082147192798532,0.2887059669977778,0.0032376678406360188
2018-06-12 13:44:25.604000,2.443260381311969,0.8175838149323797,-0.9070117305783405,-0.007808636580193679,0.3602289761843932,-2.4434976508752024,1.1309877752655195,0.15778873980367428,-0.6878868369315285,-1.3008322994136048,-0.1072501883019277,0.19848371404227316,-0.9317752835559497,0.28069768501503356,0.03180267432729918
2018-06-12 13:44:25.672000,2.3660583837793334,0.757204285484838,-0.7014606779536816,0.04339679145523431,0.20370956952530073,-2.460005062525783,1.1379285565121844,0.35327044948732483,-0.8617961427057754,-1.0882351264477008,-0.15216580032537222,0.33985094920397285,-1.0708399880670463,0.2958046628600651,0.010843904285991537
2018-06-12 13:44:25.739000,2.436598530606008,0.7896763068358561,-0.7116911633449586,-0.019853693126963917,0.239581715516767,-2.474220571144329,1.1626170458637293,0.2444453313561686,-0.7935731642287189,-1.3229530149371098,-0.24860308914372706,0.3553053675178769,-1.0231143625959844,0.23552484078376537,0.015332526589102904
2018-06-12 13:44:25.806000,2.4609178633471993,0.8186787762706207,-0.8229373405719863,0.14596447430729478,0.24994044982513952,-2.462830975515634,1.1066489639329085,0.2702449676870874,-0.8125525028586522,-1.2094085051081627,-0.037455786922732964,0.2375425180039692,-1.0844407561248666,0.1350083478971903,0.015234551607225269
2018-06-12 13:44:25.873000,2.5729692088823244,0.9324926651526679,-0.8995445104810132,-0.005761713416375158,0.47625935668245134,-2.4553545488601234,1.0657940951359064,0.3893585678951133,-0.8330864697595105,-0.9948931782023822,-0.3044440209566328,0.14392800352290536,-1.0916188771485136,0.1743436370618243,-0.03993803237311554
2018-06-12 13:44:25.941000,2.460022889530495,0.8496730855461578,-0.7243547601163175,0.08583507271655322,0.23218939832897945,-2.4553949205153596,1.1248395093039116,0.2805384696329025,-0.8954108341730576,-1.0867679271511697,-0.05303259299413515,0.41359253709983634,-1.2637919765475782,0.23374034718856176,0.1370287146273994
2018-06-12 13:44:26.008000,2.4366566090665644,0.8475194403290682,-0.7508527250093135,-0.2026885839311413,0.2625826900839594,-2.336202961747302,1.169640010298255,0.25771262678847634,-0.7899088738892124,-1.2411971456563702,-0.2580825348344735,0.2747767246078502,-1.1130401155642131,0.004845333459710853,-0.21494190112542277
2018-06-12 13:44:26.080000,2.3599863165390653,0.7766632077827156,-0.9413089409050752,0.10768274023708643,0.2024311986909666,-2.036894237574609,1.2042916871604454,0.18369546094306144,-0.7847040414766036,-1.2213934784233178,-0.3038913867787211,0.43342438605163724,-1.159165071312207,0.011901086484529762,-0.1734118187763526
2018-06-12 13:44:26.141000,2.237997646291377,0.6982907638407945,-0.9260946927886549,-0.053179264267100956,-0.043149424273137255,-1.9914702367362054,1.3327358592056489,0.060749544795206285,-0.794495170218395,-1.0324118613496687,-0.33379939394722924,0.8483204815722669,-1.0727705415071174,0.17227084561972528,0.07609227930050501
2018-06-12 13:44:26.209000,2.277674034585403,0.7559428509238209,-0.9558540064847805,0.0379570840886824,0.0068396016647713775,-2.024847978229175,1.2771798463480066,-0.005744769591737038,-0.7384671769866696,-1.111165560013228,-0.25756513802360903,0.5997395308887774,-1.0872199251528838,0.19738079399646738,0.09479619293236476
2018-06-12 13:44:26.276000,2.1764904683246336,0.7828247635518739,-1.0677767091465704,0.17515420318271366,-0.01604714797337159,-1.4977499858664947,1.3199522964765285,-0.30314723999708393,-0.5963679495101533,-1.1949306665662403,-0.45047000540267446,0.8642954418404897,-1.1192290741588327,-0.3342947656328574,-0.10249518758211827
2018-06-12 13:44:26.343000,2.0275954389326385,0.603073504375623,-0.8160573321751428,-0.05868643703546954,-0.28104782959218255,-1.4649860675895416,1.4778850157624022,-0.33195275506839667,-0.6317428136863441,-1.0567508592905952,-0.4880782528642007,0.9468456705973608,-0.9185634223871709,-0.15370198930413523,-0.2676906206551711
2018-06-12 13:44:26.411000,2.033320531047603,0.8383661900594905,-0.856825094343175,0.2693513102380406,-0.3475697993778747,-1.3634124756865438,1.5503072783051381,-0.38539313710338274,-0.614925662943643,-1.082676016135014,-0.3174491738216437,0.841176579203533,-1.111420353141134,-0.20149488542964142,-0.17832618593917315
2018-06-12 13:44:26.477000,2.0446141772780377,0.8070901085314981,-1.2107805124335975,0.24009154587532075,-0.2746713290149563,-1.250375837823114,1.5365202373208522,-0.33528164493305873,-0.5205708416634421,-0.8444659660948528,-0.5850200616263709,0.5868670523594169,-0.9975976572844603,-0.03273754078754157,-0.16079094366429136
2018-06-12 13:44:26.546000,1.7808364958602692,0.5824571257689133,-1.391518361102382,0.18359937022181153,-0.6620735977977783,-1.1611229675486676,1.68513618219484,-0.5027346492548501,-0.2665567600729449,-0.6311208797894312,-0.5699149541290103,0.8264788572919181,-0.7721741932394591,-0.07766578447085179,-0.15823662294779006
2018-06-12 13:44:26.613000,1.5722694099514243,0.4171724311001633,-1.507667060526759,-0.0437828323395746,-0.6922394522225237,-0.5722233869605691,1.7239612915889642,-0.5377592021324922,0.18742336926378655,-0.3592618079398443,-0.6799175101029127,0.9051170656724837,-0.5385704213878122,-0.19915277164106523,-0.21115424049833503
2018-06-12 13:44:26.680000,1.559405138301115,0.5701383230676778,-1.697756700728432,0.17304988608470898,-1.1145369639224385,-0.5357574502103097,1.733606028295244,-0.6168916656325505,0.2070676042234309,-0.048360719761779136,-0.6678053510546109,0.6155315313805065,-0.5970250341184871,-0.0946368689675835,-0.14158068871020374
2018-06-12 13:44:26.747000,1.5485269568644626,0.7070448777583869,-1.6197786160307273,-0.07700067991587567,-1.2499831350468806,-0.38950688958012364,1.6710130089926083,-0.8089620339902487,0.721170389306778,0.07361759038100871,-0.6904981841784674,0.35201443971324486,-0.32492287849756846,-0.14846801927134548,-0.5116022081358607
2018-06-12 13:44:26.822000,1.4746672013695754,0.7250514762094604,-1.7149095279645776,0.16893849030768246,-1.5833782151343165,-0.12367935569418334,1.4050878099899968,-0.5671299930959444,0.6370469535761446,0.41195909693055177,-0.6243967152496215,0.4380483025164318,-0.530964171451185,-0.09630484097911504,-0.3122071843953037
2018-06-12 13:44:26.881000,1.5215985737444822,0.8713833378406832,-1.6437332456373988,-0.03009016502575952,-1.5341775922578713,-0.10373598224194827,1.251640047941104,-0.6248189897693315,0.6826572051249404,0.6723029062617336,-0.6966867663767138,0.05192809866543968,-0.31769965809596795,-0.14316764002903962,-0.5618146095005919
2018-06-12 13:44:26.948000,1.5056964394773331,0.9656613585163902,-1.562235303724249,0.0894305693013949,-1.6397636489839,-0.06798001644325136,1.2658373737382256,-0.8306377808108095,0.6426751719633826,0.6728877706149891,-0.5666953305098097,0.17502000167855025,-0.4271129072337533,0.05827348522556393,-0.415130533065772
2018-06-12 13:44:27.016000,1.2618305423239171,0.659751725313565,-1.0053204902191049,-0.14632351083506073,-2.1808424621282665,-0.21047182411605592,1.1949487336616396,-0.8229948978510276,0.7076996350698948,0.534278319156422,-0.31418852183027546,0.7094307318469771,-0.11906811485506837,0.033189304010546,-0.48900235985802704
2018-06-12 13:44:27.083000,1.1339189913641867,0.7661407778741995,-1.0348763566815296,0.01937084908972292,-2.238605035737363,-0.12609062635341178,1.1998853502144513,-0.8031938017203507,0.8112976674833522,0.5378572197822092,-0.23663256956493958,0.7792479536702266,-0.1540819634459955,0.10569484802526492,-0.3743793555906108
2018-06-12 13:44:27.151000,1.0299368523428156,0.9112550926928455,-1.0410023674172393,0.13805206054127292,-2.236998846313844,-0.04577893243118609,1.1016994885783853,-0.8526763327595958,0.7494028882910143,0.6393145551295775,-0.23680812062637321,0.8173816236302159,-0.10894999352853019,0.34915757938204306,-0.33097662064487055
2018-06-12 13:44:27.218000,1.003083271121465,0.9204542974097203,-1.0156296217720389,0.049520862893529805,-2.1894563498559543,-0.03749645205596256,1.1368711613690388,-0.7295207083821711,0.8571407247093669,0.5350509075848862,-0.25360220007133716,0.7691638898025609,0.044868959716823836,0.25136627550722496,-0.38592879681761394
2018-06-12 13:44:27.285000,0.9933283991391928,0.8750813916382347,-0.9529746275656367,0.04750830362694011,-2.089561862960843,-0.03317172530370958,1.156553050794535,-0.8029211729696388,0.8837751700865056,0.610343685623512,-0.2437475444380339,0.86158986405101,-0.07217137340229764,0.3127091347921641,-0.17196635083208522
2018-06-12 13:44:27.353000,1.0269293669065758,0.980488386256551,-0.9032041577083845,0.1227331007442449,-2.039621218071889,0.04189669308045438,1.2053158613448218,-0.8533013255312312,0.8624884645768608,0.5243652105063863,-0.2270330781446395,0.9781796636985701,-0.16214789996242135,0.3312830226693321,-0.2954336079031758
2018-06-12 13:44:27.420000,1.14075647182564,1.3614899632684596,-0.7084908179098987,0.05707397107435741,-1.9250683130941049,0.005319630128478572,1.2867945593006782,-0.9026657659126145,0.7787700047894485,0.48043923023546997,-0.20739216636289956,0.8311092538454815,0.03757441341129064,0.28269753078457427,-0.3154121832198363
2018-06-12 13:44:27.487000,1.166684161340445,1.4259249392085471,-0.6199879189539973,-0.004199404433133352,-1.8799730680038198,-0.0021324151418021173,1.1676948543150378,-0.8428631968538066,0.7090933481594585,0.5550165290936672,-0.18486475426252433,0.8731193532089384,0.12026399730066434,0.2838675327868423,-0.34606911165793813
2018-06-12 13:44:27.554000,1.1179607813836325,1.4013310472757357,-0.5490905450841153,0.07339049787848345,-1.7830115640746218,0.07786045260323213,1.136863827125405,-0.7416433724884155,0.9597079912973215,0.5339971369323332,-0.14369040556880322,0.8471761893708178,0.24617578439311005,0.16563046680540244,-0.38862772601391965
2018-06-12 13:44:27.630000,0.9243137402387798,1.2079399531630497,-0.7719644639207139,0.0329114539368299,-2.0569429967781305,-0.06973973757296076,1.1511361558228401,-0.5131475223399021,0.8416618140066944,0.9047447231700972,-0.3190602170756973,0.5146243752037021,0.3597556480077664,0.32314366903387826,-0.3554534821966257
2018-06-12 13:44:27.689000,0.8100261792173402,1.0660039197982274,-0.7875970732286067,0.2689674226735498,-2.0242931697396336,-0.017431681618281354,1.1320732993421205,-0.47696530582817653,1.0683038708309782,0.7859860326254279,-0.19590603252967323,0.5633084445942698,0.3418748077695949,0.2824101355880801,-0.21549660646326912
2018-06-12 13:44:27.755000,0.6521048225527304,0.7265947358574667,-0.7963238533518582,0.3201255413297147,-1.961720522661843,0.14699003986226572,0.952525538113468,-0.4572590021832056,1.1656190732784295,0.8136399287048792,-0.07604292299559548,0.5713978041323925,-0.030379403530031823,0.25450838134445514,-0.35360613540330665
2018-06-12 13:44:27.822000,0.6104478522365357,0.6953317930364664,-0.6166761166713696,0.37603192567558796,-1.7532027296501653,0.31819557486836714,0.9172930303716318,-0.6530525604090062,1.320642374597368,0.6846226851144221,0.06528963815662676,0.5120544682585434,-0.2814978286527051,0.10181913742715058,-0.38271617006811365
2018-06-12 13:44:27.889000,0.8922432353249468,0.8465284113409779,-1.5451392549795029,0.6202892714970147,-1.4158430584631185,0.6003103310164557,0.6182654958739922,-0.06670933110793412,1.3513220537109465,0.8940483453529054,-0.20219956289269467,0.01935805587720474,-0.4497422507375829,0.08788418591181224,-0.19760189981445414
2018-06-12 13:44:27.957000,0.6617694664031135,0.697417006372,-1.410714940031397,0.6928296715105298,-1.3408494264542785,0.672247021787086,0.7517962003824296,-0.08083046574568767,1.4642803452936537,0.8011193564697374,-0.017141296534776862,0.3013955436911755,-0.45695774777756615,0.0411616999238925,-0.3384904365819621
2018-06-12 13:44:28.025000,0.8040122886748233,0.8452783406316184,-1.6484753410366226,0.8014663428128534,-1.1664881352264551,0.6479456145724527,0.6026383926229226,-0.09186364737371305,1.5713040711515975,0.7467445411803829,-0.011042451872761178,0.1364598174934779,-0.21997445024927453,0.030450980983204944,-0.47351015132867685
2018-06-12 13:44:28.092000,0.8192555471660783,0.8618025663396378,-1.4940029223166398,0.5975586405735296,-1.3258132643154568,0.6133581860739301,0.7199319690822915,0.02441156030735512,1.6910281355166634,0.7787737267759232,-0.057572047255990993,0.0714696297507853,-0.1372287480568563,-0.14764149550140312,-0.4451339162673496
2018-06-12 13:44:28.159000,0.7446640650460443,0.8404832962214499,-1.4535501227155418,0.6166225980109558,-1.4783892655014705,0.6611533447366786,0.6807482816592876,0.18210230434492483,1.6604850714914559,0.7315148999644302,-0.08640354872266928,0.23857009305120958,-0.27429176007360967,-0.09157864104952115,-0.3486263452570117
2018-06-12 13:44:28.232000,0.8583300315837352,0.9119811950642005,-1.6936288159734685,0.7283206211983493,-1.1982072283602108,0.6687423645751931,0.620167026401344,0.06763566596043949,1.789177611247018,0.7048458155227,-0.18713864846625558,0.346067867540794,-0.24351317938870953,-0.07074733849193685,-0.32659405082080983
2018-06-12 13:44:28.294000,0.8084623099845358,0.9593431223151538,-1.6056126777121547,0.7320776242715112,-1.2480508387790148,0.6762689815728187,0.6617096304441661,0.09516230929538355,1.8279728672764604,0.5917908637742229,-0.15591254835038162,0.43226543454273264,-0.31899707740046335,-0.1355964643601166,-0.26074580875059206
2018-06-12 13:44:28.361000,0.9699199247786221,1.1292208228674496,-1.655766274801941,0.47345157985842556,-1.1705604255166522,0.741533619484724,0.5964293657493799,0.12415869671487775,1.8727863195172478,0.7723855048617628,-0.2595413528449333,0.4216421697088323,-0.19222393232067625,-0.32699803696669105,-0.5803436083075474
2018-06-12 13:44:28.428000,0.8907404029732815,0.996796699564682,-1.7229215318441773,0.5328680610603627,-1.0528999779857424,0.8745473177639926,0.5850949288861966,-0.033965976033387905,1.7025233501640886,0.7926237054655895,-0.17978716138738735,0.2954285190961757,-0.2362778741826735,-0.004306981002527188,-0.4929377390284417
2018-06-12 13:44:28.496000,0.9014892572686151,0.9563907500323352,-1.7761525299738399,0.7000850520926951,-1.1233755038615314,0.8011731911784776,0.5866105206790819,0.18909546247914982,1.638133836601095,0.8167960238198083,-0.26435503800619475,0.10942436175347448,-0.1344145182656007,-0.12609151485600703,-0.3501373352352829
2018-06-12 13:44:28.563000,1.0068335117515068,1.0463606716892966,-1.7576806721806,0.41446645671253357,-1.024734263237447,0.911048832215775,0.5446527942528332,0.048534071879436085,1.6659210707690484,0.9440546870371475,-0.3908376961798009,0.7046833376751143,-0.2620490802660816,-0.22366294038645781,-0.49139907976588987
2018-06-12 13:44:28.630000,0.9582339918463014,1.0566649431419037,-1.7861136572903362,0.5560299305556764,-1.149986191204965,0.8602414536491171,0.5821831947878031,0.12813519997647213,1.5750695204273981,0.9965073934868943,-0.4027671429468047,0.4668252430514153,-0.35053143494244954,-0.18623087130910507,-0.33161865197488155
2018-06-12 13:44:28.697000,1.0827319835844875,1.0431795652682918,-1.9753505142200323,0.42596771761510377,-0.9778013097994975,0.896535783343227,0.47838911220182734,0.24748366443763734,1.7073541261995229,1.0264834890994643,-0.3121558491908514,0.37326529915041906,-0.3065620469779058,-0.30817556811152835,-0.3852981089111481
2018-06-12 13:44:28.764000,1.0288015240535482,0.8695153138173413,-2.2288274049607963,0.5210915982641278,-1.0505692073133868,0.8706645137340147,0.46998470998795605,0.6410076036872235,1.6721221093206005,1.3235772892081923,-0.4649553304174324,0.4362527080297962,-0.18193733755879327,-0.317247627431811,-0.4665845937089909
2018-06-12 13:44:28.831000,1.048879055826057,1.0162259774623557,-2.011338449841383,0.6924216141645405,-0.9939293933565023,1.0248967379457556,0.43103630661455555,0.7296798403794881,1.5994425785082078,1.2019906111928917,-0.2965392858659841,0.6724448377076934,-0.306564767760255,-0.33958712655798096,-0.5754916105417881
2018-06-12 13:44:28.899000,0.9783618910316103,1.0057072592212122,-1.9763894113024505,0.6565270964177562,-0.978286815044462,0.9928850925897493,0.4361211939582772,0.7229628806089844,1.8376722747993117,1.0060022851821202,-0.29379757931372297,0.5183625001808567,-0.2925254483832728,-0.3509817456292714,-0.4307592293946057
2018-06-12 13:44:28.966000,1.0050739942241158,0.9927872416929213,-1.7838770064043235,0.5042181708514549,-0.937372223657243,0.983333112334179,0.4628263563544605,0.7751042646253963,1.8659790142602666,1.0064318526675318,-0.2327919180204074,0.41810016024282975,-0.10310892411493278,-0.5513218935418281,-0.5548053613126123
2018-06-12 13:44:29.033000,0.8074605401768364,0.7986437713662209,-1.9328039882957984,0.7271598851815024,-1.160893265009209,0.893483840305701,0.5412151110719936,0.7884797126732408,1.7442643544694647,1.140554461551404,-0.4538904882648811,0.5695972446133895,-0.25790337971374566,-0.40902725464611467,-0.328180337082865
2018-06-12 13:44:29.101000,1.0303868146137107,1.0233406043318958,-2.1081411931163063,0.8275693298609423,-0.9488932111323707,1.029886376453757,0.42580892898773354,0.7704565650994798,1.701623519384813,1.013494623974566,-0.3923581647064841,0.3500217353409149,-0.3469523232269041,-0.41237749756326836,-0.42402714809926817
2018-06-12 13:44:29.168000,0.9144130101717165,0.9513916928985797,-1.7504086867151976,0.7937917335828485,-1.2166966334815026,0.829962178845002,0.5550671290593114,0.5998769625975003,1.72070713870749,1.0473897371441625,-0.2053814844130014,0.5242284634532586,-0.13709073671915087,-0.326202635940642,-0.32536118710618794
2018-06-12 13:44:29.234000,0.9701894253450298,1.0071839830725355,-1.8214630221741157,0.7572694441326633,-1.0895261345998493,0.893499614883392,0.5118297041930864,0.5671641278163978,1.6863895106284916,1.0571774370808735,-0.1998519501391954,0.5632417381178683,-0.2268747567756691,-0.2985069576425471,-0.2860350342293165
2018-06-12 13:44:29.301000,0.8869746383460795,0.846147469606225,-1.4685192199476476,0.6327713647984395,-1.4842042090918506,0.7428096054051014,0.6764703522716342,0.6145503399979837,1.7695982167726552,1.0203884456504637,-0.14122091571514325,0.46045306156261506,-0.05905150311564705,-0.36162398763475057,-0.44151857985697834
2018-06-12 13:44:29.368000,1.0268421318779124,1.0859083850657654,-1.763714451248813,0.7063783556416406,-1.084290501601371,0.8883025312108725,0.4425940389761511,0.43092580196298474,1.8085857726886374,1.0470780262342938,-0.1663488643751532,0.4645974273382444,-0.27340064392789576,-0.26147271132405625,-0.374462994435173
2018-06-12 13:44:29.437000,1.0705650015259538,0.9623443883078857,-1.5708291307108453,0.3464434645255463,-1.1490273090719845,0.8857617570523524,0.5236299526776609,0.550147307966328,1.7712703025504508,1.099997088782581,-0.30660121666680806,0.38769630763072316,-0.051220866441864465,-0.43261220921161514,-0.4917355674096005
2018-06-12 13:44:29.504000,0.97771052671159,0.9793138383219464,-1.6415894139084124,0.7760250730263077,-1.2105567784855182,0.7603409013337168,0.49362529332446153,0.4864956865377344,1.8111315049673462,0.9361980475922337,-0.05066454410888102,0.21552898382075053,-0.05684287113761555,-0.4124858231187051,-0.27057239183115184
2018-06-12 13:44:29.570000,0.9792669515338268,0.9591430926359581,-1.6192663095936608,0.5708608187312915,-1.299646920997894,0.7948772351890895,0.555345858109715,0.6652857955174718,1.7726837652797376,1.0150960600578753,-0.28453208974928346,0.34161861146467676,-0.11848310880187585,-0.5620495931225439,-0.4066353394988977
2018-06-12 13:44:29.638000,0.9363222779822822,0.9573642733814143,-1.6105830643202423,0.6927384965012917,-1.303226999295032,0.8485710340875237,0.5342736810790445,0.6132655941352031,1.7263732281041815,0.9733358593047435,-0.15311680845935474,0.49676904578667813,-0.1530746901412292,-0.4096307005119856,-0.3464496595601813
2018-06-12 13:44:29.711000,1.1054402317695682,1.0050261279713244,-1.9698831488496167,0.5791163503360577,-1.1235245553569957,1.0161590902067175,0.49558839736079857,0.5492193799510395,1.7974801949918833,1.1024909322147054,-0.286901069483922,0.557272967083264,-0.26961109658315663,-0.4429955704373808,-0.4079290146041155
2018-06-12 13:44:29.772000,1.0181758029983707,0.938340398912459,-1.8973153528879763,0.670876805315301,-1.2681609291537117,0.934278521097103,0.478371455067992,0.5163673503326033,1.8654165851270537,1.1231186524609176,-0.2769898610175995,0.6690585210173405,-0.29618442914652954,-0.20398529725797906,-0.32861648609385646
2018-06-12 13:44:29.840000,1.0082378486541992,0.7849799757233116,-1.823069400531575,0.5142610105083592,-1.362606981049306,0.9069236359924625,0.49922500560215344,0.524346716595868,1.834888800841639,1.119146423718556,-0.30892402771611516,0.7266459665231794,-0.08238990217007391,-0.42145232089477924,-0.4224972013733243
2018-06-12 13:44:29.908000,0.9355955388158792,0.8092071093438804,-1.7603992944446192,0.6742150665917838,-1.3989072879215818,0.9124946620200518,0.5237556631790287,0.4914179220237262,1.8969589189754825,0.970675268371575,-0.1678188453879044,0.7446951180334247,-0.22993321534288008,-0.18466010940081665,-0.33596294467125476
2018-06-12 13:44:29.975000,1.0596401623094387,0.9242073275866256,-1.5772117342282892,0.5049402561133999,-1.407235541206724,0.8841087065177602,0.4519541110527342,0.28687907315900857,2.02852517789754,0.8121195525714987,-0.19180754031528732,0.5389732367809197,-0.17125161131026528,-0.3240200152756364,-0.29465663012866317
2018-06-12 13:44:30.042000,0.8569560830304366,0.7551057754242487,-1.6160285291062626,0.5183629710423662,-1.5964335222953945,0.7327833053918774,0.6503807247264168,0.2835262139444564,2.012455852273917,0.7869045567345564,-0.2102375586112508,0.4053799860306895,-0.011844408968021164,-0.22583272847900585,-0.4417693232191126
2018-06-12 13:44:30.114000,1.0726505642200008,0.9367650079387129,-1.5232618846819415,0.2903671501474232,-1.5304538567940331,0.8606307364265033,0.7161668730279892,0.23693479245783908,1.9609406414091435,0.9207454780065992,-0.23116007313827644,0.3707290975682947,-0.12234140986916098,-0.3435041949607558,-0.3449209454946092
2018-06-12 13:44:30.177000,0.7699237044894125,0.8304372252791365,-1.2151227527865267,0.28323626025722093,-1.250082756949719,0.7172377290817986,0.7311213280393832,-0.3362443675451391,1.7225692812889122,0.820357618145554,-0.09775610045195895,-0.23186896803737522,-0.6323745498456946,-0.3248726619370035,-0.49218672022676774
2018-06-12 13:44:30.244000,0.6442274004143425,0.6915831128341035,-1.2794465268240776,0.5944682586379944,-1.58284092394495,0.4845111798511532,0.8197003610564361,-0.38864074792833914,1.6635601769230521,0.884005581960802,-0.23132882164297905,-0.02837948972491458,-0.5515942785432876,-0.04058498334040647,-0.28563174699572186
2018-06-12 13:44:30.311000,0.43329482626641,0.6277887796461723,-0.6579960724058572,0.5182410554890745,-1.7451314112309513,0.28952865861346705,1.0424008985519868,-0.6192727957157703,1.4687322713903996,0.8630337802420076,0.20464685536030083,0.4408403582059963,-0.6279785438484486,0.05496430005525771,-0.5503622240055883
2018-06-12 13:44:30.378000,0.6489337829297837,0.8835526543997176,-0.6397432270683989,0.16737491848521538,-1.964603412832329,0.34433244920964196,1.2204635757960007,-0.9044963614114053,1.2694907249791085,0.9492746441361762,-0.05192516256920923,0.2340478435133425,-0.603182076134389,0.038304006547043176,-0.4980966032956046
2018-06-12 13:44:30.444000,0.5070560903653392,0.7786187405785245,-0.6822582766425004,0.3277285743521299,-1.748124352707533,0.3443737467556692,1.1740552432926368,-0.9071777938156655,1.36809411849474,0.6326210359869658,0.08000158465779217,0.4560702740649423,-0.694095060750253,0.08398211919917369,-0.5234526116145841
2018-06-12 13:44:30.513000,0.6380014353271455,0.7818421011494257,-0.7026189084860264,-0.1348109781677969,-1.9894922746016934,0.3681644041242303,1.2251752766266328,-0.9731398444316085,1.2524961856064065,0.6628504988453653,-0.1568813459511417,0.013327090453528555,-0.3049575622316594,0.0017505766180988813,-0.7538532596752956
2018-06-12 13:44:30.580000,0.5945788840793362,0.844712625283387,-0.7134925834321877,0.2839296039283572,-1.8652482470970375,0.30772529369867124,1.130019393788806,-0.9292796528786857,1.0495783690596978,0.6176148391159836,0.11173827741537909,0.49301392620302276,-0.6675504812742099,0.23544574559540682,-0.33284174895720914
2018-06-12 13:44:30.646000,0.5704176076407528,0.8867972230636818,-0.6943034327480606,0.40801617036062,-1.9473967685194709,0.3138982077583063,1.2561816810711233,-0.9769112621820695,0.9179920259018598,0.5424785550608985,0.012159727362815898,0.3902194255836241,-0.6804996014141885,0.23099702726499502,-0.49730686378813077
2018-06-12 13:44:30.714000,0.6797954800523218,0.8873633829315162,-0.7790980975821098,0.3252176957318227,-1.9969114767234444,0.18082606352244096,1.2867769574575774,-1.0335069913518262,0.8961936013857651,0.535257918969447,-0.002221836339712735,0.46038885811311414,-0.7248701498548099,0.32427430262066603,-0.42222896821296196
2018-06-12 13:44:30.781000,0.9835397613721919,1.1507678306688314,-0.8127180707923984,0.035006505524174586,-2.0408248713645443,0.17366721467325674,1.1938198492021344,-1.079955167728156,1.0363268638900478,0.2421963466994621,-0.22225539765067195,0.7912738492648922,-0.31326458733423934,0.34868006576724253,-0.4634879455233703
2018-06-12 13:44:30.849000,0.9848941547729009,1.1395412450100169,-0.8764305261759857,0.21762229063605362,-2.176844822309704,0.06426508870071289,1.359623415931984,-1.044293546978362,0.8316635070113619,0.2111248003126267,-0.307560675218736,0.7063620030889527,-0.2488508951968528,0.378925386674981,-0.4714251776672708
2018-06-12 13:44:30.916000,1.4562772046217294,1.2799682670770283,-1.678234234095935,0.09335604676860682,-1.6052373921908019,0.39186011125953313,1.2719702808020452,-0.6540012999620858,0.9346657855572355,0.10207828862016591,-0.6492057609005306,0.3111338515973515,-0.21314036746368353,0.03283900341354777,-0.3259136712003995
2018-06-12 13:44:30.983000,1.4008607079583224,1.0235908157097677,-1.4271553098922067,0.14443355556928508,-1.622021475282555,0.14624787032703765,1.5337004799114697,-0.6434262578075837,0.6803365788399156,0.021413787022892553,-0.49853001739001346,0.7451893948931614,-0.47881241748878245,0.07026367023943,-0.17051656563960543
2018-06-12 13:44:31.050000,1.5110495154704027,1.0891009157026348,-1.3831900697041803,0.11405494848402911,-1.4943289670093554,-0.09797760045873594,1.7472875556194185,-0.8290251688257002,0.5686684543147004,-0.22593537735395075,-0.45980496537953397,0.7637511994339418,-0.6129634667466758,0.058315109997796946,-0.11700251031488991
2018-06-12 13:44:31.125000,1.4403490250267659,0.9827995286677869,-1.218664349036669,0.0042459867788320615,-1.2962493494885086,-0.19150183262799197,1.9543131027994596,-0.7614103514593877,0.4594010729031327,-0.42173889297114925,-0.46904967767975536,0.8197880114121406,-0.4717936115342202,0.08769426342738547,-0.37408174812722034
2018-06-12 13:44:31.185000,1.587140845898198,1.0485348524883267,-1.4615122549174266,0.3380678291878043,-0.9854758811997287,-0.2539334908637581,1.881482275101237,-0.7841480264038853,0.428961125707387,-0.4155553182241428,-0.4801184244427825,0.8254877980661905,-0.5594463322200584,0.03408366511033877,-0.1652987815869414
2018-06-12 13:44:31.252000,1.6177349762222382,0.8255076467983689,-1.3163272516840923,0.1890829381389504,-0.9079694023202243,-0.4867362291330119,1.9040454238932414,-0.8677293143782577,0.18737541294892224,-0.45099304502723414,-0.35442084759284675,0.7967145235483374,-0.4975351260883193,-0.08211036063211616,-0.14371677606744837
2018-06-12 13:44:31.321000,1.629557320394392,0.9647296998486257,-1.3364845945054526,0.18714136682872853,-0.8251470003795799,-0.46484745397299615,1.861026784181004,-0.8068356494896788,0.1909715883517158,-0.6602483950621144,-0.4927868372678892,0.8263204324682294,-0.5500491024898485,-0.12106943325595113,-0.31399952859253516
2018-06-12 13:44:31.386000,1.768908324695273,0.9728186154221732,-1.3436887817432375,0.12413607011336894,-0.8471521585947754,-0.5516429201563393,1.918513369181365,-0.7416230109605779,0.2559545381312952,-0.7323184931830599,-0.5487363916080255,0.7314551055417648,-0.5069335284039147,-0.1994548459753481,-0.4818819632578151
2018-06-12 13:44:31.454000,1.5729666189715594,0.7479677492764907,-1.353487049324264,0.13029919394183268,-0.7961010101869812,-0.57174398769402,1.8856864689229336,-0.6082751005125131,0.3601896729736107,-0.6484792117422892,-0.5424725335662997,1.0271259305999298,-0.6019367384407858,-0.12158381435205598,-0.24002215980225494
2018-06-12 13:44:31.521000,1.7367121495845081,0.8982318980836688,-1.5430744408150634,0.3725113417307433,-0.6831390135284491,-0.4672879468380684,1.708675964939777,-0.5659842543935758,0.08974650806411699,-0.5441154593208921,-0.7174407371835105,0.9550836224261945,-0.8732555190760406,-0.0995020961587269,-0.12418817175972736
2018-06-12 13:44:31.588000,1.7721321675443136,1.050005120394698,-1.5195486281213146,0.2860054201342004,-0.6420269857212955,-0.667065839828591,1.785217880896388,-0.7686053074570457,0.1412289284705563,-0.9458144664839757,-0.8479797194954293,0.9764404212940212,-0.7045714431720719,0.004599301959318958,-0.306805041493766
2018-06-12 13:44:31.655000,1.8173181374267093,1.2151026185672313,-1.2044252525975505,0.34671898785822053,-0.7338786216453134,-0.8434854951426212,1.9011353641008109,-0.6910304585072525,-0.03674069676929062,-0.8379112389059143,-0.5516853743341611,0.832012232444727,-0.46055117826798764,-0.03843775216597793,-0.21713805229894417
2018-06-12 13:44:31.723000,1.77839048879994,1.1989058153120102,-1.2505189072685958,0.3017560659023151,-0.7881471975721717,-1.0056765872109548,1.9047255473731322,-0.6002395215096816,-0.06364999307341805,-0.8221551789930875,-0.6010079522320039,0.7815473124486441,-0.5172788715519625,0.0075147719768894825,-0.16895855985741942
2018-06-12 13:44:31.790000,1.7854505456937133,1.0675672192234407,-1.1321160907515249,0.179308902558332,-0.8242303091694894,-1.041390528290519,1.9786623579323241,-0.6169770022268938,-0.10457778930565984,-0.8944384898575913,-0.55731596301399,0.8651174796093454,-0.3178669071275155,-0.013441304613908009,-0.24701896339766588
2018-06-12 13:44:31.857000,1.8416294723519915,1.0324139923490467,-1.3215283595683391,0.29078648131341933,-0.6028784838807141,-0.9594001396286449,1.9330300420933493,-0.5030817808470761,-0.18851175784130064,-0.8040928811604198,-0.6623879557189212,0.8471022915209862,-0.5597719276428166,-0.06470472387764323,-0.10143486534457109
2018-06-12 13:44:31.929000,2.0926944494001907,1.186746253371294,-1.4259404311137762,0.19070420416382408,-0.47310326148361836,-1.1754117140009603,1.7786709134638983,-0.604784271809305,-0.11182842988665317,-0.9233419983497483,-0.47975204801060156,0.4934663638730913,-0.596999275609098,-0.014138596241342227,-0.004837497647423014
2018-06-12 13:44:31.992000,2.059523273179586,1.1428970017490703,-1.2403855154338446,0.14529524428010018,-0.6120774099021871,-1.2323260756570387,1.847411278333361,-0.5661165957191762,-0.25320488311561334,-1.0431461086515683,-0.5242037984932539,0.7439204336671386,-0.5406474028590097,-0.008808561649647287,-0.23367181228410916
2018-06-12 13:44:32.059000,2.0472334374460504,1.0052768227541329,-1.4811794447001705,-0.037579010736348756,-0.35325485314157146,-1.0351586514277464,1.5683580766403122,-0.5649483962080544,-0.23132096306707156,-1.1193832982884735,-0.6519567096704812,0.6014198962596841,-0.7019885206949938,-0.1407932679026331,-0.19012061763699273
2018-06-12 13:44:32.126000,2.1435299109479846,1.0898933033444203,-1.3028252469102963,0.2955327185107208,-0.4479679154640982,-1.4174538146045779,1.7559917060357408,-0.5010051301870179,-0.31121639678613633,-1.0504995404881772,-0.46835284343743133,0.7605254008743311,-0.54959145125436,-0.045890603841884314,-0.2842535423143694
2018-06-12 13:44:32.194000,2.0926652540869313,1.0269582003614652,-1.4232239086595333,0.4633342830981517,-0.5143736857988521,-1.4884324838184422,1.6106735034341306,-0.33336848723614737,-0.4311448391832505,-1.067909337789937,-0.5814756433018256,0.7303127821642772,-0.8868810418175478,-0.01772798449314006,-0.1139015764461475
2018-06-12 13:44:32.260000,2.0043917742080204,0.8822085589029829,-1.3273283048763729,0.603033611758806,-0.5650896070927787,-1.6856103788226287,1.5518146817498026,-0.4122068042220767,-0.4124808360308643,-1.140296285335852,-0.5487094351490426,0.7261642866185269,-0.8955189322342664,-0.003480974763674316,-0.18470730433297128
2018-06-12 13:44:32.328000,2.0277792918254063,0.8387996297758074,-1.217694605493533,0.36543343231605574,-0.49844393549895066,-1.655822043004548,1.5856152193328863,-0.2977661101840829,-0.43125662763364003,-1.1785423814487404,-0.5810704003789907,0.7582325722005296,-0.8631676680130803,-0.1136663746479884,-0.2622957638798658
2018-06-12 13:44:32.394000,2.088241360491325,0.8344007095981723,-1.0854766190952057,0.3925093567636202,-0.4497589176101534,-1.815242047320861,1.5279016356975683,-0.21133326666773658,-0.6105178071967411,-1.1871261350289313,-0.44203916610756444,0.7520574410310229,-0.8685246381648012,0.043272160986509156,-0.17292634297699921
2018-06-12 13:44:32.462000,2.094275865435738,0.8176129382163659,-1.2567846841180073,0.3646594913750457,-0.3073394253006635,-1.7768200106785783,1.4364872766314272,-0.3633049765111766,-0.49286844291128656,-1.3534869947979082,-0.5211366168335176,0.7940563000143221,-0.9383330579819862,0.018602407625767578,-0.274147534414316
2018-06-12 13:44:32.530000,2.16160547008072,0.6953789690170029,-1.2063353176962062,0.2517987978925601,-0.18080220551755394,-1.8214330941660237,1.444490063992455,-0.3589406163745978,-0.43539263269292483,-1.431145839789436,-0.36673632273502843,0.7251967249195898,-0.8746423961783708,-0.0795066792523765,-0.3937954335361698
2018-06-12 13:44:32.597000,2.1713659157576144,0.701900547582172,-1.3645707022659603,0.3844451496649466,-0.21175574746814613,-2.016924147935824,1.3773384340523407,-0.22180838386832727,-0.5737365732987438,-1.2552280137313665,-0.45808184383503514,0.5100219081182524,-1.0734831898425856,0.060614064991688206,-0.20035631052261454
2018-06-12 13:44:32.664000,2.1297321435086687,0.6225900216733355,-1.2073038689443436,0.21701110897921708,-0.20554795166374873,-2.037920378023822,1.4177295281947204,-0.19118514350173668,-0.5079348691370691,-1.367507721836327,-0.45602130269309527,0.7965143335884549,-1.0541484213396055,-0.015203825437324625,-0.2631097023659222
2018-06-12 13:44:32.734000,2.0671586018734036,0.6533822439914674,-1.235120890240102,0.26455999223437365,-0.19269181536065672,-2.1250326101448542,1.4650376601448345,-0.11837480086520458,-0.49634775126783287,-1.2728054113872735,-0.3626527739344053,0.7576582869147778,-1.027818286566049,0.1787663017209252,-0.15139287710441462
2018-06-12 13:44:32.799000,2.1688050545216226,0.6324447467122027,-1.311008882111365,0.21094043960330153,-0.026751257431176068,-2.034544877331558,1.2937784750858974,-0.10780884064445964,-0.6070400329058988,-1.4492020450312322,-0.407067258511014,0.5809673070394734,-1.0401984525735433,0.12394098159436825,-0.2769095380727484
2018-06-12 13:44:32.866000,2.261626296784983,0.6959593062946512,-1.3730113903100523,0.37288101554674746,0.014653624825654021,-2.138498966277701,1.2403337115352473,-0.12390456245171283,-0.6762922380222361,-1.2794521455704477,-0.4060673106309519,0.7120598384103894,-1.022072646200441,0.1261985538675803,-0.18758067745246637
2018-06-12 13:44:32.933000,2.1781635004807978,0.5833450945599945,-1.1951483500058637,0.183983303388117,-0.1586129708809756,-2.219563751498062,1.3638738273598716,-0.33885998491193564,-0.5299984819583357,-1.486032154720927,-0.2787319647985904,0.7598838364164643,-0.752749545897418,0.21060348194547318,-0.25736175552984925
2018-06-12 13:44:33.001000,2.263727497987852,0.6618068234365999,-1.3782913633663123,0.29342168035866567,-0.1634685864403777,-2.185362946933422,1.3105405634846838,-0.11249608465349217,-0.5782570617710558,-1.4608467734150592,-0.40056558162927336,0.6941854750056455,-1.0434951883188042,0.11559129094594149,-0.1304559391760573
2018-06-12 13:44:33.068000,2.324269065044131,0.6647307968409608,-1.385244799278701,0.012684276557976687,-0.05355267539531444,-2.110244814071051,1.3415970948927005,-0.20566146031150462,-0.4420924039461843,-1.4743786167381256,-0.4101785301478582,0.43828649106264694,-0.909752742370754,0.11487084699009362,-0.3026906358256038
2018-06-12 13:44:33.134000,2.235509424207545,0.6937221312946362,-1.131529982460152,0.18096774031620208,-0.10977150010079234,-2.1108363340636043,1.34531056754845,-0.2878079808171942,-0.5179436747228631,-1.540697707586498,-0.39453258457334694,0.8468710294493235,-1.0127523416087763,0.1750941062757682,-0.21405190473263086
2018-06-12 13:44:33.201000,2.2677757567091126,0.6742822610194668,-1.1814588416030332,0.27114725677338214,-0.047686165937310926,-2.043055425758842,1.290563919848415,-0.14266875745571472,-0.5526591566687342,-1.420339557353477,-0.5341653382066491,0.9413391233980345,-1.128297315442135,0.06638401917586544,-0.08862900806735562
2018-06-12 13:44:33.268000,2.3434863041825373,0.6283227182280338,-1.1839207531071272,0.23678864858256046,-0.13032564643025346,-2.0897884717369997,1.3532435764487212,-0.23727740716203805,-0.48179933744160275,-1.4869962173548812,-0.3672114109599236,0.5775801159709509,-0.9248843701733128,0.11361763261036911,-0.2722516730496299
2018-06-12 13:44:33.337000,2.371515450911952,0.6359606547423247,-1.2263912032046158,0.14745039601375368,-0.06713070490648793,-2.069918305597299,1.29911317872337,-0.28210375825321665,-0.5242189509027506,-1.6334127703449215,-0.4304648107746929,0.6237909844804654,-0.8528705314497678,0.12317763441859954,-0.3283964358483105
2018-06-12 13:44:33.404000,2.3936855029498627,0.71005596778113,-1.2105167408575435,0.16466427427544125,-0.020631246413530313,-2.046215848669694,1.336471090105821,-0.3870614307261227,-0.44828731582070264,-1.5993239912392965,-0.39451655700498134,0.6277456522289521,-0.8893181498187785,0.10332491712893555,-0.22185076627951567
2018-06-12 13:44:33.471000,2.454873142046133,0.5751747650302923,-1.3246029719864654,0.12075206399335273,0.030102055266635397,-1.9634708609311002,1.1658173382383015,-0.16071996907632521,-0.5733080250143552,-1.5865052545170872,-0.6923597357693697,0.3481461666221637,-0.7554634530564706,-0.08417617021679194,-0.34925907240427706
2018-06-12 13:44:33.538000,2.293435460363848,0.6228074891821538,-1.129355701578741,0.18337660605111802,-0.1927472797087743,-2.0725135545846975,1.3278184939220545,-0.13375618819782129,-0.6878216460644916,-1.5493851188621384,-0.4147843274227154,0.685413257270127,-0.9374224056840331,0.2217389256031923,-0.4228713405260808
2018-06-12 13:44:33.605000,2.3657094320982646,0.6886210968158151,-1.1976570745771686,0.2575858722757951,-0.08623713369992525,-2.125071689944551,1.2614541461009008,-0.2383322246558728,-0.5445083317298527,-1.6276694169342747,-0.32891987757809793,0.7260834685953528,-1.149655081943143,0.190142525955383,-0.021619364077388667
2018-06-12 13:44:33.673000,2.2256071253752747,0.5733764789738611,-1.0441111632516555,0.270275999909555,-0.253466565511602,-2.1445254346492115,1.3550296628201108,-0.04686796630169152,-0.6702952986235349,-1.511674038042969,-0.38173210798424295,0.8674541915239394,-1.0736395669004712,0.21554242481075703,-0.19407538971516775
2018-06-12 13:44:33.740000,2.2882852839244414,0.623160559353372,-1.1125895921335178,0.22770094703185742,-0.18997437880202755,-2.146853181412136,1.3478172604701024,-0.09838965967168106,-0.6021818383707664,-1.5688993045124762,-0.38400149252641846,0.7248725911806346,-1.0681990666191856,0.16162273271478866,-0.24713087871657463
2018-06-12 13:44:33.807000,2.2855438350819988,0.6626547847238728,-1.1564484461598015,0.2764532240522455,-0.11277949683712774,-2.167302368537316,1.3213180734194534,-0.10028570719869592,-0.6765576893022125,-1.5282596965225062,-0.3660454156882941,0.8039198716755074,-1.0241036600786473,0.29079131504615185,-0.19658206526598548
2018-06-12 13:44:33.874000,2.4489212108319798,0.690054032932012,-1.1759447462184347,0.29054333280002076,-0.018627459140714953,-2.2789766975920682,1.1790526769342842,-0.19782964978981757,-0.601427164218175,-1.6230828871418996,-0.3557534404827132,0.6723335096287992,-1.1703779337959794,0.22272753578351556,-0.09586863055545532
2018-06-12 13:44:33.942000,2.416950655778739,0.6423011691200653,-1.0736938327398784,0.20701772616822225,-0.17169067014548467,-2.332727974959234,1.2653917805364534,-0.09101978904880897,-0.6126265416076102,-1.6071364889230941,-0.3660081701510166,0.6748773399310848,-0.9754446004028176,0.1372455561438683,-0.24603202200590474
2018-06-12 13:44:34.009000,2.416149911456994,0.6526314911836608,-1.0994556668773028,0.2039074458765621,-0.16687802439532495,-2.3161157482595027,1.2752075256812092,-0.11422098309243844,-0.640953264435498,-1.6853332488184094,-0.37557976476617716,0.7559568317403853,-0.9073585424245034,0.1767986942847716,-0.3671231941662541
2018-06-12 13:44:34.075000,2.2923097953889977,0.5349973713677623,-1.073893881164459,0.31760703423917314,-0.07356446489042376,-2.2128389112338276,1.237291471488442,0.026767370336572234,-0.7172728740020237,-1.534910313853397,-0.38151264584850686,0.8057527033471225,-1.1694880447430198,0.21263394531307095,-0.1788844869616898
2018-06-12 13:44:34.142000,2.373017372757773,0.563622420473636,-0.8843661930451272,-0.03218773769999428,-0.05471725238228206,-2.312855477253545,1.3138124346888782,-0.10551720287256686,-0.553989146114568,-1.7095889962250208,-0.4519677064262545,0.6056314346186694,-0.8807646311706127,0.10322660435712465,-0.4637359826978867
2018-06-12 13:44:34.210000,2.2840146437965956,0.4772968290421044,-1.264310580101938,0.2822949665821243,0.03062876851423768,-2.2800970758687074,1.3071590689990966,-0.07807035436186141,-0.5809547640268935,-1.664767950496409,-0.4634695456557285,0.4415282653815482,-0.9326208402141231,0.173449895716819,-0.26605831862345
2018-06-12 13:44:34.277000,2.4996295211295667,0.6392638181997854,-1.3698233110926372,0.057220284676909206,0.14895026453765803,-2.3298370782004407,1.1961035951561123,-0.14143513952489176,-0.5882990595420041,-1.6036503504505273,-0.2570653008771324,0.31983658213965216,-0.8389600767994311,0.28171957001544995,-0.06121122029958263
2018-06-12 13:44:34.344000,2.2747217578802355,0.6080578398785179,-1.0128200767802136,0.0906148293670895,-0.06414948955844924,-2.1916055998182404,1.4193113971759161,-0.324377330708095,-0.5251229856453754,-1.718351744804743,-0.19962750462832538,0.7140428224557721,-0.9013310117850246,0.1469696224130768,-0.3327332668990797
2018-06-12 13:44:34.412000,2.212606230731862,0.6280117113082819,-1.0272162944037526,0.07852545044977519,-0.1871351564574381,-1.9248824616057705,1.5042209955570018,-0.383461609365822,-0.580651716931438,-1.616356984167131,-0.24748941944035643,0.9600792637001204,-1.0752906874597412,0.1211272374470752,-0.05831601982674471
2018-06-12 13:44:34.479000,2.242617867291485,0.6161599346782356,-1.1553059868754136,0.2737032461154486,-0.18011644638509766,-1.6632953325503845,1.3880976638569553,-0.44050864669574047,-0.6216053760951799,-1.5499534848935865,-0.41335798768360865,0.9764045102371051,-1.2047713792582795,-0.14040252896756486,-0.08624306768849442
2018-06-12 13:44:34.545000,2.1477013214693885,0.6299108877669535,-1.2382611328052915,-0.05092011239204422,-0.3199228464334379,-1.4131701467218536,1.4217332612859814,-0.5083911945143913,-0.601763940137185,-1.418261804489907,-0.6572559049504244,0.8636313815714246,-1.058980526455764,-0.25845672554509913,-0.33961244114686334
2018-06-12 13:44:34.614000,2.1495265616406556,0.699487538950051,-1.2001515954189517,-0.09245049986005521,-0.610072296324362,-1.3865302822952965,1.5401917638558946,-0.7368349934867292,-0.35585578289446096,-1.5014056357838195,-0.7363398658689762,0.9578901362820723,-1.131361002063287,-0.16195219149939724,-0.17149036077369756
2018-06-12 13:44:34.681000,1.8644272611836765,0.7378526704432751,-1.4252534172230982,0.1689139153489084,-0.7608116869511841,-1.141687141788216,1.5944435998243556,-0.6522096555452285,-0.2786632478919382,-1.2948450126642856,-0.7120740910752816,0.8557111518569809,-0.9848844388312701,-0.13478987813432838,-0.025929629472844953
2018-06-12 13:44:34.747000,1.8589268076907315,0.9209418561586495,-1.2227316509600195,0.10054932721887636,-0.9450729135033604,-0.8456524192182019,1.8124572573003093,-0.9244130931044973,0.07684864885368822,-0.7611687404324013,-0.3244157617444591,0.9320151207271641,-0.6334741032312329,-0.1386973529915982,0.2384202631840947
2018-06-12 13:44:34.815000,1.4804798826327512,0.7536795353993655,-1.647671210884145,-0.03221881747702801,-1.1922046313749732,-0.4291028415603609,1.7456649005711071,-0.7466824597238304,0.397573307688453,-0.455823314902846,-0.7079216945933802,1.091113783308824,-0.5519012367592048,-0.15559157063705178,0.0992849521674883
2018-06-12 13:44:34.882000,1.3596300505920489,0.8119606771761643,-1.7242719033168674,0.04110954212180587,-1.500309895818896,-0.2670648690844663,1.7708399349615265,-0.464796665207311,0.49497451526794467,-0.23813124850363138,-0.6633274139590489,0.7459916627187494,-0.38098860763577935,0.056803568962175977,0.03797634972852247
2018-06-12 13:44:34.950000,1.3914596793883445,1.0013944017706422,-1.6075124997835144,0.11528499284361218,-1.4901095454489295,-0.28496062166449215,1.6526805191970704,-0.7785828975602107,0.7104894207489026,-0.10836449509274725,-0.5135504229869577,0.43838425807698056,-0.2805755773615335,0.07056508258439974,0.013809760273267205
2018-06-12 13:44:35.017000,1.3928671976927829,0.953464917596432,-1.6056622825363138,0.06517749999396003,-1.7140721907888128,-0.14778152738148004,1.6539006163225118,-0.5874417102953112,0.5879650434069983,-0.15338190043962055,-0.6356764539196827,0.491510658382689,-0.5255533789768474,-0.020440095416841428,0.08161613626406179
2018-06-12 13:44:35.084000,1.7559053908157995,1.3115446761118235,-1.6702951505745294,0.060114230122647966,-1.5169082355644565,-0.24096662620879103,1.6515840148104428,-0.6194388393220583,0.4129258403477526,0.03671030164912065,-0.4882945112064523,0.26387757982805937,-0.2750166545578186,0.18622363052214097,0.00876570220781056
2018-06-12 13:44:35.152000,1.7507512651148862,1.236167538194463,-1.3451816255166245,-0.10640035919784815,-1.6727046219856478,-0.3011270056686083,1.6118887642222965,-0.8663134901271288,0.43676477115868284,-0.1525280618387327,-0.5014691399394016,0.3834552559177058,-0.4320627008216001,0.039873160806644214,0.04319403081324204
2018-06-12 13:44:35.219000,1.8492529870069,1.379453613081194,-1.5197103739256304,-0.06585863899901098,-1.8433337296787788,-0.33506769679860704,1.5591332025497295,-0.6326384717178336,0.429994196606292,-0.06388784112029956,-0.5006325085611408,0.5364540660011208,-0.39930235194328584,0.045817516495061474,0.4127205127043428
2018-06-12 13:44:35.286000,1.8365013855902266,1.5516180659399126,-1.5821028668512123,-0.01774886217337207,-1.7487854048923752,-0.3066292167192415,1.5065711304312193,-0.6589390822043827,0.38340311165716945,0.07143659574678304,-0.43978962568185564,0.47543590424487714,-0.3884398025040771,0.016768306118608925,0.31707387358229827
2018-06-12 13:44:35.353000,1.660866148573212,1.5745502385781402,-1.4477426115755787,-0.07007071861044335,-1.806099718215497,-0.24834320866349716,1.372571179299893,-0.7845259986916618,0.6319903190013684,0.4738925686679575,-0.66823815319233,0.3692188052375852,-0.2607759996422526,0.06113817937123758,-0.07847435087730854
2018-06-12 13:44:35.426000,1.4785019379563775,1.4648243543592012,-0.9815478530455304,-0.016360375754045364,-2.2779753496573534,-0.4036345795642438,1.407684578552324,-0.829013494464863,0.7342402047008385,0.3856257353736985,-0.2982574026772956,0.9853648363171567,-0.011332836813757394,0.27048791014960205,-0.07891626671386572
2018-06-12 13:44:35.488000,1.4229887980355431,1.423616759405742,-0.9039775665092673,-0.17125874729803867,-2.266790548504863,-0.37713599234763573,1.3672950833751152,-0.9090708633799416,0.8047317503497399,0.5973796923237262,-0.40418432996963616,0.6598611041012465,0.27207550671813774,0.26621873019672915,-0.3974265566136549
2018-06-12 13:44:35.555000,1.428777464458853,1.4868363673695635,-0.8065471539630638,-0.020929543911153342,-2.2255852381154675,-0.3065149858616205,1.324589879643702,-0.8156540955544278,0.695524815132427,0.5040279462981895,-0.3494507288243792,0.7885504580716336,0.05581550752963321,0.25146046519653054,-0.08558734701374139
2018-06-12 13:44:35.622000,1.2770310257949231,1.5056967739760587,-0.7089997077364044,0.17679280112963694,-2.0379521245789665,-0.27641725605344447,1.3610565656766136,-0.8710500162912,0.6513071139332015,0.4995114715023258,-0.1941123730050782,0.8090341702250289,-0.15468399143857942,0.2963365463402681,-0.05314743103222379
2018-06-12 13:44:35.690000,1.3353775925384959,1.7160853642401719,-0.8381721428837937,0.05572770236787794,-2.3109995155506122,-0.3557649377818375,1.259993699941894,-0.7349244290544236,0.5376877632562215,0.455404642727564,-0.36615692460842153,0.6110843245768008,-0.04793335652828849,0.2815416717042538,-0.016591972614602712
2018-06-12 13:44:35.757000,1.1233211665836893,1.5121775247478577,-0.7163715772057323,-0.11576837637465462,-2.1084962695767384,0.035580597086531746,1.151732210058766,-0.812717038203374,0.8308162894512674,0.5084529190591467,-0.22960989955795294,0.7856037286715838,0.050162151606787,0.20406977615994795,-0.284079316411082
2018-06-12 13:44:35.824000,1.1728189287441446,1.4757849935308873,-0.7704036235811115,-0.1277611104538815,-2.1219107850728793,-0.041685540326597784,1.1057628097432644,-0.7574823346921821,1.0566965124217949,0.5077043179219805,-0.3027853535128969,0.6961133337775293,0.23870348024514282,0.07533168152256334,-0.2989708013090919
2018-06-12 13:44:35.891000,1.0417139192649683,1.3509325325971986,-0.9721195047165542,0.053628975457978345,-2.3512527401835928,-0.0972545870844988,1.1890125058742704,-0.6244760917115109,1.0548080425564805,0.556699755942836,-0.35235996779280954,0.573957242071182,0.09002183177284984,0.24632890473992447,-0.1709320170347559
2018-06-12 13:44:35.958000,1.0742065480402525,1.3876292256148326,-0.9158319783761282,0.22836882171564657,-2.26695231944929,-0.10442689987662404,1.1796184783704775,-0.634685914462605,1.1904865570650247,0.650633549380696,-0.2397667706402081,0.725167472948558,0.04411314809092362,0.2137471323896655,-0.15554409508479988
2018-06-12 13:44:36.026000,0.8838965555985303,1.2444334191888837,-0.8261185203358107,0.29182670310854497,-2.120239010879149,-0.13755049920151416,1.1484393968120785,-0.7432508753983409,1.2027828827466447,0.6713759403188099,-0.27525688414851435,0.5148954617086865,-0.07619211039811914,0.2927307842052239,-0.34285562195111463
2018-06-12 13:44:36.093000,0.883976102679151,1.1627134885704857,-0.7302203805444852,0.06813268103803732,-2.0524233092759623,-0.002807911212391382,1.0681771578264012,-0.6968944977559416,1.4089357718416093,0.7207716670230511,-0.1811519035296322,0.47433840885253836,-0.03238387237985574,0.22915021675087358,-0.4261678255198026
2018-06-12 13:44:36.160000,1.1026730151570945,1.2715339727932893,-1.5970785181498135,0.6887530011901285,-1.427081720645013,0.40448369366492554,0.7126006260101424,-0.34533993037772254,1.3891050332690917,0.8738617105974188,-0.35012116749013233,-0.0034107521476847147,-0.43062717437758313,0.025922888001416483,-0.40476928541517426
2018-06-12 13:44:36.227000,0.9221893038650402,0.8943055567904004,-1.8713626681886921,0.6830557379765669,-1.2486768959906138,0.7611112193819105,0.5592041827495962,-0.21299846055357413,1.75320997232429,0.663177169053987,-0.12089260462866311,0.35089884038744684,-0.5400060509613219,-0.057652936976128055,-0.5469775390635416
2018-06-12 13:44:36.296000,0.9206097969070997,0.7641954723678062,-1.7912525399539863,0.741794018099593,-1.289053877813234,0.7586316836017287,0.38719025112706984,0.14010298029255217,1.986673841054047,0.681753307223291,-0.11818518767971883,0.46249827546259836,-0.49825562255579947,-0.21469625211762502,-0.3303368284183375
2018-06-12 13:44:36.362000,0.8600043227320464,0.6974283036634772,-1.731047464138484,0.7041590927703554,-1.4012505309642056,0.7638140587815574,0.4257621708198269,0.45849300915000407,2.002881760260163,0.8188039707590544,-0.2070740917891364,0.7356812514078045,-0.40313091875465884,-0.298337980398954,-0.3475137442197332
2018-06-12 13:44:36.429000,0.8778236883990536,0.5787900397016092,-1.7797502265498084,0.6782662382164613,-1.2929226055518233,0.8290164787623151,0.27066726160183585,0.3620972393327932,2.1499962105128976,0.8228456435374008,-0.06809214213284562,0.7585580727693797,-0.30172112088545,-0.08441303864039992,-0.5725213685667335
2018-06-12 13:44:36.495000,0.9199150673927381,0.6415566872058998,-1.6542096300243252,0.4486808008106018,-1.466730527574253,0.6986950299246558,0.4123889942324529,0.3500886413889252,2.1870156798019766,0.7178362348268076,-0.10766619296954574,0.384886631340901,0.0198980940528401,-0.2826465093688697,-0.5654211337509749
2018-06-12 13:44:36.563000,0.8789336253167344,0.7134274403410548,-1.6108004857966984,0.6340870633841512,-1.5740930790091459,0.6700741347107364,0.4743538875587574,0.48680098746883355,1.8835198027008784,0.873899015881917,-0.1079725616594964,0.3975709636281345,-0.2648455160536405,-0.28036112564653315,-0.3668221649748213
2018-06-12 13:44:36.631000,0.8569529660269897,0.8509813535180295,-1.6934815272754444,0.6916771286704643,-1.5994365097489878,0.691392836768669,0.5257940742703684,0.3678153140901154,1.613548755960168,0.9064685940319187,-0.2160401763377434,0.4284498008413315,-0.2865671767073579,-0.12926640437349832,-0.3598466402344798
2018-06-12 13:44:36.698000,1.0075177442541592,1.0191481010111931,-1.8689850306543079,0.7167849978204655,-1.3433532242901234,0.8020736729810581,0.49471554132369305,0.3458716083309551,1.5487466283744364,0.8318622621542883,-0.19390764319414208,0.2852027723467899,-0.4194623076910523,-0.08912144164602115,-0.3833220703067242
2018-06-12 13:44:36.764000,0.964193519802115,1.0555796105416921,-1.7755690010341298,0.7589481326372467,-1.3896995383856119,0.7490696930185572,0.5696175912418722,0.3218886591538451,1.6560510209998558,0.9631504153676901,-0.2880239683132282,0.4298216036564372,-0.3180564292323071,-0.055998126935419834,-0.4244181613319702
2018-06-12 13:44:36.833000,1.0109264514861231,1.0730597389301768,-1.7091669773641904,0.7123795491076994,-1.401001705339999,0.7832952575790005,0.5712766262642989,0.22079676062417028,1.766307209157075,0.7688944979013218,-0.17447584037954747,0.4949362359055305,-0.4723089057409239,-0.2593091931349639,-0.24780748084969506
2018-06-12 13:44:36.899000,1.12192599467099,1.166951742482402,-1.8972240656224557,0.9032167570541634,-1.3873360919327524,0.7995208180516051,0.38850943636935376,0.3970971666160256,1.605642576432135,0.7917021697990472,-0.43882279520483725,0.3309312921281374,-0.4493772613684976,-0.37536493989663344,-0.25596978801777365
2018-06-12 13:44:36.966000,1.1022760992081508,1.1602206059655522,-1.800450764381147,0.748657208144593,-1.3377551130349992,0.8309944461769687,0.42890458157566896,0.21786545474238342,1.724946690946469,0.7733912453371131,-0.27812884374314495,0.4649731110017443,-0.39695735249460895,-0.2848685579445529,-0.29142037950814
2018-06-12 13:44:37.034000,1.1180990025811757,1.1292256315228435,-1.9823074802859673,0.6398812197327597,-1.1779581335763079,0.9619673892523044,0.3243488047848818,0.20978816799374247,1.5943004314625142,0.9054470410301189,-0.3594004153645918,0.6997299414980804,-0.3587034083940438,-0.10610483469470552,-0.5272048019389404
2018-06-12 13:44:37.101000,1.0736795734281404,1.0519588244685731,-1.811676736887584,0.6400211688963031,-1.5182774234485015,0.7974613885479086,0.44286146471314053,0.33936687818661276,1.610252276930773,1.0368978059608924,-0.33202579242642216,0.5407364246568297,-0.3149512499589532,-0.20642401369046484,-0.4031993905482991
2018-06-12 13:44:37.168000,1.1589598303127544,1.1364939884986494,-2.019479400426074,0.6140829182813637,-1.1176048161587626,0.9060693988111341,0.40665513717371904,0.1412832945540915,1.7840881539476712,0.7205443508388477,-0.13339341159288473,0.1683063729014319,-0.06451998961252009,-0.15415819304804662,-0.5336241928683892
2018-06-12 13:44:37.236000,1.1633195960925868,1.187360941020991,-1.8819346170035411,0.7640277859535521,-1.215854744014658,0.8596327676692403,0.4171842716137251,0.3458986898081287,1.6768516565620142,0.9185470255082686,-0.007730537588097247,0.20982406457319724,-0.2728510557610635,-0.2214166132336787,-0.37320359808179016
2018-06-12 13:44:37.303000,1.1633195960925868,1.187360941020991,-1.8819346170035411,0.7640277859535521,-1.215854744014658,0.8596327676692403,0.4171842716137251,0.3458986898081287,1.6768516565620142,0.9185470255082686,-0.007730537588097247,0.20982406457319724,-0.2728510557610635,-0.2214166132336787,-0.37320359808179016
2018-06-12 13:44:37.371000,1.1504802371406693,1.0801809727136924,-1.577890926749736,0.4430782377008039,-1.4518181581477867,0.8927271144812545,0.4508680554344228,0.5261534734394802,1.688933921364606,1.1067734262641706,-0.22177692227567422,0.758721090649798,-0.28020988746029246,-0.5166880414307792,-0.5585123044191902
2018-06-12 13:44:37.438000,1.111252634115925,1.0109321889125593,-1.5835588577138735,0.4512926518746009,-1.544214653121906,0.7574692658052418,0.5511724234411013,0.5000930943369214,1.8955660001023147,0.9406642045238055,-0.1618267026573552,0.38249246589676306,-0.08646367538110461,-0.36746436874887467,-0.5495746649904582
2018-06-12 13:44:37.505000,1.1684681471037641,1.1222662814866604,-1.8738860919912013,0.6562981850173939,-1.353555743205964,0.8974468831343548,0.38606198071055803,0.6296908874134539,1.7462535772912884,0.933887787921858,-0.30251002249065495,0.25593411283788436,-0.21306220079854665,-0.5168276552288965,-0.5906504481016424
2018-06-12 13:44:37.572000,1.0360727973874613,0.9739661560807875,-1.6959136119463178,0.7428684820386151,-1.495184573834089,0.8671443752698262,0.3598893294053346,0.6541802705150079,1.6691224860163536,1.0062954533281068,-0.21620620133730592,0.6119118854518805,-0.2708937908823994,-0.36016143153750557,-0.4942379255462492
2018-06-12 13:44:37.640000,1.1942773695835003,1.08157143089749,-2.083040721379213,0.8303336207761867,-1.336891059373261,1.0309140834111483,0.3139518570686042,0.9246046736226657,1.5907559235911162,1.1060589689869573,-0.6073177164173997,0.4202274717855009,-0.298277231434842,-0.6509250565998866,-0.4582446726369797
2018-06-12 13:44:37.706000,1.189646726607699,1.1011514675235603,-1.806707868582761,0.6195415812938558,-1.3391069775126296,0.9290385490886383,0.3526206872789895,0.6803234767652047,1.749786096381119,0.9517878330576056,-0.37953021972348056,0.4920306773856922,-0.1912726227624837,-0.6657537910567358,-0.5182452153312818
2018-06-12 13:44:37.774000,1.1320483575329758,1.0360827492759828,-1.8588737404047415,0.7267007177225242,-1.4247954326887005,0.9725399219219748,0.3482695866890029,0.7799492565381393,1.5955863012363598,1.1226229089075126,-0.461013787592087,0.779909809639327,-0.3331832586188439,-0.5936952990724333,-0.35562487927207004
2018-06-12 13:44:37.841000,1.182627161655975,1.0855043033205265,-1.8278412460442879,0.6840556824459406,-1.331081122862681,0.9219657121941978,0.3813553656067493,0.7444444070814495,1.742074500582806,1.0299233730088049,-0.45941853114392217,0.36779948495673787,-0.26732272046304195,-0.6804219917805616,-0.4939683755274101
2018-06-12 13:44:37.909000,1.1628317865918016,1.0786506864517906,-1.729841497166735,0.6150043212118581,-1.4396585646972526,0.8438590797166594,0.44153367977967717,0.57242383995544,1.7848534812705283,1.029985087831959,-0.1870043208355648,0.5134210365739346,-0.2215516505753408,-0.4205623895017758,-0.4503860674366665
2018-06-12 13:44:37.976000,1.1962620514043523,1.1308017809103483,-1.8203975759172406,0.8869232773836875,-1.3902830199577116,0.9461543690261857,0.38579000066068475,0.7219746640550438,1.624654034089918,1.0811646659768481,-0.3609228677027384,0.6287312132550813,-0.3238801688793681,-0.601154000200921,-0.38235740788498446
2018-06-12 13:44:38.043000,1.2584378180440612,1.1039124055993048,-1.7620306163864712,0.6922132636463736,-1.3199164302033621,0.9482256963011109,0.40737796153747996,0.6746878596664095,1.794564481035306,1.0102646473304993,-0.3794246303454586,0.5925777707612678,-0.2133607542519365,-0.540360916861894,-0.5748466464757254
2018-06-12 13:44:38.111000,1.0749740942283919,0.9307279993266622,-1.8480760011530466,0.7559960239324888,-1.3678779194359292,1.0043049766565753,0.36937451599796617,0.6637634075136609,1.7871473734671919,1.0500930373987338,-0.3749737618032146,0.679595718448724,-0.2592197708740208,-0.3519347355938498,-0.4637905088505168
2018-06-12 13:44:38.178000,1.1508485244569036,1.0164930899769131,-2.025763520604716,0.6920136449261416,-1.224096098739853,1.1170258719265442,0.2671474935944006,0.6069367516853407,1.8904556820963916,0.8982520051800049,-0.30105335052701054,0.47482676804209606,-0.25270446558469195,-0.4404688462466402,-0.41818287596079123
2018-06-12 13:44:38.245000,1.0338794974948278,0.9116074638105838,-1.8250983231075517,0.9187266393058293,-1.3979972978851065,0.9707357283228133,0.3507009388267304,0.5273748490511019,1.849855534362011,0.812121498486401,0.009236544109946732,0.46600247486303964,-0.049966578574925244,-0.32377952689116274,-0.46091246195233365
2018-06-12 13:44:38.312000,1.1985997935479427,1.0289282437828124,-1.820831799455213,0.7741206548749054,-1.4404260582220605,1.0042055994203947,0.4244294450705288,0.5194112794523137,1.8835651760569219,0.873755217942525,-0.42974380569672677,0.3528869306450717,-0.2038476754454856,-0.5094841436485672,-0.4557707302656023
2018-06-12 13:44:38.379000,1.0581079525227808,0.9279334801958652,-1.3821340723083675,0.5953122320957251,-1.5784498652474794,0.8887402382019054,0.575654629380508,0.2154738483836366,1.8694485860875645,0.7609876271248176,0.04572928119343192,0.3559013954910414,0.05423560664340207,-0.2858997185467478,-0.5960393575894409
2018-06-12 13:44:38.447000,1.2382926622621926,1.0571718461408226,-1.5081131543423139,0.4313743187551622,-1.474003511541813,0.883660918421153,0.5380662766573734,0.1278491190176503,1.9921690039165,0.7028536391925334,-0.26797078373516425,0.22526763151222734,-0.10560946545500124,-0.5653216201273928,-0.5224662722280631
2018-06-12 13:44:38.514000,1.1199349253791322,1.02392170294559,-1.5241881623919546,0.6700915666308496,-1.6197577297099925,0.8301594061681191,0.6096159369714053,0.048496987115511696,1.784478604113982,0.809538610614584,-0.09560073900244223,0.36608882445873747,-0.3717567378089761,-0.297485795365691,-0.3966774429639816
2018-06-12 13:44:38.581000,0.821375601850876,0.7406173217306908,-0.7224631958711304,0.4890769314861866,-2.151451428004985,0.5178746849773108,0.8748007251032013,-0.42955719110941715,1.7001741187975683,0.7260468740242803,0.1599288617917793,0.5958339575774791,-0.3961311854452319,0.014356584720180782,-0.5361146467382796
2018-06-12 13:44:38.648000,0.606286961099439,0.6147734965140776,-0.6210238657275723,0.5685573531834371,-1.9653779888860008,0.5211306577388769,1.0095073813947535,-0.6975384773682014,1.4890037524279367,0.7396243600978711,0.2831565406816259,0.19856486830434836,-0.6982458115390414,-0.11624537597538664,-0.7963643619649886
2018-06-12 13:44:38.715000,0.6679544864026283,0.6630476308836877,-0.5591873526455814,0.38385533107430847,-1.9901399150047339,0.5221562171325428,0.999615764814965,-0.8015653320961211,1.3412022295469237,0.7897483215977792,0.11971956767763187,0.1100579776118515,-0.5727598588415077,-0.0535665170506872,-0.7691891301730475
2018-06-12 13:44:38.783000,0.6981184131151013,0.6628216933259274,-0.5952849819907168,0.47274470707348015,-2.0408090965212935,0.5336735329876172,1.027213443045929,-0.8309850039401834,1.2701510863835104,0.8109582203152378,0.1374109721870359,0.1830356533187823,-0.6485414345671341,-0.012998693332039027,-0.6863416772939404
2018-06-12 13:44:38.850000,0.7172402926539698,0.7090122404822259,-0.592715396800848,0.557337019906412,-2.0443459656843714,0.5415318521241796,1.0344410843012188,-0.8765159819461372,1.253949689944195,0.760730835299207,0.19444496571428516,0.19297007781838185,-0.6719864080314482,-0.027699968853719656,-0.8099901142429974
2018-06-12 13:44:38.917000,0.6782360467806363,0.5800266960936071,-0.6542777439543364,0.5223896244701037,-2.062443855654742,0.5165912367057766,0.8815141197425248,-0.8731265378236093,1.2996086319140212,0.6860501828167681,0.15512599638027985,0.2575713799020611,-0.6764843229676912,0.03608093575449668,-0.6887326705757065
2018-06-12 13:44:38.984000,0.7088817676291308,0.6369939350317422,-0.7039500226646697,0.5850086564530543,-2.105360710158296,0.45742303790485633,0.9604339340870918,-0.9396427101775688,1.2293379040499701,0.6898041354909198,0.14817655198902877,0.32360187187904377,-0.7150949074212738,0.09827583798690953,-0.6340977621089112
2018-06-12 13:44:39.052000,0.8423772641545173,0.6141889018093489,-0.7423541195665325,0.3452633445405242,-2.2349646072220617,0.4166096761748378,0.8802346699100393,-0.9977761589865458,1.1470294351265253,0.7550502169114086,0.0968002175462171,0.2587013645915813,-0.6168598987642134,0.09767870902297043,-0.6710584612172414
2018-06-12 13:44:39.120000,0.9148287370264105,0.8306651357563994,-0.8097751570757679,0.24868141213239306,-2.2652449917130877,0.2235952084517287,1.1342122833904051,-1.1517150362641886,0.808752530679787,0.5271597272700714,-0.06361346318027744,0.40845949986800284,-0.693673087329516,0.3046828081636991,-0.3710738927833954
2018-06-12 13:44:39.186000,1.3335198852495593,0.9580934830235843,-0.8361479267320377,0.13565039862330688,-2.3098513231284046,0.08887473367388493,1.288213998252822,-1.0327637777556802,0.6736724406016158,0.2454188383852307,-0.22605702185052642,0.6927343080947064,-0.2260622111309483,0.17512120500222395,-0.4409266347854501
2018-06-12 13:44:39.253000,1.5316344120008987,0.8192708345400128,-0.8914704517099167,-0.0024321958624425044,-2.2653715927153426,-0.04364812969925812,1.332719215473479,-0.8834043014848693,0.7982316987102736,-0.029282240829799536,-0.22391798726612386,0.9786428056973963,-0.2362011879832968,0.17294818792580746,-0.2610558612049336
2018-06-12 13:44:39.320000,1.988529452264058,1.0508695454761823,-1.6050257561331887,0.10830798413673778,-1.7736779964922356,-0.10688745702071265,1.3941592775789275,-0.7648556688555439,0.49122106927910625,-0.2183893675435836,-0.347896122476438,0.4387700431924434,-0.30987216198394546,0.030457792582356286,-0.09538404891325959
2018-06-12 13:44:39.387000,2.095308930080537,0.9893247910112084,-1.6798246503487801,-0.10421286893694816,-1.7065711793239295,-0.18472217377640618,1.3772618587208671,-0.548614099311054,0.233778917693867,-0.4426728111902284,-0.4600162051443981,0.7476668119001947,-0.6285020567170305,-0.06119795729814556,-0.01040492711529524
2018-06-12 13:44:39.454000,2.009137736636177,0.792101914705102,-1.7921318451841013,-0.00791545964541529,-1.605367145620122,-0.3364209889298762,1.425568176631566,-0.6929116280546838,0.2990336344295441,-0.6447462540374376,-0.5547057274286301,0.8076422325189456,-0.5744876467339876,-0.046761985300842066,-0.11807493270301152
2018-06-12 13:44:39.521000,2.1239462835986362,0.7752276534673195,-1.5944237203480494,0.11280103377864789,-1.5935823834682037,-0.4763355956205246,1.4129483938589975,-0.7819515899502603,0.2863062755366012,-0.5308008993409621,-0.387875266290857,0.7519128524054357,-0.6648043073236352,-0.006772742213648458,0.1262077203663231
2018-06-12 13:44:39.589000,2.2530425770340807,0.544546043075621,-1.7250744482501772,-0.037140733753091695,-1.5365511570881112,-0.47188127520889034,1.2636596308573633,-0.8624859836740137,0.14059024540700887,-0.6778441986451135,-0.7327502249038236,0.6274378780425822,-0.6693330980946652,-0.1985458604131126,-0.168747242509742
2018-06-12 13:44:39.656000,2.1587335322981165,0.5458844555768481,-1.5319513995957623,0.09029092717234444,-1.7242977011109855,-0.4949466814925734,1.3207062451349145,-0.9087422969543055,0.15995519240551348,-0.6196471785591089,-0.5704878866075724,0.8446313872208361,-0.7371281127331749,-0.028728427423321184,0.021397518375724553
2018-06-12 13:44:39.724000,2.1664110600639113,0.42139136806165217,-1.6557031397813222,-0.1377787716671037,-1.5045028060335475,-0.32138634602467414,1.2996765585994665,-0.9136321322209121,0.28133972084554293,-0.6208861331717364,-0.6592962986014127,0.8310407422985305,-0.49245966682033526,-0.25462973457729665,-0.3216008339257691
2018-06-12 13:44:39.791000,2.018784129362884,0.21646338303926133,-1.4135761215716511,-0.018470088247101918,-1.3281100779992316,-0.7284479442106998,1.2368770407146048,-0.9868780405111302,0.37313209590851015,-0.7975000267537266,-0.6154011076623914,0.8457782709294347,-0.43835204816703843,-0.28221397631705725,-0.3273145635856123
2018-06-12 13:44:39.858000,1.9499602774769205,0.34908063209789436,-1.555292978705845,0.013641143068726325,-1.1671524082032483,-0.82556852689432,1.3554551291779706,-0.8312539894167152,0.2924614708300618,-0.7898048506956422,-0.6502904117090176,0.8449879238279376,-0.43384761779177977,-0.18243148649388247,-0.2241103148991837
2018-06-12 13:44:39.925000,2.241943339787566,0.8368666814527885,-1.361265760582717,0.15218154489329308,-1.182762024273257,-1.0316708417228089,1.5292611449208113,-0.7284655870676586,-0.1355517163482511,-0.7650755624534912,-0.5585054479809517,0.8588773813405884,-0.6248451073056545,0.026826682233495693,-0.008080316243626581
2018-06-12 13:44:39.992000,2.1825349504859064,0.7782361748630449,-1.1794426777740479,0.12903309274988004,-1.18492761351043,-1.1163240091049635,1.5434599122871018,-0.7588989576280551,-0.29989905108178283,-0.8411223416644525,-0.5470185437416215,0.9134508603462539,-0.48398711292014596,-0.05552125084119747,-0.11911111230086387
2018-06-12 13:44:40.059000,2.231285666856964,0.7858012081613557,-1.3164592103026853,0.19847546022348303,-0.9469058628560252,-1.1061780131828842,1.3925927959528055,-0.53949743948172,-0.23721481691056984,-0.8885019133766461,-0.7417489646708118,0.8560766563458752,-0.5642705049841175,-0.06779342569212576,-0.029299469189821306
2018-06-12 13:44:40.127000,2.178877285288027,0.7661426678373224,-1.4090047231616094,0.16886359031281015,-0.8732982429766372,-1.0754968659055117,1.5528278934863824,-0.5991403287681397,-0.14392155203580448,-1.0374870538559076,-0.6603840075582286,0.7904657493134581,-0.3534347084478285,-0.03396498907188562,-0.3008832132176651
2018-06-12 13:44:40.194000,2.2278378565045474,0.8021524451562336,-1.3113498115242164,0.186462528417377,-0.9064884144586772,-1.2346255731846576,1.5839432669886988,-0.6553972256887681,-0.2825660948151762,-0.9382302726059698,-0.6470244751688679,1.148314165373558,-0.5481465832116512,0.015531652510672463,0.049275399458162825
2018-06-12 13:44:40.262000,2.211075132876001,0.7946486352968354,-1.3073755308871877,0.3917641398199849,-0.7883077427817697,-1.3460271664454464,1.584191751342472,-0.6969162662141803,-0.35982424985172945,-0.9323768909898594,-0.361121702584968,0.9627168078441305,-0.5910966223115024,0.11266336837273705,0.031814163822389455
2018-06-12 13:44:40.328000,2.2065399821628553,0.7755099921447948,-1.1893960986230587,0.36611453866935517,-0.790250847838772,-1.497941717575115,1.583069286803319,-0.5517917269871777,-0.3630856667316689,-1.0552930502924989,-0.37902198344140403,0.9245396681987863,-0.6680113844083105,0.13045546444220124,-0.037270803265488386
2018-06-12 13:44:40.396000,2.3705629583350643,0.8452224812014129,-1.4559649982894107,0.12182478143618472,-0.5354392659559839,-1.4283670878648556,1.4752084857297652,-0.402524285798353,-0.4474460638516242,-1.0216665668486513,-0.6351531842116608,1.0393274772728893,-0.8215807558734459,-0.05409263592608354,-0.1645351085168037
2018-06-12 13:44:40.462000,2.116243628571989,0.7355842317699421,-1.2276595120005551,0.44183852571805027,-0.6299722996748014,-1.7240198730609229,1.5367032098121611,-0.46371961647113613,-0.44488646697937934,-1.2590038810035118,-0.37612062821412007,0.9764714793645289,-0.7133469885636017,0.09552007372810448,-0.10351502531931682
2018-06-12 13:44:40.531000,2.3221450683739437,0.8026839828903545,-1.072481431208149,0.31702548896766236,-0.4984623927694094,-1.8365506560414044,1.3552679560952354,-0.5174410405248718,-0.5200334494521237,-1.5040065646242557,-0.39464207653269967,0.949279022729926,-0.6389980211411392,-0.03364212705776641,-0.23757692650291257
2018-06-12 13:44:40.598000,2.3570733005285334,0.8698576003263321,-1.1683233601689391,0.38669082185649395,-0.4657981491573232,-1.975176931157731,1.266543096437331,-0.2500257752902114,-0.7142179724569514,-1.3515992970210404,-0.4938536394191597,0.7371196893175972,-0.8391830877950759,0.04636775315594828,-0.21516226347637862
2018-06-12 13:44:40.665000,2.279439521830814,0.7224490958304934,-1.163033788520493,0.2060049658366188,-0.2798611389969986,-2.1523438507363863,1.3080415776558878,-0.10948091699667417,-0.683228716159785,-1.3619822612250876,-0.40571480723747455,0.8359584537875848,-0.9645637141465292,0.06791451252816647,-0.08183330416982378
2018-06-12 13:44:40.732000,2.2947620489176117,0.6645279494300556,-1.2468992845440618,0.34737904953919485,-0.16421397088994139,-2.3199778659091144,1.2428763165948604,-0.026446524388696276,-0.7869369902333883,-1.237650957426585,-0.4982250542755582,0.6605089286337471,-0.9064097601245128,0.06115918345925682,-0.13930894592322546
2018-06-12 13:44:40.800000,2.421566508329308,0.7108092194325688,-0.9158235178117404,0.14076257432431086,-0.10924636998453768,-2.4054756546276113,1.179210610779616,-0.36425122182587005,-0.6828074741701029,-1.6108466928934866,-0.2347308867903196,0.5838697150610197,-0.9807556304378311,0.12669094248184723,-0.18456245563334744
2018-06-12 13:44:40.867000,2.471786357363637,0.5744207419545111,-1.1044235123347497,-0.0041048342236411905,0.020719578407199235,-2.3087109232358882,1.0957228673328756,-0.14641795999724955,-0.6958156864891318,-1.5161473441227091,-0.3470610487675486,0.3191115187338447,-0.8122796385291773,0.10097490076831628,-0.2329696005729751
2018-06-12 13:44:40.934000,2.327286517450718,0.45074348895754107,-1.0053885089153327,0.21192994125481698,-0.15941012420023884,-2.5518478946593985,1.1990772544771198,-0.13302981074181805,-0.6853836947381415,-1.3859652238242668,-0.4738724479421048,0.438576632555706,-1.0043155276654407,0.06844086641963876,-0.007765668215891822
2018-06-12 13:44:41.001000,2.4403107261579455,0.6551740543483262,-1.0892896366891025,0.14209622294681115,-0.0792705077853113,-2.3323260210765686,1.159210098126659,0.0009398158004949933,-0.8802048375186379,-1.3576108749934268,-0.46390664141572235,0.5579417375293761,-1.0840073181241972,0.1615105369531871,-0.055434710004920604
2018-06-12 13:44:41.069000,2.520883769689357,0.6582253172370505,-1.1607144914638674,0.13165068079232914,-0.07769539261665115,-2.3035619194740153,1.0592704690779748,-0.06880834251208373,-0.78679263151654,-1.4606865932155348,-0.5455985244197812,0.6223477042538083,-1.0747074182396221,0.061110848522531944,-0.053742106261719616
2018-06-12 13:44:41.137000,2.434501935417937,0.6517196393378055,-1.2001596063447633,0.11716799676704301,-0.07662245653373323,-2.203065693999283,1.154269315146697,-0.12654949100328788,-0.6897764796802957,-1.5575589315260916,-0.6356982814794178,0.587235664081127,-1.068758101884308,0.05861686780067825,-0.16412625844921686
2018-06-12 13:44:41.204000,2.30341672071226,0.5233856477741268,-1.0503881363739895,0.06074546664292149,-0.18522192096849255,-2.22342848495303,1.159324922425255,-0.19382152464514943,-0.6785541276679147,-1.5962314807498243,-0.46017548463005464,0.740541429057571,-1.0494712275115354,0.1635954054487867,-0.17086455757045732
2018-06-12 13:44:41.271000,2.3240813642549565,0.5167030615661936,-1.0428490506633263,0.13196098615995236,-0.15437023466079047,-2.1409317419444682,1.1287876787948998,-0.15698616054369988,-0.768056223845957,-1.50941110253966,-0.44663775915380843,0.6459812795203758,-1.0680409586032547,0.1364647011591144,-0.016665111932545648
2018-06-12 13:44:41.338000,2.3838620505801273,0.5909247641643929,-1.1147844148274701,0.20555326481374273,-0.2206708858760778,-2.2415153081828167,1.1727786255641077,-0.13795766930679393,-0.7012403763613451,-1.5402511469975235,-0.3931398375137477,0.564902444077761,-0.9265990690424615,0.08721433220352709,-0.13303682096029795
2018-06-12 13:44:41.405000,2.448008185646951,0.6557405091603214,-1.1138024286550101,0.24202205434960214,-0.12666618078250408,-2.329510412569685,1.1155273094245675,-0.025923807778257042,-0.7602662725387322,-1.3270355827427078,-0.5789136122289074,0.6565984114553968,-1.0603160532011735,0.20632838799930978,-0.03998812302162931
2018-06-12 13:44:41.472000,2.542118164537049,0.667937475927709,-0.897175833698387,0.03694499411650967,-0.020586380907065216,-2.3458212788894603,1.1597457144100392,-0.12078828925527912,-0.6267910365823092,-1.5196013261218746,-0.5719600721008395,0.4433845720051355,-0.8626226329384036,0.020117621299389293,-0.3897564489825371
2018-06-12 13:44:41.540000,2.4503978452896797,0.5927479608679247,-0.9979213001770908,0.303417102133007,-0.09626868301539607,-2.382907704218069,1.1071425352153708,-0.0719546155609608,-0.7706569790544473,-1.4151943086648,-0.34201009144296035,0.5428244124216175,-1.1076573605842057,0.2503074175139169,-0.11104473841928729
2018-06-12 13:44:41.606000,2.508902105125257,0.6033791369978303,-1.0007902584772606,0.14272406812807173,0.016726059134667293,-2.3464460706123713,1.1157841941408417,-0.013465494136239244,-0.7502476835168351,-1.540352612851537,-0.4646641618547418,0.4885675969490203,-1.0178983741173406,0.16676118053126143,-0.23239693153903535
2018-06-12 13:44:41.674000,2.5068744707356565,0.7539200209724197,-0.9705736374023741,0.40285390096191875,-0.07266273131731388,-2.456497868262355,1.119975622631479,-0.05662412690663333,-0.7309306019072199,-1.5265124888169588,-0.42703917498545496,0.7715154059168998,-1.110613648244188,0.13149749105194114,-0.09101911365320019
2018-06-12 13:44:41.741000,2.4668446238708537,0.6981812702670513,-0.8780782557216302,0.31910834028547996,-0.10133326024032868,-2.4539789267323853,1.160390485293476,-0.11466892947570537,-0.7457880682914221,-1.5399269697607871,-0.3442210529515939,0.8708982024689844,-1.093130646354037,0.2226442760624516,-0.09695706995420118
2018-06-12 13:44:41.809000,2.4471598704324737,0.5587120504452423,-0.873285638166468,0.04955426496561535,-0.08950133586492473,-2.388337651261106,1.1705912559081266,-0.0866482497684386,-0.6560523627443446,-1.537047260059651,-0.45800798706564416,0.5332810265761952,-1.0257586489926045,0.1612229994528599,-0.2374524826138844
2018-06-12 13:44:41.875000,2.4652389062543207,0.6001126964780703,-0.9132859642780927,0.29234689788750645,-0.1815994189885685,-2.4951488483620454,1.175617800840604,-0.015681635365450662,-0.7464645605714245,-1.5739480994760529,-0.4713424729051987,0.6187777621741218,-0.9579907460459617,0.19900458297805257,-0.22431395783289326
2018-06-12 13:44:41.943000,2.4790060076326146,0.633035379564725,-1.1312061785812693,0.2690905640391228,0.005427939906056944,-2.308683578726353,1.088799244953878,0.05333945378605592,-0.8320844967816645,-1.4839632758022856,-0.5223103465373924,0.5917569790549816,-1.065109409267095,0.2390756502404313,-0.1078061034279763
2018-06-12 13:44:42.009000,2.482113583044833,0.6614277672298359,-0.9312541915205964,0.28061835457960393,-0.029793973227588144,-2.3614014928212397,1.1504779040942092,-0.02099211763664236,-0.7715125735077498,-1.490641363218736,-0.36609606621076984,0.7936236045774975,-1.1121543072547557,0.21140645475848266,-0.03744485331423052
2018-06-12 13:44:42.077000,2.469119891690271,0.6278284638229203,-0.9639084776443816,0.4379715618856047,-0.1174393991508641,-2.4355251612686883,1.1258916290379024,0.011105502732344223,-0.7454498727235758,-1.5941996940043524,-0.4031519591590018,0.6256399632407067,-1.036897526524784,0.0593453246617979,-0.19421981500938884
2018-06-12 13:44:42.145000,2.5455427112446083,0.6758705123783775,-1.1771240341721916,0.43914663685697786,0.042309188660820285,-2.2993377173999976,1.063165539112549,0.12239035188725134,-0.8246396688532518,-1.5116300982279807,-0.5480261303143015,0.6167084816159364,-1.1400837520143554,-0.005868594863601667,-0.19426150188130115
2018-06-12 13:44:42.212000,2.5381930856745623,0.610513115941274,-0.9182604247878812,0.10998666926054654,0.033557394554177444,-2.4379276689183658,1.0729041257598126,-0.16942042206766086,-0.6004174285294687,-1.6696597797245625,-0.44597818966154246,0.4952312759250983,-0.9668615274590657,0.2064399615478068,-0.15428907937199354
2018-06-12 13:44:42.279000,2.4735880864568562,0.5605506407606033,-0.9608427076568378,0.32817472576796136,-0.11261134966158012,-2.4674611799639656,1.1271188722465117,-0.09878424766703925,-0.6716693565264651,-1.6478666347119248,-0.409169649624614,0.8338023683707009,-1.125705218748327,0.18992899532623203,-0.12791247566336467
2018-06-12 13:44:42.347000,2.4713576524129195,0.536636079960269,-1.080816596163663,0.2507359609189429,-0.024390169964946418,-2.3804838022677233,1.1891917199512978,0.029365860996767267,-0.6405080469475704,-1.5882193236937359,-0.49326010965833844,0.6571777137672524,-1.1089375641472086,0.07900230571304556,-0.23644660768271236
2018-06-12 13:44:42.414000,2.534177337238254,0.5875268628858312,-1.0439296020300992,0.23553337104093788,0.017453816216444706,-2.4178660599705784,1.0452911795354831,-0.08097437193118456,-0.6340928523425537,-1.6708881893380183,-0.48154026654094706,0.5182845362352092,-1.131860478380044,0.22692559330954004,-0.1203300444069141
2018-06-12 13:44:42.480000,2.55003162442502,0.6313449136069285,-1.0965785956711251,0.3941201374134845,0.011391877561605979,-2.489435339986931,1.098895830569337,-0.09804913597885012,-0.6333833599666094,-1.7415608886656937,-0.384289623034321,0.4016706017453401,-1.1154792673176201,0.2739092560496013,-0.1661287940266618
2018-06-12 13:44:42.553000,2.5059273473009114,0.6236922088824708,-1.1495585984784815,0.3089913528638326,0.045467883116580565,-2.37559130958804,1.0617427539416333,-0.06750545525244178,-0.7097433560420457,-1.6052537295562486,-0.5009097977086737,0.5407551952901676,-1.1428401011536478,0.3032848384570501,-0.18622303593645056
2018-06-12 13:44:42.616000,2.556278912685171,0.709197629842597,-1.2426625597978935,0.2390518119576248,0.17436108767427494,-2.286070130968214,1.0635971895296383,-0.1230204312934261,-0.6686769993568008,-1.7599195154817475,-0.3813298048841087,0.5027164930829023,-1.0547123704525367,0.2038853830593777,-0.32638440137667685
2018-06-12 13:44:42.682000,2.379188992142754,0.5847791972411018,-0.990221154439775,0.2843076667421648,-0.11345230189062586,-2.2980797646670985,1.144063066440956,-0.2727325628968256,-0.5783868541246013,-1.7032669853631215,-0.373842914792206,0.7873262668866114,-1.226700416370238,0.11125232496140658,-0.056031557506443466
2018-06-12 13:44:42.749000,2.3673280629506834,0.6155352560092253,-1.2150230496535857,0.40525151654337455,-0.13263487312224426,-2.169714780496639,1.085996731949465,-0.22539224737040006,-0.766376852725757,-1.737293898809983,-0.4442080793606161,0.6099338871220819,-1.222156126218787,0.08335399246665855,-0.13223039034206346
2018-06-12 13:44:42.817000,2.302035340896225,0.5648594304174985,-1.0923872780394297,0.21881456010647857,-0.19655390668924538,-2.036217744126603,1.1655242848475047,-0.32924089469647144,-0.6773933498018785,-1.7364061883267974,-0.5191749680726162,0.7879410533728335,-1.245754480550644,0.04273080606890078,-0.2707908696706556
2018-06-12 13:44:42.883000,2.3197600785205115,0.612940189234854,-1.0452633270855467,0.32365359369307267,-0.3807831425420329,-1.996732450882841,1.2811986394595798,-0.37358168328379765,-0.6427083065963803,-1.6365567780448327,-0.538276354014775,0.8192018996502762,-1.1672467699285312,-0.2980780295539144,-0.2603163875623982
2018-06-12 13:44:42.951000,2.2367742855691573,0.6037726427688224,-1.1712573106738764,0.16618333050888975,-0.35613537990703975,-1.5581116522180174,1.2780991761163762,-0.5659934456125396,-0.6734525281176148,-1.57790190924253,-0.6284740018965785,0.8775020087922397,-1.2859535896311565,-0.43666307240589364,-0.18341897795857381
2018-06-12 13:44:43.019000,2.340603281866529,0.7949241705551833,-1.2115562885133828,0.05184109685472743,-0.45239241217683646,-1.5263202569346066,1.2781703145171561,-0.645422898924223,-0.5262077547941781,-1.6424995205725694,-0.6804038287375725,0.6105603427065817,-1.3110734656155474,-0.3044977876176266,-0.12681343962199226
2018-06-12 13:44:43.085000,2.1459817195521262,0.6428796372069088,-1.1056437864546258,0.09073983398062194,-0.6400192336672994,-1.2312511229955514,1.4194907756071835,-0.8032948313648576,-0.4831607247850928,-1.4440463176107077,-0.6407647849833389,1.046441396600936,-1.1202894637037883,-0.29625547007732445,-0.17209850032416601
2018-06-12 13:44:43.153000,2.142399834109211,0.6676244485660661,-1.3678739641031394,0.05939222898414073,-0.8433533183656561,-0.993347788715031,1.28953314272154,-0.8587262696046635,-0.2240930237526103,-1.3699835686421307,-0.7851364751083723,0.8692291770350896,-0.8896236283632447,-0.36897632899126587,-0.18050667547712357
2018-06-12 13:44:43.220000,2.063986179071196,0.8770005198207091,-1.482991721473107,0.194573099204478,-0.7121155328286036,-0.9171962279339635,1.4709081347893251,-1.0307837361267695,0.05468085046515567,-1.1175405226886692,-0.4454016476615279,0.7828239095852277,-0.49090030924510547,-0.1926765189843729,0.00316481046616255
2018-06-12 13:44:43.288000,2.1121047715314862,1.0213441392725682,-1.1967735966418687,-0.10021467637783968,-1.0778018824509723,-0.8238792492156003,1.597814846317808,-1.0245408900654118,0.10957721262136583,-0.9029967618356141,-0.5761912652283877,1.0405831986728797,-0.6510632397950875,-0.34836130062697324,0.06562875058581398
2018-06-12 13:44:43.357000,2.168079447871299,1.0758793403837053,-1.3805607875632224,0.23569622798134296,-1.2638658230926967,-0.6136603475005453,1.4325114693531855,-0.9135274199780536,0.12208732467506705,-0.5591596667610077,-0.5688718938154738,0.8323902148536698,-0.6705999827671985,-0.2597505410880878,0.26905906329518525
2018-06-12 13:44:43.422000,2.163277121691981,1.073259052726556,-1.2717754058657282,0.12049687709720105,-1.3732576733335256,-0.49022175246005134,1.3668075138371991,-0.9095798488752332,0.2684777858327777,-0.46052888381583174,-0.4325594601180278,0.641078582716557,-0.7563236945504239,-0.3350087107111672,0.23618970293111852
2018-06-12 13:44:43.489000,2.1950307222457637,1.0946726486198368,-1.1525746463497837,0.05673225559673442,-1.3434039578216348,-0.4139183121525461,1.429625587013224,-1.2232187083976738,0.389109932167377,-0.4546563872134865,-0.3071900248255184,0.7712560056680916,-0.6414435701832119,-0.3940642642691099,0.05277151790737901
2018-06-12 13:44:43.556000,2.204827667816586,1.0667902024706528,-1.3374620084846647,0.21678184439804773,-1.4686293353241169,-0.4250490167084767,1.3220783517825825,-1.1625010323204794,0.17530997140697396,-0.19312419049568796,-0.47449533486260875,0.5897810607522984,-0.9522230865318071,-0.279905817993061,0.1041753884512706
2018-06-12 13:44:43.632000,2.2360085383403874,1.037996137807431,-1.25206645725761,0.055025231529035296,-1.5298771841035612,-0.40377391341591234,1.3320119784362752,-1.0239730348272489,0.26737686014072826,-0.28206599371215013,-0.47746247899626026,0.6442218884474277,-0.5871029695770007,-0.40860313087311273,-0.005017477804681966
2018-06-12 13:44:43.691000,2.2803754128932834,1.1771326259808739,-1.4078957204935865,0.08428116564446078,-1.3101569138295777,-0.2787294216385819,1.3891369421388249,-0.8596940585546397,0.30632330356735576,-0.10954532243471701,-0.6487057381003545,0.7835409388769222,-0.7170123521748971,-0.4439174463726995,-0.03440776103287639
2018-06-12 13:44:43.758000,2.3829102619630484,1.4835609154468714,-1.363612241462228,0.011171242003937848,-1.490967279262018,-0.1729352849705537,1.342057505823544,-1.0428079846494933,0.23736158691630876,-0.061868457831951607,-0.7017801930375971,0.6939815290462347,-0.8172575107260768,-0.4882682893755347,-0.015470456595936447
2018-06-12 13:44:43.825000,2.228275003448992,1.4101835209379252,-1.2243791355827136,0.309555633186651,-1.7446983921430004,-0.3549433457486931,1.3089569940772972,-1.1250181036490177,0.13750840134836528,-0.046253982270623425,-0.40550309074393387,0.6008962341107119,-0.8301304364366957,-0.22873692313200242,0.04928599410202249
2018-06-12 13:44:43.893000,2.2631043407709743,1.66260834018202,-1.2919377661806395,0.28418777325181654,-1.932416228149421,-0.30436053236761884,1.2228314285942288,-1.0493846212775948,0.4594625979050255,0.03094548069471474,-0.41406564353681974,0.5600985573779307,-0.6668050499515584,-0.21372418162551474,0.059507721277682765
2018-06-12 13:44:43.960000,2.1692942619269253,1.7777762156412762,-1.3240620598104356,0.4125598322504942,-1.7644344322934844,-0.20925477211802648,1.1985807736754381,-1.2159056837274347,0.5499480332232642,0.3082488958410674,-0.5400866080782871,0.3594413729676271,-0.6880380586396879,-0.19541377718280298,-0.043850256744062635
2018-06-12 13:44:44.027000,2.20495908858277,1.749607860939006,-1.193567787339026,0.21008882349312655,-1.9426122127807914,-0.26774031501855367,1.092946272105411,-1.0993677504982504,0.49857661462604164,0.08346176290032437,-0.5139599856681158,0.47208171827229034,-0.6389652251134762,-0.15395992778039894,0.04517163943738682
2018-06-12 13:44:44.094000,2.2307222880239506,1.9420024557991056,-1.3705941022670498,0.008763429883295759,-1.9725122261683243,-0.16438077621522945,1.1318170389893565,-0.8595438710129706,0.5175343412760727,0.1804428583623704,-0.46740960473861526,-0.029361969475896754,-0.2867195228175939,-0.07976113453833703,-0.17259295324463875
2018-06-12 13:44:44.165000,1.7913573246998453,1.7350758564938653,-0.8206483724333241,0.10029167693640076,-2.4013833190994625,-0.2438164959120945,1.2155691657985241,-1.1602106112034487,0.7814895048255405,0.1732527139805844,-0.29805269571782234,0.9628235482854423,-0.28553797792177005,0.042059464456206584,-0.24626239436670594
2018-06-12 13:44:44.229000,1.6839687530781289,1.9380335953851882,-0.7472344619251453,-0.08885141734068532,-2.43185488221997,-0.1782906173521176,1.1167944545627657,-0.961348014590206,0.5789389286106438,0.5393246217609626,-0.21186601815681197,0.5526194476910589,0.16026693707173717,0.15962079241767171,-0.20801792231652788
2018-06-12 13:44:44.295000,1.5649847655745108,1.8138079622032777,-0.7557736537378603,0.08933390560272622,-2.4425120335504893,-0.07021894616689317,0.9809524364302914,-0.8613773494415216,0.7293107499190475,0.5791820823918927,-0.2452334077862239,0.624494957115766,0.2298660946422038,0.1514094860721107,-0.30301160050274034
2018-06-12 13:44:44.363000,1.5649847655745108,1.8138079622032777,-0.7557736537378603,0.08933390560272622,-2.4425120335504893,-0.07021894616689317,0.9809524364302914,-0.8613773494415216,0.7293107499190475,0.5791820823918927,-0.2452334077862239,0.624494957115766,0.2298660946422038,0.1514094860721107,-0.30301160050274034
2018-06-12 13:44:44.429000,1.6486312404912549,1.8254367462042436,-0.7004307570895483,0.13196032712976577,-2.462274632893325,-0.05493815769679732,0.8793399496441062,-0.8688180838959465,0.8663839683712636,0.7180575115852187,-0.26625579687710355,0.602364412073442,0.16574474769263364,0.19732337416120893,-0.39283601746914604
2018-06-12 13:44:44.497000,1.6349465899679028,1.715132460059873,-0.7179224157635852,0.1503906746763696,-2.476732728997589,-0.06765698393899922,0.8471674207227711,-0.9726580937035331,1.0659732458975046,0.6264636039436494,-0.2483425588682527,0.577570621200887,0.0506952549390674,0.09702558746387356,-0.30731538673398273
2018-06-12 13:44:44.565000,1.4059503521066286,1.6859395850125347,-0.6285234183519619,0.28613462064188333,-2.275754914187783,0.02767735132444745,0.9827716196223759,-1.212209442296463,1.0271239993943997,0.55483726947367,-0.24163918116225844,0.5133722336007911,-0.2384170430065586,0.1429049510808179,-0.41428843880182303
2018-06-12 13:44:44.632000,1.3684241665117853,1.5241320121946431,-0.7436830556575139,0.3321370751584036,-2.3602656663748465,-0.07800964171575978,0.9380290055109763,-1.0595870930647258,1.0501026991117541,0.6233356670471158,-0.19019659157916444,0.4670931718544761,-0.2175278694428756,0.2187815280520895,-0.4517537266887403
2018-06-12 13:44:44.699000,1.3362060637211068,1.5138744667520936,-0.884408729299389,0.34589487508106864,-2.486353146366262,0.022624462876794368,0.8752116338482255,-0.662412272566228,1.152994068761982,0.5210407894804885,-0.09316832143803547,0.6710327416614085,-0.07362534912111471,0.15595058555407226,-0.3166302453212354
2018-06-12 13:44:44.772000,1.299925070838754,1.3613643194470335,-0.8899526331968249,0.2659771931412763,-2.538511676791509,-0.12887599178306344,0.7828257509137635,-0.6841822698922746,1.4616672583288377,0.6809763185420404,-0.2777357521098167,0.5081841137521312,0.04018785951445569,0.1249221908550544,-0.270295228742081
2018-06-12 13:44:44.834000,1.1179904159075145,1.1973957123072463,-0.75512906760146,0.5286543217090444,-2.331271662951155,0.04684020047937291,0.7247496983925427,-0.4891533436119691,1.446035090185179,0.5642705681396121,-0.10989834671055751,0.611640518892211,-0.054407587139521374,0.026564423028478716,-0.2584873279040474
2018-06-12 13:44:44.900000,1.4859227240889665,1.342079810961595,-1.6620021269949776,0.036642164002749944,-1.6564455405478218,0.42463634043583204,0.4142491472492491,-0.3257575739436498,1.717151703036524,0.6337879636301181,-0.5022596835654312,0.07728980895143756,0.041222672337706046,-0.22526117785153774,-0.44015961099136963
2018-06-12 13:44:44.973000,1.1819116793960385,1.2489542676381684,-1.6133669575070282,0.5259434904945866,-1.7313792049394052,0.5435564178521345,0.5152158885018712,-0.17355842763537407,1.6349357454260014,0.58937856270288,-0.3530661111520299,0.4795149969469838,-0.2947177704201632,-0.16493531856291077,-0.1781925762378304
2018-06-12 13:44:45.035000,1.3788944703946417,1.3112272940537577,-1.875542380118856,0.33795669533871564,-1.4113605513130025,0.6311485993031751,0.36866559081640904,0.006549770760404604,1.725228604189942,0.5378547980448147,-0.5061331419773161,0.1561633357530694,-0.050770692577225524,-0.38400086838941216,-0.4160288393143638
2018-06-12 13:44:45.103000,1.2442219434172,1.1616481802129512,-1.958481136421476,0.5156778469205562,-1.3083899741612552,0.7171794496281493,0.3242602724105027,-0.06936954498153677,1.9809382782089955,0.4580795159071075,-0.39250572114449,0.24774221015626002,-0.12908059805504343,-0.15637252893590764,-0.664754849242053
2018-06-12 13:44:45.169000,1.232866805945644,1.076091803101015,-1.922883966676271,0.5136680630424771,-1.4130097217481405,0.8072822439119265,0.33396612993656577,0.383019534240218,1.9374579313902416,0.8402840217756997,-0.44776656737121656,0.3214898263416993,-0.33945734190168464,-0.473590491816956,-0.5243723745063893
2018-06-12 13:44:45.236000,1.1388146357803608,0.9801212402572985,-1.6730409679693206,0.4619465157382201,-1.6520780854829455,0.6455977724623089,0.3735058593161099,0.45580712915457383,2.0349388113892717,0.9465970737977561,-0.4222471928476723,0.4285640129013454,-0.12547924784783238,-0.5647694360654231,-0.35890675862039856
2018-06-12 13:44:45.304000,1.094530362424904,0.9466026872376818,-1.597823735292983,0.6521629397929782,-1.6169988505595745,0.6784472920922554,0.31850294636456844,0.3180075049648269,1.9766536027542831,0.8093124669930277,-0.1672009884406345,0.5012651064507815,-0.08210695692759037,-0.3433391739591005,-0.2864708038910129
2018-06-12 13:44:45.371000,1.2757834066886455,1.0350236640900574,-1.679249233719009,0.45416732540328564,-1.5128961351671826,0.663821819432024,0.202564064320222,0.428665029053489,1.9971987798386697,0.9142990565280523,-0.3706182008748886,0.25850717242027116,-0.11529036520578839,-0.5826278041983325,-0.5382322590040688
2018-06-12 13:44:45.438000,1.1608614108450377,1.0353033367730196,-1.5720042651235542,0.5962605104580555,-1.5650067929916638,0.7502222066418662,0.27495811941331716,0.24047926197761313,1.9535076658839694,0.7526367236287321,-0.27033574941400496,0.5321321734739083,-0.2728862319308169,-0.46817891861776906,-0.4456303921747928
2018-06-12 13:44:45.505000,1.2910397597129775,1.109881591790045,-1.8772588263301848,0.5777094274493877,-1.3783192728108142,0.9733526990320138,0.12498930077458797,0.4338444701854797,1.8386013686220744,0.9290933160807978,-0.56632408638628,0.6696135829707648,-0.46240718151585664,-0.4887224655509298,-0.315689345307323
2018-06-12 13:44:45.578000,1.34018146655524,1.127818369101977,-1.866495932268344,0.7454574835204536,-1.327711958408218,0.9216391822085042,0.10642279755789824,0.40950597903960934,1.836755112312106,0.8530330888296692,-0.44422269920597324,0.39230369498568896,-0.41411841704826513,-0.6885690838980844,-0.24674062119853996
2018-06-12 13:44:45.640000,1.4097392922081857,1.1522022473777245,-1.8716287158834108,0.6030447633249669,-1.482988747932941,0.8319133401280157,0.11201474953193646,0.30694590239164876,1.8816917805620972,0.9478426107681149,-0.5075568082986768,0.4530670909309097,-0.18419588999994124,-0.6051840021413497,-0.3511912088515469
2018-06-12 13:44:45.708000,1.2956285149462152,1.0771702138156347,-1.7725012604885702,0.553035413268546,-1.5014452665983076,0.9499747896233492,0.1723162069738176,0.44957870195393446,1.8568974671620855,0.900122804503244,-0.38097737853122693,0.41056637121991063,-0.3897508419348165,-0.4397723036387362,-0.2925886354720128
2018-06-12 13:44:45.775000,1.35979049592071,1.1345401210270796,-1.9662857620212646,0.7087066556625212,-1.2912565099263356,1.1168182023615532,0.06538548580728287,0.5495679455094472,1.6669563132018679,0.9346889381140625,-0.5513669804050211,0.7247960838881742,-0.5881513839297217,-0.6172413816077834,-0.3500350409320651
2018-06-12 13:44:45.842000,1.3967852255497917,1.1585956034223162,-1.8081883487908026,0.6782514931720648,-1.4946295330744168,0.8299983515653009,0.09911589632085466,0.41900189847745223,1.9262908410888433,0.8350189462361363,-0.3488786691755661,0.3130014026700303,-0.47443707212161296,-0.5089138507536808,-0.11519716722197436
2018-06-12 13:44:45.910000,1.3628771175670122,1.214228200904524,-1.768198951178831,0.7200780670075235,-1.5303932027615468,0.9106925381329154,0.17268793034295032,0.5202561135658872,1.9060367587602158,0.7958225294185391,-0.46965568568991034,0.33250682016793415,-0.4745788488120977,-0.6151030039133637,-0.18409518651047224
2018-06-12 13:44:45.977000,1.225320602384882,1.0550089500222066,-1.5855795170646854,0.49311844961586027,-1.687208735096604,0.8973089075470358,0.2683220738555283,0.5067572778488413,1.8894190416330567,0.8593839369048669,-0.4469444907095047,0.5413125513464363,-0.2418135721121527,-0.6314203413361053,-0.4130872583692699
2018-06-12 13:44:46.044000,1.3088612661784422,1.0651189136456232,-1.8381814644854486,0.6814952585065033,-1.5283701231268383,0.9522428703116107,0.16740102371327864,0.46601906504999974,1.9884656070909785,0.9381666151467495,-0.2726313282064692,0.4363441272058582,-0.2472785490369352,-0.5455721056559665,-0.16818116882451056
2018-06-12 13:44:46.112000,1.315711988999397,1.0456079972255155,-1.7022208120686464,0.5870929708935316,-1.7225281701074988,0.7841441216193443,0.2578299548934465,0.4507827569219441,2.10367517724961,0.9194428199496493,-0.4856749938720193,0.5027147611603143,-0.25220945494695196,-0.5763430513270588,-0.3024941504792925
2018-06-12 13:44:46.179000,1.3531734175588577,1.0740550037051793,-1.6270847381878764,0.23599969778530475,-1.5002027652362977,0.9425538034325214,0.20603776587645628,0.384726873638354,2.032745395795555,0.693390078780952,-0.5862353809672236,0.33673139389357487,-0.05677839505988824,-0.7162611122143695,-0.6931290382693946
2018-06-12 13:44:46.246000,1.2887954653461104,1.0168558604580542,-1.6708893457535872,0.46631203182943126,-1.5553179390661267,0.8554447244416727,0.26900462262271435,0.28635455574332885,2.046684927893013,0.8293151630336805,-0.4300541148561612,0.636324782004665,-0.2462491253575613,-0.4272137125783574,-0.5640123448423927
2018-06-12 13:44:46.313000,1.3398240783537645,1.0072827698981501,-1.664329453514138,0.421338477898602,-1.5774086632592272,0.8850550484068774,0.1887142986605836,0.23523496478508052,2.021491467401722,0.8136862489186552,-0.4611222061863858,0.39564973690971084,-0.11257578210301974,-0.44827181566385754,-0.4283822703266634
2018-06-12 13:44:46.381000,1.29061366218105,0.9461702341622302,-1.6201751608051447,0.3748617549454979,-1.744335412050623,0.8974910493029534,0.31195831408629016,0.33045392482702807,2.0006768933995627,0.8616466292087648,-0.4156636259281212,0.48962307649550274,-0.1519101369988179,-0.3914303835681805,-0.47966525446823544
2018-06-12 13:44:46.448000,1.3462977118357724,1.0654057477400538,-1.594511311224328,0.34644716919281315,-1.7712903420566373,0.7217652223826051,0.3006713398809851,0.11547593071500681,2.18782732282424,0.8160035422854057,-0.43075091866062853,0.24567296795915006,-0.12994184546680593,-0.3027594244449945,-0.27253579132128974
2018-06-12 13:44:46.515000,1.2728079313599583,0.9699777181447711,-1.3058491557343401,0.36031155102623325,-1.8895777501733753,0.6560650467235516,0.34033428151775225,0.1584460072900374,2.0353987067181065,0.8136629643243574,-0.28808597795354773,0.5269161206762047,0.019958284795838027,-0.28060416492867657,-0.4316839678118013
2018-06-12 13:44:46.582000,1.2937516500949058,1.0262423352982328,-1.5223224697132023,0.3769380302872867,-1.696273320785688,0.88994138943206,0.35804445697230936,0.13607345814979452,2.045335911587458,0.6042015231513506,-0.31975733002725015,0.21289555907484492,0.2429530735348569,-0.29406264995997755,-0.42856872418168696
2018-06-12 13:44:46.650000,0.9513562296637117,0.8552858967721158,-0.8615995602097825,0.2446294858140998,-2.416977949011221,0.5065518191083825,0.6261636174661931,-0.01867812285715647,1.9407798855557847,0.5504960512984827,-0.1391684215368533,0.6530553281945,0.11270696573663153,-0.022524339295372717,-0.17731585352188756
2018-06-12 13:44:46.717000,1.0241803786065407,0.9611662541454165,-0.8668674252568175,0.2710192500343499,-2.472903424759821,0.41676431695273974,0.6396635644445549,-0.18254179167691187,1.8826626537273934,0.5445028693530395,-0.1948410113849218,0.6640199970795685,0.05573218309411565,0.03954966524549176,-0.2066453974569914
2018-06-12 13:44:46.784000,0.7991122478142705,0.8405463336569785,-0.7522686361091142,0.43382931676142034,-2.2091267982205203,0.296810431406874,0.9277431320714118,-0.9147127353750121,1.319618368932157,0.6097796610458732,-0.025808058750511786,0.21129223277676168,-0.6642559214125593,-0.003207588023305466,-0.5750249668960624
2018-06-12 13:44:46.853000,0.7991122478142705,0.8405463336569785,-0.7522686361091142,0.43382931676142034,-2.2091267982205203,0.296810431406874,0.9277431320714118,-0.9147127353750121,1.319618368932157,0.6097796610458732,-0.025808058750511786,0.21129223277676168,-0.6642559214125593,-0.003207588023305466,-0.5750249668960624
2018-06-12 13:44:46.919000,1.0088639790733733,0.8001944464736763,-0.7121657412877038,0.3585685919121683,-2.2279253806788906,0.2740838029578844,0.8804276964112082,-1.22271337527161,1.1844319843190316,0.5862412789403595,-0.12006349577112888,0.27425148125479154,-0.661651101746586,0.08601627095856698,-0.46849125128612207
2018-06-12 13:44:46.985000,1.076364536205615,0.7032327043590956,-0.9761097309700102,0.30358161046277665,-2.571250683794756,0.12259212617799015,0.8643720683158885,-1.2959459036661776,1.0539004610187686,0.6350593229249557,-0.2778272077784326,0.27721526034077487,-0.6697257157053698,0.17017574779672134,-0.2767922675025767
2018-06-12 13:44:47.053000,1.363930450771754,1.004759470274346,-0.8323984707724661,0.03370623385209348,-2.3890050976704416,0.22550909363091623,0.8633448731648106,-1.602365126180904,1.0564961975825544,0.455655116519485,-0.15997574365366038,0.5442670697006808,-0.64507743424274,0.0877189237740496,-0.47596749034061164
2018-06-12 13:44:47.121000,1.4507166203429152,0.7797318110684037,-0.9578444085752233,0.07865090381063036,-2.5387889484053763,-0.011620368477170125,1.005226912753292,-1.5501470648723688,0.8791461115858804,0.2819500763032734,-0.330058859083182,0.35066354620434187,-0.5209167587451825,0.009309712959555828,-0.6271591752519103
2018-06-12 13:44:47.187000,1.9529289733508186,0.9954523404100328,-1.1216093682337627,-0.25805165147246667,-2.6132730399044877,-0.22780154620764514,1.1302266742706384,-1.3044745223990653,0.8892457486713948,-0.04384097298084412,-0.37123856031712865,1.0631673764016765,-0.21830877287043876,-0.022233541292535006,-0.16452980650572513
2018-06-12 13:44:47.255000,2.336685529877334,0.985893894625498,-1.7547057449343664,-0.1343822345205149,-2.2908534072625297,-0.16566962656371123,1.2226761189038449,-1.0834465741736052,0.6326822695484856,-0.17940561993206497,-0.4721448637570256,0.767767998432219,-0.4885975614412195,-0.24725101131820185,0.3096522043323242
2018-06-12 13:44:47.322000,2.310328084138959,0.48218273246615667,-1.6843101289614075,0.16677643645423992,-1.9965294222919003,-0.2408481945846115,1.1379384985185257,-1.2228274776212644,0.23205145346193423,-0.3017096424741325,-0.47522696218702765,0.7746426461395134,-0.7430623205549861,-0.2296219205393822,0.10037862980990371
2018-06-12 13:44:47.388000,2.6786577299528975,0.48292297972941073,-1.728827640440384,-0.05844337226273316,-1.9617715491849361,-0.06992276873137673,0.8806271397020172,-1.1920346501231562,0.2449372316187996,-0.4818849101480875,-0.6117646668687455,0.9634627911064515,-0.6391285004719742,-0.49904414388118934,-0.04877240858720991
2018-06-12 13:44:47.456000,2.6927976471813686,0.5044791399069979,-1.5373004723809944,-0.10426796642393148,-1.769335355004957,-0.26374304680342936,1.0651212959063923,-1.3013043237691395,0.13401057494841428,-0.6334217738019249,-0.5669948509440947,0.9445074750518458,-0.5014155478330801,-0.43633664354736046,-0.22387910491797208
2018-06-12 13:44:47.522000,2.5873125914277812,0.41885419358299986,-1.358743883158158,0.16009004328800455,-2.000599518665202,-0.5428705623628882,1.0564566605864059,-1.2364442197751961,-0.03360241743375522,-0.6429782279384961,-0.4155727486064684,1.1256648752892042,-0.6409887727826968,-0.3525204488964835,-0.16867979632390845
2018-06-12 13:44:47.590000,2.752830106945698,0.4990807335620791,-1.6328914850514809,0.07313974633095663,-1.6364457802970849,-0.651743102174124,0.9388319599301306,-1.2215708309697433,0.05890138991485813,-0.7827911628356703,-0.7444861551877316,0.7025757759352163,-0.36291912320064157,-0.41492802163787756,-0.3676940922508183
2018-06-12 13:44:47.657000,2.822889081862936,0.46101358286186495,-1.5981288848075013,-0.056851119827400445,-1.5542749841857986,-0.703691462577306,1.0720025472755768,-1.1444485263656499,-0.051882964482322796,-0.8791803100301674,-0.7259508834202663,0.8740635631856161,-0.4613938278302798,-0.5157757321091898,-0.3585192243988957
2018-06-12 13:44:47.725000,2.626499597689734,0.3944175249208462,-1.5628894769593566,-0.06007116843204627,-1.4817061089290458,-0.8990902073350223,1.1071186126265031,-1.3359380842101276,-0.08802131378744937,-0.9854783389745811,-0.48032831965121825,0.7218115823130665,-0.3005953892958112,-0.35954598664319004,-0.2985374101098578
2018-06-12 13:44:47.791000,2.4558705171347217,0.4404891263850214,-1.4360910222933232,0.04730496996841127,-1.3890570432761062,-1.0979685081333428,1.280438633442388,-1.0306820681919435,-0.343924824559821,-0.8122215883347814,-0.6554068048807012,0.877344943960523,-0.4555682851852504,-0.4219585691252543,-0.23166101293748936
2018-06-12 13:44:47.858000,2.48684194767978,0.49285525630258126,-1.4429572845992829,0.25422165607765534,-1.2679195406609292,-1.41000579969137,1.3348567604976518,-0.8132352825137337,-0.6272476689253752,-1.0089826556521715,-0.6179469030459339,0.9371470153237306,-0.6182645454946035,-0.1978899886280737,-0.128574306002883
2018-06-12 13:44:47.926000,2.4095327736895102,0.42600554949970953,-1.4038350725743467,0.1978221263163498,-1.2568188174009414,-1.42953471862133,1.3734801555362122,-0.805436169906897,-0.5435910484233023,-1.0083780631287915,-0.5509314524964105,0.9645427002376942,-0.5004586251386863,-0.21380904634503448,-0.13767092489476235
2018-06-12 13:44:47.993000,2.4949921413421023,0.5829321316752103,-1.3590748312110972,0.07653392336425827,-0.9937823570689908,-1.4934294235688232,1.2923331189165297,-0.7478224179804711,-0.5241692627204222,-1.1565437616776477,-0.8031138878849096,0.8816452054592555,-0.6996122758868385,-0.28068671572507575,-0.1997422032315443
2018-06-12 13:44:48.060000,2.5067738124469185,0.5995518951937628,-1.3546070230121408,0.15203211163475241,-0.9599501848375394,-1.6440694646283307,1.2556153597784898,-0.7948375252453918,-0.5357928195392674,-1.2287984530082552,-0.8095840916807344,0.8532741127630503,-0.854118747237278,-0.3194893015111838,-0.2121433337443524
2018-06-12 13:44:48.128000,2.7135837479024234,0.6572594499591313,-1.495744951203562,-0.14405216806015403,-0.8016379705327267,-1.6534155433297837,1.0737307833211536,-0.6886677182810917,-0.5535969498759694,-1.251828837897016,-0.805367656952524,0.6751496584669323,-0.6696779437046115,-0.3050493221022539,-0.20644874458902845
2018-06-12 13:44:48.196000,2.5405142129922833,0.6960648366531117,-1.4320355466517094,0.33499984252833714,-0.8273237068797388,-1.771087197377127,1.0755583794627233,-0.5515489877891816,-0.5863068387291157,-1.2785904170928228,-0.7993099141375366,0.814670982227977,-0.9750225140723648,-0.25189100072604675,-0.13932018454158845
2018-06-12 13:44:48.263000,2.4062030237550136,0.487977980984516,-1.237613407589844,0.3702948381916116,-0.8104366026219088,-1.760040025910923,1.0010543322910146,-0.5348472895106525,-0.6378579324828391,-1.3134388696232295,-0.7829425850638939,1.057163777013392,-1.103540827946285,-0.3148449466847597,-0.2844069171884123
2018-06-12 13:44:48.330000,2.2998586714413554,0.5347056330417514,-1.1690013435178883,0.31912751263971595,-0.5543005268883198,-1.739520364680505,0.9671389605130697,-0.7526600869543457,-0.36430154065861686,-1.7126999232019506,-0.7404004870198722,0.9201115992148604,-1.1020017140989506,-0.2232948990104698,-0.22731602851375743
2018-06-12 13:44:48.396000,2.405883450087676,0.5167944955564827,-1.2509909077819386,0.39874008506635206,-0.357922761875329,-1.9445760376465393,0.9642970811874781,-0.3484510043450754,-0.6666357656680324,-1.554574602025173,-0.6871124637883538,0.980831893113881,-1.2587844907882988,-0.1276846406744576,-0.25520116251108743
2018-06-12 13:44:48.464000,2.383630885300092,0.5460901209743763,-1.1078977424918026,0.28371805057202104,-0.5044981431060854,-2.1736042972792493,1.1156378637580846,-0.3222910828738639,-0.548893779031054,-1.5277770332847012,-0.6604834487387479,0.8652688455256405,-1.1168191461252035,0.006900724878531182,-0.19344826636714607
2018-06-12 13:44:48.533000,2.4232576563036616,0.6604927066479493,-1.0288064971344446,0.17069963675793656,-0.2755972268575378,-2.1982594541727574,1.099268203187536,-0.3406477412137286,-0.6051485860444543,-1.6646521437948683,-0.6062882283562072,0.9031260281149459,-1.0498967541433002,-0.03940431612923251,-0.5114048819790847
2018-06-12 13:44:48.599000,2.4714622478033013,0.599659010602607,-1.0294235957555051,0.29545301356299747,-0.28824647485163973,-2.4509465415573106,1.069372541017914,-0.1764159981853847,-0.687891437570548,-1.6590288249503384,-0.5766809613745503,0.5605299878595882,-0.870880592785503,-0.05130293222203891,-0.46253171606897964
2018-06-12 13:44:48.666000,2.3340839139050837,0.5244505456535711,-1.0185005086421444,0.3618632715965956,-0.2985847827075321,-2.4581907263667624,1.0714456791712597,-0.15037108229530138,-0.6788130460673392,-1.5830408553425026,-0.5617771102929142,0.7422209872900041,-1.1645627072916334,0.15465475963473224,-0.39610451156163445
2018-06-12 13:44:48.733000,2.360767251821062,0.5484816372347756,-0.8878056133738068,0.24563738629637097,-0.30892217933547755,-2.4793798751692018,1.1079916163372845,-0.13671493460730022,-0.6808312571349612,-1.6347269377527294,-0.48529104161057257,0.8535206527634708,-1.1573727523140431,-0.030323984934241086,-0.4168585243253737
2018-06-12 13:44:48.800000,2.4478889377119994,0.5088392717945394,-1.0321876105386028,0.26212858663946237,-0.2717072777088043,-2.5487842318434804,1.025262483583408,-0.004628586728197916,-0.7493372274120723,-1.4921697335977275,-0.5523825747453073,0.6197344256900986,-1.1290290335690343,0.04417586237834269,-0.44665400535168337
2018-06-12 13:44:48.868000,2.414206549906387,0.45183916936813734,-1.046429107560037,0.3289150158071372,-0.20383446096394586,-2.4852033612144444,0.9777427616355249,0.05627722348172421,-0.84004682101766,-1.550365761905237,-0.6311256463256667,0.7261997874407049,-1.242617329956162,0.054401461528698375,-0.2868707850915366
2018-06-12 13:44:48.935000,2.4710165977330654,0.5453060414191346,-1.0035506908889793,0.34260294028082616,-0.16523144971587367,-2.528273425345163,0.968071052844432,0.025405997062335532,-0.818057970457485,-1.5514454371777622,-0.5847465560041816,0.5878219595608729,-1.1202390784753562,0.11218483536953486,-0.5608287738243457
2018-06-12 13:44:49.002000,2.4767762599801353,0.5498811884303936,-0.8328676911249175,0.2275261390314184,-0.22357409370279327,-2.599238421994692,1.0684146535707884,-0.07418394101172554,-0.7061823919130399,-1.6786879562206791,-0.42330343747679167,0.6542454253749976,-1.181177330371192,0.012920288809905985,-0.47509481557604055
2018-06-12 13:44:49.069000,2.4730132183597764,0.4521299786014506,-1.028905236471316,0.18870571560919316,-0.21017903195279497,-2.48103068026229,1.0342135541221007,0.1937246883049095,-0.8930953734251093,-1.4045456256268962,-0.5152693746921571,0.822061637554966,-1.2082970335006897,0.0787769239548492,-0.3600120240778787
2018-06-12 13:44:49.137000,2.3937134272249274,0.37814827826175396,-0.8416879087003093,0.27703536446114163,-0.3402417286813121,-2.653579596562542,1.0175156246758794,0.1646301875244103,-0.8792854415048734,-1.5031677270132215,-0.482139375239661,0.7578965469650222,-1.21249635187975,0.19314786461734387,-0.2959836349453032
2018-06-12 13:44:49.204000,2.565180649300074,0.4505194267665367,-0.8290109317750826,-0.04247112616520879,-0.08160477439817695,-2.6049590879496307,0.959737670995429,-0.052284498314220364,-0.6312003151119179,-1.6730831091518867,-0.6685805747521953,0.6868348424714049,-0.9537420797332409,0.02394332759161523,-0.5655049181264793
2018-06-12 13:44:49.272000,2.6078509105330703,0.5241029995139637,-1.1077623461866883,0.23598911183894358,0.032808504688328854,-2.510373790540047,0.9270687927584971,-0.014167692184029475,-0.6781932090055233,-1.6235248556390713,-0.6973014079537231,0.6326417288010806,-1.1219836908291412,0.07167414530549876,-0.30420980938092207
2018-06-12 13:44:49.339000,2.509459478595285,0.521644812400132,-0.9320148255252232,0.2939659134458803,-0.2159342349576282,-2.605318361233798,0.9428482624610953,-0.023785687593016448,-0.6716297148419134,-1.6885786118214448,-0.5525318218859382,0.6825886385696751,-1.2900677695536276,0.08204625662336772,-0.25634986530409193
2018-06-12 13:44:49.405000,2.692961849663316,0.47822290193714007,-0.8968027948710763,-0.18798486036705325,0.019167151440208918,-2.650061091065598,0.885949153273638,-0.13300716364551626,-0.6325326504323698,-1.783101028110353,-0.533948206498887,0.42121509172631755,-0.8299727925452139,-0.03532670672030683,-0.4063556946537967
2018-06-12 13:44:49.473000,2.7374014551411197,0.5274699777598382,-0.9113629456837881,-0.09273907049330876,-0.030774860815990845,-2.642880748760115,0.8738438763543354,-0.029225734938018118,-0.6225808989145012,-1.7938506114266755,-0.6166744820256254,0.3977422821299742,-1.0134596069620363,-0.11219846167017136,-0.4392424077233425
2018-06-12 13:44:49.540000,2.509332310428137,0.44680142919262794,-0.986514073115554,0.23214970339758925,-0.08089569591454707,-2.557554267825105,0.980168375049883,0.12378282139667443,-0.7259736638566372,-1.627233085153605,-0.5626806882718607,0.5830039648942963,-1.107918841724418,0.010723555371013896,-0.3635596409803277
2018-06-12 13:44:49.607000,2.597760266123875,0.5748523854324317,-1.039708179165212,0.22215426460380297,0.017985815998415977,-2.5425077475899194,0.9760545781662865,0.025355367137338526,-0.6878597483277076,-1.665175538746689,-0.5564278599976862,0.5441645782839405,-1.105508153362024,-0.0031931591429599088,-0.38831205672397945
2018-06-12 13:44:49.675000,2.597760266123875,0.5748523854324317,-1.039708179165212,0.22215426460380297,0.017985815998415977,-2.5425077475899194,0.9760545781662865,0.025355367137338526,-0.6878597483277076,-1.665175538746689,-0.5564278599976862,0.5441645782839405,-1.105508153362024,-0.0031931591429599088,-0.38831205672397945
2018-06-12 13:44:49.741000,2.5019898086084487,0.4098286078442935,-1.0044879073969273,0.14240095349303375,-0.03550158709092799,-2.436464288307145,0.9487209758989377,0.19710826549532048,-0.7915479501847192,-1.5976842148705268,-0.5471445814313532,0.5946220868400182,-1.066168972810194,-0.046654704546377185,-0.4885360031401205
2018-06-12 13:44:49.808000,2.4769858859344005,0.37310948427825813,-0.7423163536967167,0.2049974190615597,-0.16402634682948652,-2.623146894329533,1.0259086660040972,0.034911470773779145,-0.6929860465136173,-1.669088338071231,-0.5007795084669706,0.628680668296055,-1.0800913588506669,0.08964391671054732,-0.36919580358493825
2018-06-12 13:44:49.877000,2.4873872814130253,0.3703838886886082,-0.7752181781616514,0.13016414193274348,-0.16620252233250316,-2.5550495118400414,0.9529705766996331,0.11913640183909854,-0.8251693694363202,-1.5977415481013395,-0.5775750128769408,0.8109133672724925,-1.138576711108683,-0.04727939446183696,-0.415554370460168
2018-06-12 13:44:49.943000,2.54935658430653,0.42150396291963116,-0.8321274357524779,0.09258612009135639,-0.08217961050363828,-2.540297475463076,0.9305701174091169,-0.08329147151693089,-0.7389123608005279,-1.7182703470350282,-0.4748716076288886,0.7886559863433918,-1.0933467493433981,-0.010718079669070207,-0.4539850507760082
2018-06-12 13:44:50.011000,2.505781418704892,0.3115695509279777,-0.7751654097065687,0.07043129488160013,-0.3025235171885972,-2.598689305161325,0.9617755081449051,0.07091556466063406,-0.7696640782388584,-1.5515940423353771,-0.4901934599004224,0.6928085065806217,-1.0305899804018601,-0.020502980292903317,-0.40875315613036994
2018-06-12 13:44:50.077000,2.5409618801295606,0.41600060687314017,-0.8764925432718067,0.13944708050777258,-0.15341977584793118,-2.508933108094056,0.977044561882472,0.021508108989899875,-0.7613753744294385,-1.6380760863759298,-0.5667728677553256,0.6571832500769141,-1.0494182138980632,-0.06132711957902698,-0.5637497336722368
2018-06-12 13:44:50.145000,2.597718323304427,0.41543696142425884,-1.001943952954749,0.3194496823946211,-0.11352921711094716,-2.5107821223146325,0.9184126454440493,0.10610478337858784,-0.8084062818843522,-1.5666083936550033,-0.45693745457474777,0.7407651717511086,-1.1074880268434213,-0.05356996024038643,-0.24735857008639178
2018-06-12 13:44:50.212000,2.531546172718823,0.35918828581412204,-0.9368431929038596,0.19682490243395814,-0.2292392757883786,-2.577267423044189,0.9310688506236008,0.03376369366103841,-0.8461160522684777,-1.6437697167983147,-0.482005109049063,0.8144251612750116,-1.1823272498314545,0.08149066077889451,-0.322158835158965
2018-06-12 13:44:50.280000,2.592608711137605,0.3881518271714515,-0.83729273146362,0.21914999972314123,-0.20671116314267826,-2.5705984179888426,0.8926081705982979,-0.07806360583994215,-0.714525293375255,-1.7212125211005214,-0.5639350119073565,0.7218190944167794,-1.1370289511512208,-0.07058296062117808,-0.2629710322543068
2018-06-12 13:44:50.346000,2.507503154599944,0.3910723663392725,-0.875276832827771,0.3541528551920162,-0.09168812928324246,-2.4519165279878674,0.9211934926330714,-0.12459083301773921,-0.7842642755262363,-1.6435355830423775,-0.470166397996576,0.8254987451739035,-1.146230069498222,0.027657189782118688,-0.29983693160808395
2018-06-12 13:44:50.414000,2.59985741565107,0.42504899404166935,-0.9202949779190379,0.07519949003507101,0.0010793281195137228,-2.3784794616156693,0.893666852065602,-0.03957191469036154,-0.71576657552341,-1.6652946052707636,-0.5419594591867352,0.6770820911873194,-1.0938697894383729,-0.05744716769989616,-0.44285827067207834
2018-06-12 13:44:50.482000,2.621832661008603,0.4009154369929094,-0.5759354455538425,-0.019395372690323653,-0.16521866398602003,-2.5869005609970563,1.025663390868182,-0.16843333684897885,-0.593720147371519,-1.7707687821289748,-0.5002230606221982,0.7598104858114881,-1.0139921219784065,-0.034859064134073,-0.49768484636478955
2018-06-12 13:44:50.548000,2.682658417560093,0.4403214965345695,-0.9563721669093808,0.30184620401569073,-0.019849293643189436,-2.482611687582639,0.8761573474617216,0.13204305507299624,-0.835122288998845,-1.542081090851298,-0.5861791999175435,0.6995945873826129,-1.2667652256040887,-0.14349031880886265,-0.351154412320785
2018-06-12 13:44:50.616000,2.6375007180217205,0.4551055927629553,-0.8724186196893301,0.3485814843790208,-0.08411340778472487,-2.527856291872914,0.8522069529419228,-0.06271116309652175,-0.8004655491037175,-1.6162148498227449,-0.5681700628212706,0.7646613654521787,-1.268820205657895,-0.025324902972915023,-0.2089092727809161
2018-06-12 13:44:50.685000,2.6510891046044662,0.4910097573160444,-0.8406096431835245,0.24654473920919265,-0.16137189535891286,-2.4416305535233884,0.8855321987642633,-0.18359292443188693,-0.7717133737306096,-1.7380159943810147,-0.6248294207958807,0.7543518245727748,-1.2859809568503664,-0.18481938511773563,-0.2976068229122639
2018-06-12 13:44:50.750000,2.5753433722860857,0.3963908506901423,-0.5871532974934504,0.14068474643956655,-0.16864617739030352,-2.391247525641776,0.9717095065139346,-0.29229396282092934,-0.7494826863341777,-1.8059857270535815,-0.5201717244992086,0.9841126831022083,-1.2184567462235152,-0.23768321230851755,-0.3637177293564298
2018-06-12 13:44:50.817000,2.527809565044369,0.45260942878658456,-0.9014576256065858,0.1575409506378452,-0.17643731983303462,-2.223741963838494,0.9248124082651507,-0.3445167990552355,-0.7283310750027865,-1.711121495841959,-0.6032966334334977,0.846888401780434,-1.2294932765127626,-0.17576215534652007,-0.2240099708310645
2018-06-12 13:44:50.885000,2.5243740345759997,0.4445729064047142,-0.9920086858886634,0.17959660672878133,-0.28876366954366905,-2.011924693829693,0.9153424632431383,-0.4075275281260892,-0.6785507562914763,-1.7214864366358005,-0.8001951122495818,0.8747595236093302,-1.2239480540395449,-0.45009451629199426,-0.4516165590145261
2018-06-12 13:44:50.951000,2.5454026410430526,0.5122234865861277,-0.997960332472768,0.07671590955508253,-0.32900367778941275,-1.7079852423285957,0.890982174575337,-0.7666366837733428,-0.5958931284542002,-1.8050633023968623,-0.9043334911242438,0.979449540897098,-1.133900256062455,-0.604984089591096,-0.26671460024373167
2018-06-12 13:44:51.019000,2.4711847646847183,0.4451795501266064,-1.0031171534901457,0.22129376165080458,-0.7517390066664477,-1.610837991413882,0.9633491824035604,-0.8550537178850414,-0.6574787692518558,-1.5779417706471337,-0.655973753820821,1.0370758710216474,-1.1122429927580137,-0.46891997510430206,-0.15689033570302058
2018-06-12 13:44:51.087000,2.346573656089011,0.6028167264296236,-1.150415118457147,0.2309525313127795,-0.8610227765723297,-1.2962718216700255,1.09188793785637,-1.02287415396055,-0.4448122343743043,-1.362510307201103,-0.8925828097537296,1.1368783201194916,-1.1301870982708766,-0.5264526585575405,-0.24082089137141666
2018-06-12 13:44:51.154000,2.0308161115413377,0.4073356312633655,-1.2449882863775101,-0.08741843342083117,-1.0357390402446005,-0.9636530142813098,1.2897514829440384,-1.0758352007720093,0.15622377118132524,-1.0971210303198817,-0.6063269299670078,1.3668319717946171,-0.8646304554104253,-0.4552454381577561,-0.031503700393804165
2018-06-12 13:44:51.221000,2.2670491164913225,0.5525981926440331,-1.702105543405971,-0.001244556197341845,-1.4838841373665594,-0.6577130037592848,1.2310312720488885,-0.9257881326829821,0.16808257406243654,-0.800115272448606,-0.6483353528729139,0.8754381605540985,-0.7675926206659572,-0.5846111724795747,0.06795878059406577
2018-06-12 13:44:51.289000,2.2442698977582403,0.8070993296479014,-1.6495769215816882,-0.09649020985521106,-1.6815463666591914,-0.5983254042576674,1.275155751947144,-0.9522850276336603,0.384500354111434,-0.5474920059997939,-0.5744553063214071,0.736762020283385,-0.20291869776128077,-0.30221786239462645,0.005228020825589701
2018-06-12 13:44:51.356000,2.091527037157822,0.8827725621637657,-1.633697994955815,0.08457399513275302,-2.037934042107896,-0.36810250960759655,1.1645064298598324,-0.9852330633393603,0.6646136288174136,-0.09265924888503647,-0.688554635797243,0.894916607282595,-0.3506453188310212,-0.1370311669594397,0.16921259383180115
2018-06-12 13:44:51.423000,1.9155392355326706,0.9101043166241702,-1.7623294126415863,-0.03889519224780599,-2.171523387024564,-0.17833167362465832,1.0484598363198154,-1.111435807980317,1.0052060544571164,-0.0047530596873404385,-0.8261692929892595,0.4839312663710531,-0.33737346563612325,-0.09552660165061364,-0.13513476173732059
2018-06-12 13:44:51.490000,1.8772572575143975,1.1377881717336455,-1.8586652116316882,-0.06930566354312345,-2.151819920372021,-0.04436334753715932,1.0872562481197607,-1.053678557359831,0.9920898182016619,0.20629001143664782,-0.6950218073749008,0.4661938412130632,-0.3832278161224445,-0.02018551614646616,0.13855976871743658
2018-06-12 13:44:51.557000,1.880462006349072,0.9903212087457176,-1.6256364711315505,-0.17691291667535314,-2.2162344458788423,-0.06211351022152759,1.1457487134439952,-0.983145547665367,0.9905100861241815,-0.005896061800628932,-0.7675714071037508,0.4418226491084583,-0.2581889079344194,-0.1088396927161221,-0.0664326966920067
2018-06-12 13:44:51.625000,2.0483051248562134,1.1069394121016904,-1.5702024070927398,-0.2926992570723307,-2.2285368958688947,-0.25329414277808054,1.1276427977813483,-1.0431988082820338,0.654825821663087,0.02009584874302861,-0.735598860136905,0.5519279587138395,-0.25642862812357886,-0.13639505226538082,-0.013455534115010631
2018-06-12 13:44:51.694000,2.129827371274512,1.5279101288985102,-1.6969628546436708,0.09323028356910973,-2.1306448224761785,-0.26105962751908235,1.336041937554869,-0.9874429054597055,0.5706742183369305,0.10059943893573287,-0.6374025079928067,0.36259270736910093,-0.46899482657155384,-0.11262289983227233,-0.016317028369457212
2018-06-12 13:44:51.759000,2.10567334832397,1.4673635951143145,-1.6714453761114398,0.06269215036687614,-2.23033555284671,-0.22406901502209337,1.2949394541575892,-0.9446436655461238,0.4999619936544668,0.017484135877153723,-0.6720894272949037,0.5076421972881098,-0.4455678871416922,-0.18847165667701485,0.016828182277378798
2018-06-12 13:44:51.826000,1.909324996011355,1.4948601771223482,-1.0931738581481596,-0.09802940203307811,-2.5534922986830493,-0.4284249725108835,1.420007669163617,-1.1336640697451523,0.7460014394589861,0.10908888859272367,-0.4435086770141229,0.9062743358903143,-0.16305838214692864,0.006488778739850411,-0.09337244707087745
2018-06-12 13:44:51.896000,1.8667227575904395,1.6793452350021911,-1.1223250182103115,-0.05735688679602832,-2.694690048900033,-0.5155756509312933,1.2530564817894327,-1.1607375841443681,0.8013496496772788,0.25468164490594575,-0.522772346641479,0.8994408129468147,-0.21824608966029574,0.09399221132333153,-0.04105502816974986
2018-06-12 13:44:51.961000,1.698521774773274,1.6211635665533555,-0.9773519664119388,-0.15514169672029762,-2.5381774809780624,-0.24187734892619214,1.0793647065942802,-1.1872206859345695,1.0249785799347144,0.17245183440637185,-0.5652587679782431,0.6764663885356476,-0.044517046757857025,-0.010342310728379045,-0.40393023439949577
2018-06-12 13:44:52.028000,1.430997128667297,1.3667038049804459,-0.800323604574795,0.025145135499909016,-2.3589052445942555,-0.15975952890476636,0.9962242320728243,-1.2251901999596442,1.1539889494114588,0.5687881466240159,-0.4151546412849412,0.42651186695606047,0.12799042147657827,0.1628472379669102,-0.4323692931281085
2018-06-12 13:44:52.100000,1.430997128667297,1.3667038049804459,-0.800323604574795,0.025145135499909016,-2.3589052445942555,-0.15975952890476636,0.9962242320728243,-1.2251901999596442,1.1539889494114588,0.5687881466240159,-0.4151546412849412,0.42651186695606047,0.12799042147657827,0.1628472379669102,-0.4323692931281085
2018-06-12 13:44:52.163000,1.3709072267938471,1.3317982589644213,-1.010427639275021,0.10017944476919968,-2.5400014759553113,-0.0934810524674369,0.9007875619047524,-0.7596960955837291,1.2789345005254709,0.5707434669098093,-0.27101000124385777,0.5447524445340057,0.21216670493390266,0.09604474072401357,-0.4368787671422185
2018-06-12 13:44:52.230000,1.085274003598296,1.103738798394918,-1.0239666750479486,0.3375903463286606,-2.5507364071977854,-0.06718750494630482,0.9235188555560562,-0.6867427679536521,1.3684594320937968,0.8000768454575456,-0.2401883863353997,0.48598495200093694,0.04959826160974953,0.2033051189262955,-0.2440700374804221
2018-06-12 13:44:52.297000,0.8495779312057481,0.9344061939929253,-0.8761797199546745,0.40131491374571904,-2.215469083865119,0.07574811175220521,0.8234273830462367,-0.46858686447716424,1.378798774490149,0.7173266505322339,0.03578480546974164,0.41692152116058256,0.09248684816085909,0.17933894739006978,-0.503110533639683
2018-06-12 13:44:52.363000,0.7196711289211062,0.635668827353179,-1.0721711595768912,0.4118196933727446,-2.3399165301871503,0.28011626741139733,0.6619870543940441,-0.14174346110434352,1.7945737514300029,0.5609251747497849,0.0650886363663087,0.6496936356642615,0.06360260557473785,0.12791899965563708,-0.47275257866185466
2018-06-12 13:44:52.431000,1.0933985894547962,0.6931861846006895,-1.9042185947571963,0.6064943423446076,-1.6576476141457164,0.6134604569757238,0.392682266870477,0.36279156777175053,2.2102763843735627,0.8921292218913467,-0.29257058155646165,0.3600878368212382,-0.2567192806563573,-0.2822348487421702,-0.2825785736145438
2018-06-12 13:44:52.498000,1.1208216603512797,0.6409917977608264,-1.9844215284175848,0.4326860358136162,-1.827398962251375,0.4106281037761619,0.397651312685165,0.3694711709887425,2.286652564187039,1.0807022869018565,-0.1115459719353131,0.2560128987505346,0.1887887616156615,-0.10970874219505908,-0.557883919776353
2018-06-12 13:44:52.565000,1.1558802822706613,0.6740002648596519,-1.9690404302906448,0.3760675172664011,-1.7872026214834134,0.5560980555886812,0.3425470571588603,0.553649500588915,2.1832341036677607,1.1663123699358238,-0.10588100580261431,0.47812584643047273,-0.056716614563139756,-0.09126556193789201,-0.3418640537770288
2018-06-12 13:44:52.632000,1.1161125053434962,0.6292183826188054,-2.117806077213357,0.3840537766033745,-1.8121302792759768,0.690379874365946,0.2528970546864982,0.4965208588243894,2.112702976982991,0.9870691801244095,-0.2871066162007301,0.43706265496991126,0.09500665258899602,-0.10019855653109888,-0.257487029057437
2018-06-12 13:44:52.700000,1.0433197201092121,0.5913214057457423,-1.901979866277639,0.5618220241134442,-1.863282503390709,0.6709027262752468,0.36817358002904776,0.401362332656681,2.0094580580449506,0.7870226266942625,-0.01418236520391064,0.3835987439896318,0.03965522341350744,-0.09227197119144817,-0.29794999811162703
2018-06-12 13:44:52.766000,1.1825561962929276,0.6644508804362539,-1.881682053315914,0.4870664501187042,-1.7928377847125216,0.7274117835764835,0.3037176329387646,0.33674114947698314,1.9447475338944415,0.8273962824353935,-0.19632961208839342,0.25689170118458765,-0.08358657933795322,-0.2417992482912513,-0.31972087890070383
2018-06-12 13:44:52.834000,1.258364363707663,0.8207335843624253,-2.0028968834693344,0.3778209073352088,-1.6646521708452497,0.8988757041677329,0.31005964154495463,0.16605178786848265,1.8441135505060435,0.6443903376963116,-0.25224254402913504,0.17477401802624298,0.053840863472689154,-0.20676756052123066,-0.45689867856157346
2018-06-12 13:44:52.901000,1.3184777888469248,0.840823923921884,-1.9945338928930718,0.4572467583351172,-1.870071850804384,0.7253509508241418,0.3019600552379444,0.2793378012933131,1.7044144777715475,0.9431045659383713,-0.36654707919565865,0.12314474683099891,0.03345516436855733,-0.21386379053572727,-0.29901420948635204
2018-06-12 13:44:52.969000,1.3312805235352991,0.8085355277400696,-1.9445579929560786,0.3243905683741002,-1.7505285754571505,0.7134103519193609,0.34608691427967164,0.01966532338958022,1.9648323590919037,0.8324902711268323,-0.11560145232040606,0.16972432188765751,0.19473166217216203,-0.09487918026432018,-0.5804706387236294
2018-06-12 13:44:53.036000,1.3345219287936496,0.8830775123703434,-1.9254753459460467,0.4153500055789332,-1.7915652643584694,0.7422766980665372,0.3265450783116352,0.11768320076656219,1.9871019247658364,0.8645432921478466,-0.365842770318187,0.3500360816855486,-0.08478125096123035,-0.23313892550840506,-0.38384765179127356
2018-06-12 13:44:53.102000,1.3732670180840536,0.9178116030119907,-2.0226494856713217,0.5645165332276257,-1.69777595435737,0.7693943280878597,0.1914009072739919,0.3265302853432387,1.8960820000618286,0.9015548456998898,-0.4282446185495824,0.2985763793534971,-0.27719402075946176,-0.34837569296980453,-0.3246381572999574
2018-06-12 13:44:53.170000,1.2801649994876412,0.8589090888686315,-2.038532885049853,0.48045607184977435,-1.6227138390323066,0.7360582223201608,0.30302729260991784,0.27515215782715413,2.080954101119549,0.7778393481894393,-0.1849762021058818,0.20274932370866272,-0.006108233834070664,-0.17744101510368296,-0.3910968438827237
2018-06-12 13:44:53.237000,1.2680998437434359,0.9352340724568284,-2.261452593210849,0.4439962950579165,-1.4020536123214091,0.8594046140918289,0.21428454332813746,0.3322335139015808,1.9621252284936674,0.9512016977829226,-0.4882437624357374,0.5266831154156069,-0.21188265993454686,-0.1605435674240405,-0.3278350123543252
2018-06-12 13:44:53.305000,1.1590365672472025,0.8202065494459907,-2.118234229368936,0.5257086815030367,-1.63210871317287,0.8136749837557623,0.28195481642601994,0.4976018404490155,2.0019246010387324,0.929570897550467,-0.3516734585156258,0.3834656231899808,-0.13100163234754553,-0.23660356986905515,-0.35003344350514465
2018-06-12 13:44:53.371000,1.2853683285695205,0.8710362621327075,-2.2255145561974286,0.5569817555326124,-1.4096901544479925,0.9247173930291421,0.22013972054634012,0.47054509667340866,1.9959555151448551,0.9876943151794187,-0.3375848538551194,0.4742762307758423,-0.23343919182282274,-0.36587800269248594,-0.42380217554548133
2018-06-12 13:44:53.438000,1.2470448543735522,0.8752635061478558,-2.264475805747912,0.655051218725006,-1.5814125412190798,0.8632759812801842,0.2343774686081368,0.5679001314955975,1.8908406487533655,1.0030087094030447,-0.40398979722036255,0.40883224225620196,-0.22203291149739815,-0.25222335019190323,-0.3182785675469933
2018-06-12 13:44:53.506000,1.2567929194254144,0.9113078018191703,-2.1560546190677305,0.5455663734695816,-1.7182017343473532,0.8814620903449506,0.28576100884519984,0.5593595513937039,1.839998657301948,1.0108450403429359,-0.4299779656005408,0.6506433107135607,-0.15564529993565515,-0.36087549719516876,-0.3167405949533473
2018-06-12 13:44:53.573000,1.243260746764843,0.9309977097997795,-2.1598869686502953,0.6279268528292605,-1.4870972347161442,0.9282698164902674,0.2602650727654735,0.5829569573001535,1.8809355037778368,0.967692083428675,-0.3154721524528661,0.3504543219588661,-0.3512670323805212,-0.30638698975790857,-0.16073318791328756
2018-06-12 13:44:53.640000,1.1969031650285569,0.8783668030830634,-2.0334188472486754,0.6077628157507797,-1.8512405100827336,0.74854928311753,0.36085836282086614,0.4862333146344117,1.8753430302277265,0.9067547341427838,-0.2944683989229303,0.443905722866222,-0.07866352571626312,-0.3200513168604573,-0.31228305355533453
2018-06-12 13:44:53.707000,1.2663221155215325,0.8957870608645555,-2.202556630693814,0.5391172039053014,-1.5286121494034668,0.9470560224777944,0.247490693946342,0.4972404309174025,1.8609625828404028,0.9466682042423388,-0.3827416274210135,0.5470641217059191,-0.24368040164982818,-0.34181760581155296,-0.39186372539417624
2018-06-12 13:44:53.776000,1.2483837185520135,0.883372910400333,-2.149020076218507,0.4054977023829709,-1.440794650177019,0.9741805718545948,0.26974194031523,0.46688335969077616,1.918420762334681,0.8792323382210024,-0.29474690965669426,0.5463915713742439,-0.13952579173965635,-0.30689123930746376,-0.48188180163793976
2018-06-12 13:44:53.843000,1.3441118441079407,1.0089384516568167,-2.0295001358655087,0.06259713923069327,-1.5377564704498496,0.9195341940183123,0.27393488117022285,0.25867227476922855,2.0825314703303364,0.9022208460869445,-0.43491923393881027,0.33921782157575964,-0.01297971701245898,-0.22204397868991624,-0.5978289869299308
2018-06-12 13:44:53.910000,1.2151022156314508,0.7569609518161557,-2.193055969231322,0.5772975975383823,-1.6211962926539467,0.8757228938597831,0.2512671510153133,0.5310850787966673,1.8757913453474142,1.060993523936439,-0.31957487138662044,0.44841012295252447,0.04593154546932657,-0.2756598114151666,-0.30422228592672745
2018-06-12 13:44:53.977000,1.348677166795334,0.9184585691418379,-2.146959543896556,0.6126654146665875,-1.668792612278608,0.8943731468972271,0.20383465193303535,0.5482892199656039,1.9572256205908203,1.0222357742797161,-0.2658443181040646,0.4676229023919086,-0.2591431648814616,-0.26820597057032836,-0.31114716900404965
2018-06-12 13:44:54.045000,1.4297901158409188,0.9219207875255364,-2.3381623269382015,0.5326946834217743,-1.4246660582719115,0.9884788730130655,0.08921308935934896,0.45720125157788,1.976154446389332,1.0563238059860915,-0.24438170311389437,0.5269182261281136,-0.011499136891769901,-0.2374935027632563,-0.4508609883018459
2018-06-12 13:44:54.112000,1.4159240710658145,0.8957685520958005,-2.1621754103786945,0.18801574041222233,-1.6944831966867353,0.9531708394841076,0.1186261399866872,0.42129589808948975,1.953509195961057,0.9966277483272136,-0.6852187632297038,0.42754269252540394,0.031334864881720714,-0.34839995674152613,-0.39942115191657873
2018-06-12 13:44:54.179000,1.3589052360297038,0.8676013422778563,-1.9331752831038633,0.38558739042565837,-1.7861832557457156,0.7834992131323386,0.2318450442193401,0.30259065191060075,1.9999134843426476,0.8361375474730255,-0.17491466884991644,0.4092425468825644,0.10286870321605213,-0.18078396000232141,-0.44634514151051313
2018-06-12 13:44:54.246000,1.3941915845120518,0.8555062039928432,-1.8709953183963135,0.33738626145420925,-1.9070461205020452,0.7055119831793184,0.1455350161632446,0.24299719225253943,2.037269735148246,0.7976865443792165,-0.46952745771862503,0.35886644101759635,0.087408157881563,-0.2167751601164268,-0.2997814652669801
2018-06-12 13:44:54.314000,1.499790479514529,0.973942532198999,-1.5531478569798154,0.1564930248050506,-2.1871527007820086,0.6777879120536541,0.42557551213536937,0.11476560367419689,2.038747117074419,0.8390736164694286,-0.2882071412848346,0.18238274863937676,0.0797219596801273,-0.4068207664250705,-0.39425912199807955
2018-06-12 13:44:54.381000,1.4851515254371255,0.9457906961527203,-1.651011295675606,0.29539163532443513,-2.1919976798332246,0.6481819218280787,0.2946828028124886,0.1073894829301398,1.9263989890443685,0.910070813127008,-0.5212718012739059,0.22224778963397762,-0.014891598134694872,-0.2848846258536146,-0.1542705644125958
2018-06-12 13:44:54.448000,1.087366631551867,0.6324783322059879,-1.0488874294761463,0.1267107241357299,-2.655066681565461,0.2634438344597349,0.6277120912348292,-0.2644284647586009,1.9934121629057975,0.8875031936773229,-0.2547054886237704,0.49791308960216374,0.06411120093028325,-0.002421565893046304,-0.33331397101955584
2018-06-12 13:44:54.515000,0.934436775220044,0.6771180397704433,-0.927260961726775,0.15377407119699507,-2.4097902802851863,0.23608714670796963,0.772495611790872,-0.6857152149189061,1.729836727977439,0.7994318810378392,-0.20906238316116219,0.28896118093633977,-0.23161746911292388,0.1207282666750532,-0.6123192553808299
2018-06-12 13:44:54.583000,0.8983565577414026,0.6542925985774255,-1.0097269271245648,0.25845654078054814,-2.545900410070591,0.28862390517245856,0.7777194835019745,-0.7036789990148676,1.5633630926029203,0.8399473530174382,-0.1698663873379321,0.418306188326428,-0.3296667170623349,0.2312729716854729,-0.347163388966862
2018-06-12 13:44:54.649000,0.9263804182215822,0.6026098999969207,-0.9212192368824396,0.22665870602548774,-2.5529771567260817,0.38649944234467976,0.8618447153849945,-0.8690609947404686,1.2553172314814556,0.8150408537174156,-0.05621732521564393,0.09948255417235043,-0.5079165296533177,0.06670339327804113,-0.6109645988653791
2018-06-12 13:44:54.716000,1.08630874460985,0.7310488638325474,-0.8116921725463212,0.2746413012767026,-2.5727301824573114,0.41677611865560754,0.9079601702532851,-0.9653430884256274,1.1007077856304797,0.8645639877880098,-0.010924716701608855,0.10584896829331296,-0.5395098239637258,0.02463107423128707,-0.5925533078879747
2018-06-12 13:44:54.783000,0.9685536606219887,0.5147340473809499,-0.9574302915423295,0.21487457621386816,-2.6099129523744247,0.19829459725060958,0.8175589815142112,-0.9641527894163447,1.2406919959074858,1.0159779150475852,-0.19543010872775987,0.11718518820669027,-0.4258166955540488,0.18957182208279744,-0.2597662013726215
2018-06-12 13:44:54.850000,1.0142003859852942,0.6464629332385039,-0.8969861413214004,-0.010319718413123624,-2.4966764304379296,0.30216476885744115,0.8888650197405402,-1.0890885726258996,1.1888119632848273,0.70931880156569,-0.1694548520635579,0.16125057131290682,-0.3835480722120781,0.15613570146480005,-0.4964058436839958
2018-06-12 13:44:54.918000,1.2315302530391041,0.8771510067111616,-0.8522132600407835,0.053092703838158894,-2.468743486400525,0.03866162879936867,0.9207328608542954,-1.0546154924959281,0.8249971632418442,0.752192851261695,-0.17382571376236558,0.13299550260707105,-0.24296648950202232,0.11533159404824271,-0.573113508413771
2018-06-12 13:44:54.986000,1.5099789840093942,1.039371267075455,-1.182687148561632,0.02824933104524227,-2.8347569863925277,-0.15497479251628418,1.1535453194153358,-0.9798189368720565,0.6874218054822259,0.4495654737874474,-0.35333960442272594,0.5896941606317647,-0.181288433343943,0.3885442807799562,-0.20073983733309142
2018-06-12 13:44:55.053000,2.0935830807189735,1.1363886095274105,-1.874047146548101,-0.015697518173689445,-2.2890929060744205,-0.03305885758228872,1.0635528717094678,-0.8848111881959959,0.8850196868249257,0.05367426839879799,-0.6285078713354759,0.5692470963952524,-0.34870670296995154,-0.15929937674148467,0.06812855594685698
2018-06-12 13:44:55.121000,2.3475561639212295,0.9039631261556464,-1.8878871595288784,-0.2310415982452869,-2.164763800372166,-0.1125431996269072,1.0478514691253598,-1.115444609959135,0.5921636483624726,0.009770643980574784,-0.5849032988040072,0.8386132965641956,-0.4658691104239221,-0.15508728857384574,-0.06478970388695902
2018-06-12 13:44:55.187000,2.5839491634281906,0.6915620866297747,-1.926245629905438,-0.11091866521529208,-2.3179039662662566,-0.25712461536321757,0.9622087072663934,-0.9980679481193281,0.3598193758991004,-0.12054328060330277,-0.711594871038385,0.7110281164735891,-0.4233587042902956,-0.20986173225029955,-0.0788027980965162
2018-06-12 13:44:55.255000,2.404778744694454,0.660979061453558,-1.7022285364632448,0.09341873735624079,-2.270569338471415,-0.47963572511892183,1.2056079845448364,-1.0253882901928892,0.20590882309493025,-0.23295283947234097,-0.5240845935042422,0.7511460104082243,-0.5526391988270878,-0.1887351647757178,0.019292995779033803
2018-06-12 13:44:55.321000,2.5473404253069294,0.4856197782301755,-1.8343746616946743,-0.3098133248942033,-1.8490944165408778,-0.39737593800228177,1.0468512251808095,-0.9378820609036597,0.18808225180835614,-0.4720422437168347,-0.6398154903417876,0.7897438054783666,-0.5775739440734238,-0.4715661271089512,0.003271648077113651
2018-06-12 13:44:55.389000,2.5936897549035764,0.5956619566685031,-1.6242674896664615,-0.10731827000566763,-1.7542794559731236,-0.6465185018084003,1.1810348417673158,-1.0963535331283796,-0.13135599352140268,-0.6128605927404611,-0.46803233340641104,0.7495815684830541,-0.38938201866993327,-0.40154581409760215,-0.31986391157073557
2018-06-12 13:44:55.456000,2.555232971249037,0.4919440672394439,-1.8205598746610085,-0.04465813058817647,-1.7137092581101716,-0.6959271060201546,1.0410307153567895,-1.1027857929603886,-0.10487112992611053,-0.6597188214271443,-0.5419682082679907,0.8790867147983079,-0.5183131789837059,-0.314532552193445,-0.16680657864184356
2018-06-12 13:44:55.524000,2.6115850724182748,0.5416057082909662,-1.6784489690937396,0.0202297715054241,-1.689087683655388,-0.6866579829506713,0.9715950304258117,-1.092419253565454,-0.23302319373200917,-0.7127989879733861,-0.5361010583752979,1.0986480177991007,-0.8124390300441028,-0.4625687188798041,-0.028792887152076646
2018-06-12 13:44:55.591000,2.611633903058852,0.5639032225269918,-1.835946760034963,0.10196928844136519,-1.6457023239659472,-0.7027351935594519,1.0241782796845422,-0.9543671275601069,-0.2998509314564848,-0.6785087147185194,-0.6931291136742161,0.8859243448389793,-0.8564205205560591,-0.3712646700099752,-0.06440075246659747
2018-06-12 13:44:55.659000,2.5862494263472993,0.47589641774973995,-1.7194488960875,-0.1074604958201496,-1.78922782139406,-0.7416910613329293,1.1717953070415317,-1.1342048910974816,-0.2976700954834647,-0.648087174616374,-0.4764313876091796,0.7671115083246977,-0.7034628244433742,-0.3200461440107585,-0.18145668308463497
2018-06-12 13:44:55.726000,2.5337934015051555,0.7048757074961332,-1.5639535888416305,-0.2930994273150467,-1.7079743829786698,-0.8074278604487125,1.2727160095590633,-0.9296147261188242,-0.14740822070440654,-0.7832541217279132,-0.6066399336929655,0.8282951025459911,-0.5044312183772466,-0.4576152397280576,-0.20050543644700541
2018-06-12 13:44:55.793000,2.504507846631813,0.8078869514490183,-1.744273702133776,-0.02865623052995267,-1.530233402674942,-0.9264931641461751,1.2819786681620764,-0.9000515116590889,-0.2740199885426222,-0.9284409984724711,-0.625950643857491,0.8512197795267399,-0.7969404657997696,-0.34160715711159373,-0.14211848405758748
2018-06-12 13:44:55.859000,2.5745966788734336,1.0048555827328332,-1.586908801977837,-0.3652874586388754,-1.3765193680977843,-1.1269146645713148,1.3109090997392303,-0.9415067451978276,-0.3244577376069939,-1.0308245467296944,-0.7648536188449083,0.8051655428364136,-0.5780645256211373,-0.377891401215928,-0.23433340644921363
2018-06-12 13:44:55.927000,2.5987945434362327,0.7160133511395739,-1.6612933488016777,-0.21631526781671612,-1.1600288661642288,-1.1237364025160463,1.2106851075807814,-0.7366375068342157,-0.5122485432482549,-0.9660392662735874,-0.8242080282444528,0.8154883146919785,-0.62321446790028,-0.4258859816377091,-0.3130733499892053
2018-06-12 13:44:55.994000,2.4247125468063127,0.7249662135114465,-1.4282017159301923,0.038626610785742976,-1.2081141604135102,-1.37520431225515,1.2386938390576607,-0.7162120666147205,-0.45177611619845237,-1.0484737817070386,-0.6784176473043921,0.8530101999836932,-0.584996001159999,-0.3032390267728995,-0.19919140933634755
2018-06-12 13:44:56.061000,2.4708231758114527,0.6297999695982393,-1.4775032044994387,0.008855208643716694,-1.1273271637816726,-1.5699260716783436,1.1588756667299407,-0.39832458883199023,-0.8063636405235554,-1.110413530827814,-0.6740892329570379,0.9810792953692532,-0.5496509308187625,-0.1561962635110327,-0.2305248441354228
2018-06-12 13:44:56.128000,2.3896204209921468,0.6817674760813639,-1.7064842328318435,0.08768397611482984,-0.778520978085824,-1.6042360489884389,1.1469034546120183,-0.3279149846351888,-0.7142154903399115,-1.141202615223564,-0.7466866126266153,0.7758797440670823,-0.6522899869881661,-0.0707371029254307,-0.25779333954660894
2018-06-12 13:44:56.196000,2.3250428317403324,0.6191023606062989,-1.4696953092120315,0.24165636273645122,-0.9480710699581005,-1.9032238916392452,1.168328165856885,-0.3866644420858297,-0.6273052496705194,-1.420295749149548,-0.7370493726462775,0.702931972121039,-0.6365317751200033,-0.2735246073394051,-0.3185599527533381
2018-06-12 13:44:56.263000,2.5991065016000388,0.7248056609556359,-1.590151499745211,0.0232279340071099,-0.5508491157823815,-2.057145775700302,1.0562603501951298,-0.28261381262514657,-0.6048074582852304,-1.5467599008843398,-0.5211728988214841,0.27486692780762545,-0.6713139850316154,-0.06989183224559914,-0.337494752262695
2018-06-12 13:44:56.331000,2.5373377254583227,0.6106329460306896,-1.4845431527497202,0.07298794704184944,-0.7259333819282409,-2.3298424828604962,1.034467194307899,-0.013037068529418279,-0.8427185432098172,-1.3445475673552676,-0.6553287829760095,0.724971676249424,-0.9102840291891058,-0.025120738793076247,-0.07810660842728002
2018-06-12 13:44:56.397000,2.7110431158412087,0.5948392074576958,-1.4600254828841814,-0.026985128844792566,-0.36514985690967716,-2.3282495804918946,0.9825057887809712,-0.005485414340284607,-0.8472207033312896,-1.520412482892847,-0.603700765893106,0.499745664622379,-0.7591117827428413,-0.11616032897657766,-0.5423216703076706
2018-06-12 13:44:56.465000,2.7379147771199364,0.67701526982123,-1.4713549512690594,-0.04739044432090081,-0.3840260543682389,-2.443609157266955,0.8772609512816926,0.052168594516065266,-0.9019347737076822,-1.4270785392178955,-0.6439540824157126,0.2266809758107322,-0.8400857323730843,-0.039771168387357864,-0.4175153555598316
2018-06-12 13:44:56.532000,2.5316628024680954,0.5791224685082312,-1.3257638289078681,0.016123063318745273,-0.3816238469501201,-2.4099514683513226,1.048914095426408,0.06174604186660022,-0.8769700077142809,-1.6222504012042416,-0.29252480616794163,0.6001813902374602,-0.8147436683896201,0.1888617954500779,-0.3227400464767413
2018-06-12 13:44:56.600000,2.69995933933762,0.6712100682418101,-1.5310901570145907,0.12763933072545178,-0.15156062414671734,-2.4366217152258494,0.8671767511704905,0.1533374623564301,-0.9636541825656705,-1.4757608307723302,-0.6310709945684247,0.4297406868134478,-0.863998886797603,0.03197474882566921,-0.3544662208137887
2018-06-12 13:44:56.667000,2.5461255982327122,0.5072424724066757,-1.5169459055713082,0.11964129554891054,-0.204059696285399,-2.625563225026302,1.04675523708246,0.0028990865722584164,-0.7161292353275807,-1.5483488696800545,-0.40037266279970696,0.3680040314175994,-0.7392140887627934,-0.004122992012650803,-0.3237285211504184
2018-06-12 13:44:56.734000,2.5838457758274807,0.5692056326993471,-1.217022554762441,0.06632006163925633,-0.4711249557045439,-2.668599512432634,1.0666307208510797,0.19995492923198296,-0.9649596718205307,-1.4915736008360465,-0.45724806074916424,0.5671672060233931,-0.7270844762525828,0.010458546619337546,-0.3675246753599768
2018-06-12 13:44:56.801000,2.589699998589138,0.5236088827645744,-1.2075002778120616,0.007141270620467516,-0.3998264634037293,-2.6670839363177,1.1082096883551582,0.15680431122696606,-0.8797091494691739,-1.4886853449955941,-0.42570856303511684,0.5173505996508275,-0.806186094359907,0.048033981862171754,-0.24630466251722077
2018-06-12 13:44:56.868000,2.666357052778067,0.5984449735955923,-1.2819326588319302,-0.08419019562788188,-0.2971787653810994,-2.564125505567844,1.042874440399643,0.26767171978631565,-0.8954243095086587,-1.5141597235794806,-0.6252036373129579,0.33005374118485,-0.8499147921894724,0.015964187202506842,-0.31431919849577217
2018-06-12 13:44:56.936000,2.694574120905118,0.649995751552976,-1.2613483192591068,-0.1933203707356773,-0.31772688544659383,-2.5513782804509155,1.1114313026683407,0.15287716520582115,-0.8657011063660478,-1.486139237636916,-0.4686219787298126,0.5035789877737821,-0.6531936263016528,-0.028332244545250573,-0.4994789123564736
2018-06-12 13:44:57.004000,2.7312628250295816,0.6385943566486025,-1.2514734359825128,-0.11858936540396314,-0.317926627320955,-2.5291462592022387,1.0919708390213085,0.10481787576108495,-0.7681594870385926,-1.5186242800817245,-0.482856326742083,0.3239798485599873,-0.8304821666615415,0.10675599778450959,-0.2798974741546646
2018-06-12 13:44:57.070000,2.7141021197982926,0.6233549164032308,-1.2870589987478713,-0.10706391770602708,-0.30831172586563205,-2.564278460816861,1.0728744763047213,-0.03702662854964023,-0.7885819611101682,-1.561677752384548,-0.4834666677814402,0.4721780329930507,-0.72948424072205,0.1926691245235911,-0.16938844633760924
2018-06-12 13:44:57.137000,2.71883754696219,0.5615285464672366,-1.197823080853051,-0.2940281569654021,-0.40006176077942357,-2.538098680325095,1.0433616429122026,-0.029301576809853166,-0.7066396847897537,-1.732453710203067,-0.5447940553583183,0.3213003311142886,-0.6109184875884613,-0.07621352032988546,-0.6238007364440707
2018-06-12 13:44:57.205000,2.674586062731283,0.5960198164365094,-1.3169345282262743,0.02163001886892993,-0.2869035917780126,-2.443685928732831,1.0334337806736145,0.15690848460281223,-0.9237567507937148,-1.4851307793140345,-0.5678635435959702,0.6040505495604076,-0.9220493171819802,0.15412305185966996,-0.39098356289306674
2018-06-12 13:44:57.272000,2.612042068499406,0.5032172908192436,-1.0878829091158106,-0.06555374763783389,-0.4327513126168526,-2.5787131325693418,1.0565001668147103,0.17058759603067983,-0.8797910109607952,-1.541536546540942,-0.5001412444086379,0.5928856194785214,-0.8625016571227758,0.1030458916155512,-0.2451924995477595
2018-06-12 13:44:57.338000,2.6672314621975914,0.6268598180981235,-1.2096946313943817,0.1130668486027426,-0.26513148945156895,-2.5185847010368,0.9689466775902007,0.07841343340728998,-0.8849544098828054,-1.5985431568437867,-0.45100601969907717,0.7266223297728932,-0.9522545287369136,0.14470026632549826,-0.2234146758827219
2018-06-12 13:44:57.405000,2.601421862921752,0.49658606960727963,-0.9991750352065899,-0.001486116525916431,-0.5606755061147772,-2.7102974246113085,1.0651421599983244,0.10055319828172979,-0.8714749839241811,-1.5348440540739179,-0.35478832968051344,0.8164513602403557,-0.8874030861193359,0.15881472462308305,-0.14088620133387003
2018-06-12 13:44:57.472000,2.7195058105510883,0.5752367677828341,-1.4153528546029495,0.2182326282788942,-0.14926339987480763,-2.501492534112228,0.962758305655075,0.20036484017443337,-1.01325396073253,-1.4759211645740722,-0.40638465061140994,0.5222931510487973,-0.8567220572803507,0.10064787578010917,-0.21483400559571414
2018-06-12 13:44:57.540000,2.7602829691706035,0.587017951613277,-1.352557982996626,-0.05488985941718236,-0.282208305902668,-2.5755381967603133,0.9566463722639336,0.17281605996461755,-0.8712683452190259,-1.504228654829801,-0.6464939267121237,0.40417931484053427,-0.8412982467917897,-0.03896568060866666,-0.26587295624086493
2018-06-12 13:44:57.607000,2.7079898378298477,0.40926175516794777,-1.0952803118309618,-0.14289354907971427,-0.2832616038818219,-2.6100768472634117,1.0320861359877234,-0.014887081524242129,-0.7469833472746543,-1.5719564812780207,-0.4753919064611798,0.4879512091489263,-0.799278909396037,0.11044396447082236,-0.4098089606965394
2018-06-12 13:44:57.674000,2.65846930927568,0.4811797826549055,-1.2703804849752933,0.1652585528434102,-0.3567402342680059,-2.5906911132465047,1.0383280569692348,0.09192205685721286,-0.8531562160444315,-1.4824920380539672,-0.48793352815245383,0.7116224971242936,-0.9564311413234157,0.019884563991217928,-0.2052446757089671
2018-06-12 13:44:57.741000,2.793722076729795,0.5023311838111011,-1.226660223074057,-0.10347941751346129,-0.32260852672771295,-2.5883688409227408,0.9193851632265392,0.07259842467641867,-0.8672335905336656,-1.5479647313507376,-0.52852982317522,0.6727708336574315,-0.9294870779644119,-0.004607195734339972,-0.15997381417427947
2018-06-12 13:44:57.809000,2.7338343543940287,0.4556606136624219,-1.2447892308002366,0.01812393479201352,-0.44930954002534423,-2.647403875503146,0.9794008800895897,0.08258027032073018,-0.861024151000996,-1.529163406709892,-0.42569371290868174,0.6168446035908919,-1.0896645546788375,0.06457733314070108,-0.06372802812696914
2018-06-12 13:44:57.876000,2.7628513275950652,0.43598325009772015,-1.249520427950233,-0.10547844955943766,-0.1976492239876278,-2.580578049622467,1.0528504408107522,-0.062468484269809756,-0.7951129583776065,-1.6595230539635648,-0.28589893191024596,0.5746672056409348,-0.7024586694071343,0.025362026085150716,-0.3379167012309138
2018-06-12 13:44:57.943000,2.763381010096281,0.4249940726645108,-1.3272819121132442,0.10686729018936794,-0.10171717968000576,-2.485580999078839,0.8979912478727723,0.0813459038649666,-0.893636536107889,-1.5828800225428519,-0.4547897646300624,0.3697899733086677,-0.8869275203051706,0.032848548357567786,-0.15663984264797332
2018-06-12 13:44:58.011000,2.8404431146609923,0.5105231702027981,-1.4334950927608274,-0.026654272021424646,-0.14022549437774184,-2.432976837442622,0.8077362284831856,0.10588570982232262,-0.8523651002338,-1.4927194507868724,-0.7499738030466914,0.5249369939804786,-1.0575370364273922,-0.15974826716034093,-0.12785193201057432
2018-06-12 13:44:58.077000,2.732352563014415,0.4274900618961011,-1.3704368451151225,-0.00757716341979589,-0.1013244899416505,-2.3558837079195376,0.9708973162654959,0.07757734042766601,-0.8939347928576636,-1.5963785066072531,-0.3847340753342685,0.4429225235939278,-0.9752305585960954,0.01759234226883139,-0.292035243952283
2018-06-12 13:44:58.145000,2.726543796405233,0.45990543479420826,-1.4281688732699054,0.0002712448668805434,-0.15215316486951702,-2.2826645558173078,0.9310409313216057,0.05407214690940893,-0.9447720850208468,-1.4899630875353513,-0.6105191503679,0.5997337312775156,-1.024290629973452,0.03704137791234828,-0.15425717107351766
2018-06-12 13:44:58.213000,2.782636691099116,0.5301029982333043,-1.4345419439144405,0.001153354579611493,-0.001860779498962295,-2.2997759386418455,0.9325917612178242,-0.20060479051538835,-0.7623575662720238,-1.7463167664487504,-0.3806665158007465,0.5067843399106469,-0.8547471758864098,-0.029378027798792852,-0.25896533663177934
2018-06-12 13:44:58.279000,2.8194083956455005,0.4970222478155613,-1.5561061386575028,-0.17358728361922995,0.04514258680141675,-2.1451910185416727,0.8681287095515796,-0.021254739931080534,-0.8781782434090025,-1.6703671103567523,-0.4939521803907774,0.40636719737199833,-0.805440559603281,-0.09568168582396974,-0.43465131551186703
2018-06-12 13:44:58.346000,2.6733569054846598,0.5308465115268426,-1.5126530474549384,0.0025280687465245866,-0.23374140499165685,-2.115292684602042,0.937251474060136,-0.2979142297435771,-0.7178824525733773,-1.6478480185488276,-0.4501203715300002,0.533780627606853,-0.9936700936800472,-0.08063266759607318,-0.1560932003525629
2018-06-12 13:44:58.414000,2.580370286922312,0.5659347238555701,-1.369137627157151,0.007713574148911134,-0.29137958234092265,-1.9603693628893295,1.0318782381857363,-0.2684577157409046,-0.8252800491659301,-1.6590701033822124,-0.557995261134467,0.6103401310044866,-0.9650819741729929,-0.11843545655760845,-0.1890290284100119
2018-06-12 13:44:58.481000,2.5073630353879075,0.46568517209005683,-1.5709679847699565,-0.09350353803546646,-0.5363948253068801,-1.6795035843564616,1.0372376582079008,-0.5451159160178507,-0.7425556167357575,-1.6800575188003832,-0.7395425335618812,0.7976036134295663,-0.937948703222818,-0.45222195559534917,-0.3038632401070005
2018-06-12 13:44:58.548000,2.5323698592222295,0.44985854867901104,-1.4182387319343388,0.00593569482065695,-0.7412101477792892,-1.6963899991335962,1.1244496977287057,-0.7656549487847271,-0.5732860001101221,-1.560960062146278,-0.6541971680233294,0.9016842062029617,-0.9873838154254081,-0.46008403695928135,-0.19949805627004824
2018-06-12 13:44:58.623000,2.5909909835745903,0.515131058026107,-1.5856596748650866,-0.038597695144728536,-0.802419223923314,-1.454357326074298,1.045365230688959,-0.7035750585330218,-0.7602586961807449,-1.4457259775817262,-0.7460326441933024,0.824007151267888,-0.9033174859994688,-0.3699332945723497,-0.16785722509403428
2018-06-12 13:44:58.682000,2.6167279154006478,0.5824672655678378,-1.7233502566772068,-0.12045714698959765,-1.1028361492597,-1.3877317724778686,1.1030044233829366,-0.6818281066323421,-0.6375274415872256,-1.3619726326394872,-0.7834666620783688,0.8059102298731792,-0.8020712646220057,-0.3004541131527565,-0.1748003743337066
2018-06-12 13:44:58.750000,2.539411117878064,0.8561378103279809,-1.9000386927073352,-0.09666067604553427,-1.0930923835455846,-1.2858673749787182,1.1547704223605195,-0.795442899479587,-0.4070441444105277,-1.1527758796513168,-0.9041266771438632,0.47952946985218325,-0.5540662483207471,-0.18954931520092652,-0.26163594569718923
2018-06-12 13:44:58.819000,2.4975069558816534,0.9061046722926405,-1.6031266974802887,-0.13742093994002197,-1.381978314819426,-1.0248155077869165,1.4049854141376876,-1.0280975414594458,-0.5402307980477161,-0.7557066182803012,-0.7501335350446028,0.6393061463834296,-0.7462309256992201,-0.20433330004021386,-0.0812343626615034
2018-06-12 13:44:58.884000,2.676004047016993,1.008642584972712,-1.6773251851228619,-0.2852047304143135,-1.615434944492307,-0.8791985537372591,1.2968895756326067,-0.9156326866546435,-0.27743617628261236,-0.697188305632997,-0.4987746802053348,0.6786263771591021,-0.6242922664659404,-0.404041915897586,0.11444860061404098
2018-06-12 13:44:58.951000,2.9153965948478175,1.0258882835090986,-1.9031361204875432,-0.4506008121299959,-1.508889911780281,-0.7023877710807845,1.2054207996644095,-1.0709325578457272,-0.23117634949490878,-0.8628232179617816,-0.5283240924314668,0.5612750984644862,-0.2708258588785095,-0.48394412543277,-0.3206568137118429
2018-06-12 13:44:59.020000,2.8914291685996716,1.0108177602739512,-1.7419370789897275,-0.21847731351827157,-1.8869197688539976,-0.7566209993642725,1.2066291851519129,-1.082414213870949,-0.31768815486690455,-0.6412351314485166,-0.4064098546402689,0.8423082338157214,-0.5722943604368139,-0.4418336471690463,0.11667119596654842
2018-06-12 13:44:59.087000,2.808562213354982,0.9458919638577525,-1.9116102900074117,-0.16307906456482194,-1.6266125833715943,-0.6740755643346886,1.2544933145248245,-1.403138371401991,-0.2333919280793165,-0.7042714449169242,-0.20523486201564353,0.3849272557698281,-0.31684116975903087,-0.25653702643824305,-0.06928563841325151
2018-06-12 13:44:59.154000,3.0627601792212458,0.9801184328149624,-1.8647110404509712,-0.2412900131585488,-1.9459876202622532,-0.5891473787059741,1.008798176814977,-0.9932507145328671,-0.3685947954821186,-0.5443646515886074,-0.5651004120011704,0.7401104357200249,-0.4749224572373091,-0.647617489109669,0.07941354392887842
2018-06-12 13:44:59.221000,2.8561219590210216,0.9942407319188598,-1.5644226464038737,-0.16243539133855806,-2.0891869733590034,-0.4935293594408287,1.0473642927906828,-1.136906795532703,-0.12194297111997174,-0.3230814192644176,-0.5458217884925092,0.9926392433972065,-0.5240839417169612,-0.510332535497469,0.11303867026678219
2018-06-12 13:44:59.289000,3.064002361979292,1.2102237339663926,-1.7801902864028,-0.1738472649430192,-2.1034254779873507,-0.3982289708710508,0.987412216406213,-1.0975904333875255,-0.005481333917739917,-0.3844137687176803,-0.41643153324877924,0.6670135930747455,-0.5311991222915438,-0.5382507323392265,0.20378325314505186
2018-06-12 13:44:59.356000,2.7275467347939895,1.0356475152612061,-1.7148296805680798,-0.0070396812174373935,-2.3622054919301445,-0.4338859106639917,0.8515291060682701,-1.1262731565484525,0.1754285756887795,-0.030796845822157,-0.5239781689348815,0.5869857224065047,-0.44587043983103763,-0.39474806573081755,0.12049063929110854
2018-06-12 13:44:59.423000,2.2962824875148478,1.2606287445350373,-1.7365240712624537,0.10649954560429278,-2.2597971932593017,-0.24904968187031282,1.0532441250038644,-1.2666183453623658,0.38456600487907766,0.3533306367993999,-0.6234151542970063,0.2917738099566443,-0.6128838546621976,-0.06265261319711662,-0.014958087807251053
2018-06-12 13:44:59.490000,2.2462406589998993,1.5111234243876286,-1.6711226232486454,0.11692122686090281,-2.333142275150413,-0.31448862961497553,1.0191910046134423,-1.0791511496850872,0.5976461602291581,0.29174593615100075,-0.5028769772601258,0.32200029321813206,-0.481235431165966,-0.07405040845399233,0.09322725607933761
2018-06-12 13:44:59.558000,2.0201377354236083,1.5353364361063722,-1.0926234869949156,0.012780237457687027,-2.7166926874736506,-0.5684447156297602,1.1834716667788014,-1.2947920078618227,0.6455478462167663,0.13492334258114053,-0.3601002366150051,0.8118733448104357,-0.27925983830549184,-0.06380082915714783,-0.18545463403946177
2018-06-12 13:44:59.637000,2.0260365167782304,1.5101574347877404,-1.109985706440815,0.05639298352771144,-2.7433997874189853,-0.5311151095348122,1.153371616120026,-1.2799946394680222,0.5525052664689621,0.14988959513388406,-0.3315477987992751,0.8908086374245681,-0.3813857908630685,-0.10479062493038005,-0.0242866431221644
2018-06-12 13:44:59.692000,2.0502754047620764,1.6459743341864854,-1.1194927689419942,-0.06074953681404402,-2.7098286675905587,-0.5715469504682604,1.1571486989366209,-1.3069079943727953,0.6455136814067094,0.16770548249514428,-0.35612407136051716,0.9242181377545723,-0.3764285297812476,-0.1153024840509003,0.02041321765385147
2018-06-12 13:44:59.759000,2.0551507684941974,1.8192356894890613,-1.0640437164941587,-0.12230691230130775,-2.7162605008330862,-0.4034384153729542,1.03199163294794,-1.3344148339938795,0.6563252026131404,0.2212624003996475,-0.31403596202172057,0.9734123188790355,-0.2330521426552552,0.015886893536910085,-0.0656446235309406
2018-06-12 13:44:59.827000,1.9179621816069377,1.7773852913433892,-1.1206353220812686,0.08168337549211344,-2.9271475698885947,-0.4203051686922374,0.9464815309759077,-1.1239286546501086,0.6515713063284532,0.38878756534997333,-0.37526928080091393,0.7916487677722283,-0.11051623966969035,0.1898766639254385,-0.0937807148790112
2018-06-12 13:44:59.894000,1.528066238335894,1.5878280831743008,-0.9235180025944608,0.17709874476670598,-2.5427509447675174,-0.30895601622641167,1.0751360806280283,-1.1720447594157337,0.7617166835719008,0.4283293022662158,-0.3447772751080199,0.5260548111979471,-0.08225296381345364,0.3415972580705541,-0.15693839396485504
2018-06-12 13:44:59.961000,1.4711476384339308,1.5069657528531295,-1.016007599796306,0.09312457833250834,-2.6556361247328173,-0.20384190689172585,0.9499334932422854,-0.9472878075795651,1.0645058301927546,0.4499329277870945,-0.4217081095034847,0.5415396924185819,0.11715889182933778,0.11875239725952513,-0.2570009056753956
2018-06-12 13:45:00.028000,1.4711476384339308,1.5069657528531295,-1.016007599796306,0.09312457833250834,-2.6556361247328173,-0.20384190689172585,0.9499334932422854,-0.9472878075795651,1.0645058301927546,0.4499329277870945,-0.4217081095034847,0.5415396924185819,0.11715889182933778,0.11875239725952513,-0.2570009056753956
2018-06-12 13:45:00.095000,1.269758554969076,1.407830591168516,-1.1431149234469822,0.28621627678497186,-2.67794289265563,-0.10773560752547273,0.9776863645549063,-0.8255960730772564,1.1481891083198188,0.5280812286217808,-0.33793286392972377,0.6348408291125718,0.017852720788197274,0.21410501290445536,-0.2828905144674153
2018-06-12 13:45:00.163000,1.336978347897995,1.3119565319243864,-1.6194259408387197,0.47274947188619687,-2.0332873257634505,0.04177939910163216,0.7504176557150498,-0.7917578059014915,1.4235296408841673,0.7310268798995356,-0.5201124705288525,0.14340093330382264,-0.21616336294592692,0.07572884840296998,-0.22726690342173878
2018-06-12 13:45:00.230000,1.307439256800861,1.3272094099956702,-1.4716638122897312,0.5388307972768978,-1.969264001347455,0.26399804418230366,0.8198738275710784,-0.5889243517280641,1.401517455867244,0.7703930293688303,-0.37174185503820045,-0.18630085670181645,-0.31734145262781777,-0.07022089318853625,-0.19470577309357756
2018-06-12 13:45:00.297000,1.3997271534061473,1.4528203077346749,-1.634946255626129,0.2602395083457606,-2.0151607926084814,0.4345113441835013,0.6874257919199894,-0.3123086793740978,1.4283478587069371,0.6174127938147038,-0.41086689637850093,0.13066981454846743,0.020923214726381784,-0.19979137758590068,-0.3570885812880635
2018-06-12 13:45:00.365000,1.304080049896227,1.224285181117566,-1.80628835301751,0.3223361509978174,-2.08478581446483,0.5144902676067857,0.581153459499957,-0.24600622852364637,1.5576850833360525,0.60922606120914,-0.4455712073662794,0.2745985943682885,-0.09001926222248555,-0.25789632428890963,-0.3883246923101251
2018-06-12 13:45:00.433000,1.2645043555387536,1.1824173480650595,-1.788078847360693,0.3825617666444924,-1.9691818092039006,0.6100326223825883,0.6415745448352597,-0.058249891252320975,1.677170093124508,0.5608560897756653,-0.2533465169328043,0.10131231289993908,-0.050992393708268136,-0.2587198842940851,-0.5908721310729977
2018-06-12 13:45:00.499000,1.3165191138161068,1.0697017205377866,-1.9861323785260832,0.3376727134708697,-1.736665369207478,0.7309399553776986,0.42256778308492793,0.0367631653355927,1.6943507415437056,0.6652571406969698,-0.4116028202314095,0.2750009263366995,-0.2472281330831611,-0.20603778082236432,-0.339466352011986
2018-06-12 13:45:00.565000,1.3374749741999228,1.0864914415287592,-2.0575200540310994,0.44912906761050153,-1.7979687247754452,0.8397347792405933,0.37082340300390954,0.24303715800765083,1.6889921407571618,0.7673494812852902,-0.6132207832137844,0.23985720572026198,-0.15404052951663894,-0.5055591449082467,-0.3159721092606997
2018-06-12 13:45:00.634000,1.3001137463091128,0.9427986849642147,-1.9317098626707014,0.3800057822018319,-1.995735484820135,0.8083169369534393,0.4197750695810878,0.17655434302527237,1.755961066252672,0.8386976429090641,-0.39394677386115473,0.30897479046646525,-0.12694359054916923,-0.4217382325749849,-0.2166071527455115
2018-06-12 13:45:00.701000,1.377149576875782,1.0101434158188312,-2.0629452997271205,0.39841469996333334,-1.7794086040246,0.8671940867917265,0.2605232380294636,0.04675217687804623,1.8298852945960382,0.5932661728089155,-0.401727712933833,0.23447946085567684,-0.17893286651660553,-0.2856285058689255,-0.43492771635318767
2018-06-12 13:45:00.768000,1.3674399909160835,0.9583298342595765,-2.048606909785507,0.5324006530584457,-1.8553822096340984,0.8416213169471116,0.3406792167418131,0.21820548706211784,1.816137879161631,0.6162424162618336,-0.37670203699837634,0.17136720083238205,-0.05693196963333261,-0.4729027518652499,-0.31590160656697874
2018-06-12 13:45:00.835000,1.3377064831816674,0.9884720898166603,-1.904304945761615,0.3426779181990701,-1.8711756035625406,0.8773990803837393,0.3590279087105622,0.1579067054615761,1.856080741406164,0.6346967232687997,-0.490138202637846,0.22649481608408817,-0.13844699608644034,-0.47992469553606554,-0.5044892738627176
2018-06-12 13:45:00.902000,1.5515507683553742,1.1118545537768916,-2.225088845412031,0.3177611312930232,-1.7470572001233244,1.0763425670130973,0.24096101167946066,0.3163282530787926,1.6953979028652424,0.9542513169928891,-0.6959820093370424,0.4121530423070678,-0.24919293326038944,-0.6257108339986754,-0.3878030200956031
2018-06-12 13:45:00.970000,1.483510125001378,1.0064199372769067,-2.0639663510933595,0.20132428100906855,-1.9205643723562054,0.9681350673333361,0.3712988283428382,0.355662857740047,1.790305440182304,0.9494377260747918,-0.6170377566438185,0.31896417288727436,-0.24154723410220488,-0.5973306485104731,-0.24052103115935525
2018-06-12 13:45:01.037000,1.660776828610345,1.070474572453153,-1.9976960575647655,0.12519753564501676,-1.8173541015217123,0.9020130670785366,0.2466466413742482,0.22131657067520955,1.9496023823962974,0.8164679253534156,-0.6152980500617932,0.2656562399413379,-0.10930875987243938,-0.7882178973376751,-0.4152007057698242
2018-06-12 13:45:01.103000,1.4841305026851366,0.9875497479977264,-2.0370810905248073,0.21076668146479646,-1.9668911281542463,0.905394119294141,0.2264950769034486,0.3797508060566979,1.836803392789558,0.7696061262912256,-0.5653308707080282,0.34407357998131605,-0.18490381674161402,-0.565633893193693,-0.2699835550703417
2018-06-12 13:45:01.171000,1.542789942723691,1.0481546262234693,-2.062903530221884,0.21574657669024996,-1.9569553333067116,0.8938242657986704,0.34681382777639524,0.30720885732282177,1.7701080203267021,0.6620274413549981,-0.30164623228701337,0.17889045941905246,0.0049101071777545024,-0.5675294811614416,-0.339407307415206
2018-06-12 13:45:01.239000,1.5553295263462061,1.1095069788012468,-2.185548415797757,0.4341904415221769,-1.9298594580838104,0.9287553609111912,0.2104662239398361,0.4122464766400904,1.7178468974966026,0.8836232616021299,-0.6092418390158537,0.40487440996406227,-0.26770898523553954,-0.5209357999103461,-0.2890478235804665
2018-06-12 13:45:01.306000,1.6544867708390747,1.1703360294205034,-2.1584368495946884,0.07867328480916044,-1.9610393543205866,0.8808947151707249,0.19968451944384674,0.36025867645669324,1.7238959905211866,0.9094091192824637,-0.834930669472044,0.4227649787383364,-0.1330469311391479,-0.624835802878123,-0.22293147523768797
2018-06-12 13:45:01.373000,1.6817891655897763,1.2001553767765336,-2.200129743314276,0.3215261250962589,-1.8551257624433077,0.8915031631364331,0.20783475437004423,0.48759514398912235,1.7461394246208073,0.8739808322541979,-0.7475295559020136,0.31392375435387077,-0.18604274711351615,-0.6745409111475649,-0.3774351406356688
2018-06-12 13:45:01.440000,1.671984879309242,1.167036253440685,-2.382568659472383,0.34090888504267824,-1.683840115189085,0.9200302622537175,0.013225449204482487,0.4738318417538746,1.8095324837349676,0.9743338283942818,-0.7987565393761642,0.6549618610967757,-0.3975669544574426,-0.5754656602620344,-0.03139774757980572
2018-06-12 13:45:01.506000,1.4022688527991942,1.0138871302804142,-1.895653624763206,0.4417002056375703,-1.9065888988213326,0.7634004118707394,0.15403809937922686,0.3568236598688676,1.8869547310924348,0.7297962454454893,-0.4852714019272202,0.6259638824244551,-0.3242317169132858,-0.4503358928913169,-0.1318491487728083
2018-06-12 13:45:01.574000,1.5190031225566178,1.0695247423622303,-2.148753397924307,0.4053554014550361,-1.801261119984918,0.9300570038642286,0.06346196139286409,0.47278655345613385,1.796057226689415,0.8360378013912942,-0.7841999195076177,0.6983205788512716,-0.31366161059000286,-0.59568876191125,-0.18284999674899527
2018-06-12 13:45:01.645000,1.468113271333943,1.0912821358079927,-2.024297823544213,0.4359236241939919,-1.8829998402259271,0.8244147467282922,0.10412086015005173,0.43251213208903233,1.881089098703439,0.7174404105329729,-0.6682760375753674,0.46699518999314427,-0.1383632336351941,-0.5900380691990764,-0.261122073861522
2018-06-12 13:45:01.708000,1.4553954337275137,1.0556671689099928,-2.1466154430479296,0.5327146212223297,-1.8782528611944596,0.8150124036765494,0.12762028790587387,0.44848304441917836,1.9564585515519144,0.7548192401944164,-0.6439738601915412,0.4580633569242376,-0.20176607124760668,-0.5438140419231108,-0.19892623555340389
2018-06-12 13:45:01.776000,1.5920219060392653,1.0398720902650211,-2.2043450274528293,0.2980374622328169,-1.6543402779825591,0.9073666787072319,0.044368412927261625,0.3681073241833103,2.0117328883586376,0.6971780149499983,-0.6366724335085605,0.24952053731523632,0.067200517332486,-0.5994364380567111,-0.22890691499026755
2018-06-12 13:45:01.848000,1.6258982488219837,1.1592556004330241,-2.1676566462301077,0.4220827128885054,-1.614249111645763,0.9383312701067721,0.0018205930345694954,0.29923553043423595,1.9894626484872546,0.6467452954494771,-0.6443525408636216,0.5921810866549954,-0.2276845145857724,-0.6226168916565209,-0.43328474033328096
2018-06-12 13:45:01.911000,1.4487879501730814,1.059474729423312,-1.8980032697804086,0.30633321355547294,-2.0347907485769583,0.7357380918376659,0.23531556291110867,0.26117448188782855,1.848456335384299,0.6955414844795894,-0.6805061969346835,0.38450151329230225,-0.173311246986493,-0.40397448998335295,-0.12469942715199071
2018-06-12 13:45:01.978000,1.6509543172857355,1.201356732094919,-1.9378987271749373,0.006816686003198152,-1.926281238953524,0.8237746772444183,0.1511592115101098,0.055652667645947694,2.032824301144056,0.6710938153279825,-0.8440889339801323,0.1292622481557525,-0.017082833079689386,-0.6416168944373912,-0.40475306059188415
2018-06-12 13:45:02.045000,1.4978869755660487,1.0749266841581242,-1.7844657873394196,0.13239241750578604,-2.179650220939953,0.6289516941790942,0.2523489163444287,0.01714578531858437,1.883052835900794,0.5853852521151338,-0.6975636748094476,0.15726685019705683,-0.04632809380113265,-0.3351071473510111,-0.09441224048727774
2018-06-12 13:45:02.113000,1.5108029271576675,1.1021050865478386,-1.7641725473788565,0.20205018621639778,-2.1715485822827514,0.5965146638741714,0.27952560093194656,-0.03353588789822202,1.8820067976209378,0.5836678064700499,-0.579140111715608,0.22912662657277977,-0.1553940193992949,-0.3001752311575604,-0.09999327804674889
2018-06-12 13:45:02.180000,1.5446786450048857,1.155883345471755,-1.7497484958465968,-0.054348992386611325,-2.2323946950353806,0.4707959295338959,0.29877854595039377,-0.26484752447960824,1.9826391290222158,0.5789141922223395,-0.6082861833521227,0.1606994848741199,-0.07610390438779166,-0.09563352339892683,-0.1231210384031982
2018-06-12 13:45:02.247000,1.272310709986777,0.8939033521979856,-1.5174707285192341,0.24000242857604479,-1.8132220410438187,0.4204617648547702,0.43580956834206375,-0.7890881150460327,1.5381640899260822,0.6940783983443374,-0.3443331010438049,-0.2821045451922809,-0.7583962987012938,-0.22341595725294053,-0.4329918106752331
2018-06-12 13:45:02.314000,1.3188305585455957,1.018881405997478,-1.819249804827609,0.5096414615798424,-1.8903816551905481,0.4781683107246697,0.3523400220400936,-0.6620979278423909,1.482909724418608,0.6661916387727083,-0.5726432099254802,-0.14920237515268145,-0.6609919865838844,-0.042429380804938424,-0.08221560226679238
2018-06-12 13:45:02.381000,1.4711632171916027,1.121820661919636,-1.876118162234867,0.32842129498498707,-2.053893954702052,0.44591058242759174,0.3873437977025286,-0.6301121444926742,1.4907466968186331,0.8255161225850083,-0.7075862373990525,-0.16701318746453248,-0.7817726723625593,-0.09993266182724836,0.06418077913231625
2018-06-12 13:45:02.449000,1.379381924548817,1.0615816930645061,-1.6241060573968111,0.2688179638839979,-2.1311363370324097,0.377057492463203,0.4576709943627616,-0.8338102206852456,1.6167418755681493,0.6459650762092829,-0.577320128444879,0.10590462778998211,-0.6354296667757598,-0.03441283680425218,-0.1334227706588716
2018-06-12 13:45:02.516000,1.5287232751823892,1.2128243139432842,-1.7442776958911594,-0.06669554399751738,-2.258313195292092,0.33289383377860304,0.5576742916001098,-0.7875363799168879,1.5335682754690976,0.611135245238811,-0.5794997456880379,-0.10184478732339342,-0.41408854811512696,-0.012078385427092192,-0.1394034188054753
2018-06-12 13:45:02.583000,1.469954537541974,1.2660907327142281,-1.6374704084941538,0.2190559826244973,-2.104663174532212,0.37154528403754955,0.6872293251720558,-1.021756938716392,1.270256354597438,0.5956998227215965,-0.5430598462540914,0.015526816430117274,-0.5589102368274098,0.02633874548056017,-0.18709731403150154
2018-06-12 13:45:02.650000,1.4984373139486826,1.428023295996939,-1.6673360819160028,0.10650178230947574,-2.2844362710248607,0.2679970770397193,1.0043721277542814,-1.2037092203011002,1.0733661642333514,0.5461582929586173,-0.574782914430307,0.12565186876141776,-0.5532056469720583,0.10395523474546607,-0.15942195695827566
2018-06-12 13:45:02.716000,1.8349757124978074,1.635321416235759,-1.6498911942279475,-0.03631994644704917,-2.1568189265208146,0.23532801094485975,0.9505892447097785,-1.2656170629358579,0.9845065281645212,0.2528336757858286,-0.4232360857665819,0.06726507605752219,-0.17518351582809244,0.0002755224581991178,-0.5171302817402028
2018-06-12 13:45:02.785000,1.8803656311093624,1.4368910486987005,-1.7508911576498025,-0.02999223319748942,-2.0526015774395714,0.21172284225911023,1.1040523913789406,-1.347885884013775,0.7336985876176764,0.3575915968704881,-0.5741317348290589,0.3630359699579681,-0.5585185996643304,0.04349853448682525,-0.29252076526347576
2018-06-12 13:45:02.852000,1.8326258896727365,0.999279858674829,-1.2359951435290866,0.01891712159711542,-2.822821353720893,-0.3169402607063325,1.178457081889062,-1.30791449198806,0.5272127135634286,0.014911305224687393,-0.3768816389547368,0.8894360106072646,-0.5102510377814866,-0.07225931873059804,-0.13283737215554697
2018-06-12 13:45:02.919000,2.3879245174863,1.1256534501347268,-1.7959859160184906,-0.13355357379593924,-2.4980979829845276,-0.1690364287385161,1.0555766683383077,-0.9981447697644819,0.3610673094116823,-0.11460972667407368,-0.45524772036967,0.7300260622821034,-0.3187666532701282,-0.31243334826058156,0.023240394493397182
2018-06-12 13:45:02.985000,2.7208630690732827,1.0582506676283716,-2.2257642798380415,-0.1050548044171705,-2.309243463854218,-0.136266550500289,0.9550002811056869,-0.9386028549533615,0.3387703292166817,-0.054315359682146624,-0.523148887806336,0.582186280288676,-0.34663663109342774,-0.3949143657568024,0.12235559299778632
2018-06-12 13:45:03.052000,2.7018538518809727,0.7296101596546842,-1.9396786048561887,-0.11345322314080317,-2.4092852645100735,-0.18899108333908923,0.8572467091131419,-1.0258401205697405,0.18152437713390296,-0.3678024270434624,-0.5001920474517036,0.7385551239597973,-0.31948732937774604,-0.4331940947398114,-0.10113391064837492
2018-06-12 13:45:03.121000,2.8416841093334,0.757970020733731,-2.090048819188982,-0.13798365817794042,-2.221558099362358,-0.3095084395733806,0.9173698840933942,-1.101100333021148,0.21722424450354222,-0.5568830634983745,-0.6913654377559594,0.5482710836294851,-0.2491964297874214,-0.49790274573374416,-0.32238003611940436
2018-06-12 13:45:03.187000,2.8993733380857423,0.65371307688321,-1.9921728385288868,-0.05451071730978102,-2.4040342890035697,-0.3863804834989833,0.834719971921671,-1.1173971156636073,-0.011514655705279653,-0.4239629343576864,-0.6092452415444605,0.8067431211608572,-0.49153140484549296,-0.4649527139977948,-0.05878664890408433
2018-06-12 13:45:03.255000,2.7684343940613987,0.3599994625667518,-1.669928260582134,-0.3006960114929058,-2.3376026443367426,-0.40338650955367955,1.00205831421043,-1.4233290909120455,0.1032274071079321,-0.6306375899572747,-0.23456962305424087,1.0894160184319364,-0.35906697992861053,-0.5079933767686666,-0.17274455449218934
2018-06-12 13:45:03.321000,2.6868264816846326,0.29261314021088963,-2.0983501434858782,-0.046654703605959136,-2.2787794896283806,-0.4776000283958937,0.9012132342785627,-1.1014189584030318,-0.027175296819496764,-0.42129334878759583,-0.6166495522832152,0.8316545218838651,-0.5806721749935976,-0.5553351811142452,0.04493582673199923
2018-06-12 13:45:03.389000,2.8500827451836486,0.7707488082238592,-1.6949112377729956,-0.1107066695310506,-2.2883086568658273,-0.8036331638977712,1.1255043011519135,-1.129930498735878,-0.2715540788009708,-0.7351869591788137,-0.36408302789915836,0.8681216090756806,-0.4140172394375041,-0.36403011997124646,-0.21326866936907402
2018-06-12 13:45:03.456000,2.736801977544462,0.3450239636051677,-2.0351235105569,-0.2041609661396727,-2.0843429639052653,-0.82994124512442,0.9622697410797948,-1.176547414090687,-0.1407088197621051,-0.606473954858242,-0.6168399208436677,0.9802035819533981,-0.32349068442740014,-0.36418834140040657,-0.009552829787129638
2018-06-12 13:45:03.524000,2.9825528023633217,0.8424920839475241,-1.9986635781189224,-0.19817789897336677,-2.1077123004844704,-1.0207849709970547,1.005689846002921,-0.9079689981302724,-0.42369877577424175,-0.6894676244042875,-0.5812829848044576,0.7867594448592403,-0.49448728574518075,-0.3603229885027942,0.014789164398143498
2018-06-12 13:45:03.590000,2.8642456903454923,0.9408541248955404,-1.9433944753611458,-0.16532168947093093,-1.7777764122297146,-1.118879100416133,1.0891332011124,-0.757000582997864,-0.5345506192177629,-0.6904425352244231,-0.6872314324115104,0.7947572232744593,-0.6697268934093449,-0.2713662726642748,0.007869485949496019
2018-06-12 13:45:03.659000,2.7295115333081474,0.9970034619696428,-1.5862578147515909,-0.20597333581228353,-1.8492220732647535,-1.1315605294129185,1.4260021228982143,-0.940252010906792,-0.5167501918121666,-0.7883740597578207,-0.6119650892369011,0.7364743968400068,-0.3419627204037681,-0.529019822136249,-0.48028372726440566
2018-06-12 13:45:03.726000,2.7331654590445993,0.9521186563398991,-1.5593642270229557,-0.17053813202408816,-1.7391354802197392,-1.2480073425386797,1.4277357049506025,-0.870808520075982,-0.5504557738739986,-0.8737165520830794,-0.562431216790683,0.7231963647226429,-0.345552193515788,-0.42880609140442694,-0.48944444770812373
2018-06-12 13:45:03.792000,2.793187597059828,0.998411325807024,-1.920750185786425,-0.04191653815660312,-1.607266685708065,-1.284870521392391,1.2767767543901614,-0.7888441110217093,-0.641035482032673,-0.90551198520435,-0.607045349784918,0.6368401785176255,-0.5805351334361404,-0.25300650885420195,-0.09430273281960837
2018-06-12 13:45:03.859000,2.768090486187165,0.9895067584344543,-1.694363579833979,-0.022191446501401646,-1.553724184755953,-1.4081740144295574,1.3280389987910581,-0.7328674658774537,-0.6195704894874738,-0.9407219941645034,-0.6272638550374985,0.7002062074782087,-0.4878183573820356,-0.456648278620004,-0.34833746630442275
2018-06-12 13:45:03.927000,2.777916464928275,0.9842856513676153,-1.6760065521307441,-0.13038514875762003,-1.371687233665463,-1.355332496865101,1.3347258656800318,-0.7603178606270271,-0.708471278636946,-1.0473514694493855,-0.698034281385636,0.9213054237180054,-0.6226579748640413,-0.40943021741927266,-0.28114146820616503
2018-06-12 13:45:03.995000,2.6926273330696633,0.9909688648801522,-1.5282299747736336,-0.27816746510021845,-1.4070816537145592,-1.5122385607260838,1.4871238574789487,-0.6531201247733266,-0.600158133369451,-1.1134839951970807,-0.7439389413839818,0.7844023270499451,-0.4551170528762866,-0.4594592983282423,-0.4460300952952629
2018-06-12 13:45:04.062000,2.6594080912369806,0.83308582710493,-1.5069807533713608,0.12225763671319015,-1.5031201583974563,-1.6079678993012227,1.3697805621427626,-0.5446263639497505,-0.8015719795199957,-1.1391853387504405,-0.661309967718655,0.8845169890594067,-0.6218026733562253,-0.3714659201466839,-0.33856214114257005
2018-06-12 13:45:04.130000,2.7305892865503356,0.9251421040315271,-1.5812279908234796,-0.02018408786249165,-1.2356865209584291,-1.630872841713632,1.3262518917442603,-0.5349637346673304,-0.7325298555780848,-1.1920981724460904,-0.6451236991636352,0.6014081007601823,-0.48958764536244354,-0.4374483707879582,-0.5365171250843533
2018-06-12 13:45:04.195000,2.5017305961134406,0.6822629242201244,-1.5010679379635692,-0.0067784985512026885,-1.3807108156452532,-1.7707768895550478,1.353118339523347,-0.5269620125411669,-0.7079141169844343,-1.256337884904363,-0.744918376930642,0.677246419442989,-0.6611238405447988,-0.29733573668130187,-0.43602161108170207
2018-06-12 13:45:04.264000,2.5983702797832473,0.7021228923464831,-1.4579824372735233,0.030292705970739214,-1.2682788239688334,-1.741561187112167,1.2603024070343127,-0.5869542597138956,-0.7353476810448767,-1.3258587420388541,-0.6810161047486506,0.8167113713115038,-0.7643598539826001,-0.3020487374783395,-0.24402151373570735
2018-06-12 13:45:04.331000,2.65741618186719,0.5164665730020259,-1.634019306457622,-0.0853281392808472,-1.1613447692159973,-1.7833157565641453,1.113386965922305,-0.5514284016208538,-0.7821605393266352,-1.405430939379205,-0.6604151818664794,0.8051897025583913,-0.6099454358686492,-0.3792380536653759,-0.19159179607142696
2018-06-12 13:45:04.398000,2.763776987980296,0.5341064867619585,-1.4767765977399006,-0.18761964588815427,-0.9298354694347455,-1.6598045302335604,1.0321799514961372,-0.6222242078119677,-0.7398372955402087,-1.6160765678163975,-0.6224926338513219,0.5550424899683432,-0.5546231128544065,-0.563746986340026,-0.4954105821079245
2018-06-12 13:45:04.465000,2.701750499922614,0.5366128559330465,-1.4976688012664716,-0.012474873390868363,-0.9868229689971224,-1.7566417911997536,1.0990171539867064,-0.5223065653546837,-0.8466641057640308,-1.5920513061523835,-0.6188469746054039,0.7210590966302028,-0.7946599513025979,-0.5180730383859039,-0.4595501986475106
2018-06-12 13:45:04.533000,2.8284040695848294,0.6074362963252793,-1.5501291183690853,0.04736818030968265,-1.0279982088284225,-1.8521223427183022,1.1323926154423671,-0.4324232050137433,-0.8478664785122757,-1.6914524095457506,-0.7240219562123089,0.4325363196582369,-0.7490725994338471,-0.5419130234548741,-0.5668992503988676
2018-06-12 13:45:04.600000,2.7896413153180486,0.5255887638788628,-1.467279098480596,-0.16830198771847685,-0.904300286948587,-1.9836922735769003,1.0471802400986983,-0.3774207484455044,-0.7416466644317532,-1.5400619548060623,-0.8241122759881112,0.3494016588927742,-0.6532179347625846,-0.46494943322446336,-0.5575091514596073
2018-06-12 13:45:04.667000,2.8809768728352987,0.7549367262989795,-1.2068235087485981,-0.09653327498485523,-0.9831640196035891,-2.10584407052471,1.2402436032876385,-0.3037735351455331,-0.9861950188778009,-1.5150334270880568,-0.6062223517928425,0.602892620238837,-0.6180095575421786,-0.2634011986847411,-0.5304506979320784
2018-06-12 13:45:04.734000,2.7774243391046998,0.6852666058949699,-1.4268098668506959,0.12229953398409635,-0.6701608656223617,-2.3114541238712296,1.0426487824542874,-0.07816571993198143,-0.8356395062947384,-1.6395408833758571,-0.5377046267762277,0.8413435459274604,-0.7334562892276674,-0.13264058749977448,-0.31454244547659194
2018-06-12 13:45:04.802000,2.8837256167322227,0.624929704687311,-1.4810140054848764,-0.0641253934025731,-0.6278266406634164,-2.4128801372408994,0.9970297339080257,-0.025819222370851914,-0.8682689416410041,-1.5545859810289824,-0.6451507043591169,0.5257393007037197,-0.7560436236984667,-0.08084412732723056,-0.37963725612826593
2018-06-12 13:45:04.869000,2.9133342607621335,0.672637191442311,-1.6491154738773797,0.17046447390722544,-0.5445500837202963,-2.4458890079323,0.9561393261633432,0.057127467096416966,-0.8818876271262027,-1.6275207594736845,-0.6934948997014034,0.4526239294544191,-0.7740216796665458,-0.07772426741041452,-0.3454644007963812
2018-06-12 13:45:04.936000,2.862146368940844,0.5966425277098086,-1.4981130676622965,0.19928907216344396,-0.48688270436493786,-2.53930725494928,1.0143248474742257,0.03179345873800778,-0.8273372159046865,-1.7375376846343453,-0.3781881624766985,0.474616916582867,-0.5800757036936843,-0.0944085143926083,-0.4880262261542993
2018-06-12 13:45:05.003000,2.725197091737442,0.42760885161061074,-1.5600726145506394,0.16371829591647594,-0.547669304595373,-2.8758095869802345,1.0508644733352508,0.13826859244039388,-0.855058013432556,-1.4588849239406203,-0.5832406000473329,0.39273166187122055,-0.830581545757849,0.040857888256792374,-0.2383434354444705
2018-06-12 13:45:05.070000,2.7889731943646208,0.5782679893692546,-1.3681491994571848,0.00035836077416490086,-0.35382715767645956,-2.715972896974997,0.9734730983213035,0.1063489622192576,-0.8643810694707077,-1.5731597476900134,-0.5039709350475563,0.5368491974224623,-0.8643112498128619,0.07080318834796019,-0.39775807888854825
2018-06-12 13:45:05.138000,2.7889731943646208,0.5782679893692546,-1.3681491994571848,0.00035836077416490086,-0.35382715767645956,-2.715972896974997,0.9734730983213035,0.1063489622192576,-0.8643810694707077,-1.5731597476900134,-0.5039709350475563,0.5368491974224623,-0.8643112498128619,0.07080318834796019,-0.39775807888854825
2018-06-12 13:45:05.205000,2.8181681887342247,0.5399132366587083,-1.3448132457079758,0.011842245910328758,-0.40512776940328915,-2.762257238904962,0.9810921250363446,0.14570832246309456,-0.8482036965626741,-1.639368828654419,-0.46582015581563785,0.5386252692318804,-0.826189101831011,-0.1285669233019277,-0.44253302359724983
2018-06-12 13:45:05.271000,2.866092447209719,0.6281618005640115,-1.3088640428229412,-0.07552308711159209,-0.2956554097438798,-2.7503414898068947,0.9772714611551456,0.13300028497058572,-0.7911420336521281,-1.732195128820297,-0.4756798693982418,0.2811852702935903,-0.8089996136905431,-0.053201750483320015,-0.4445057430511253
2018-06-12 13:45:05.341000,2.866092447209719,0.6281618005640115,-1.3088640428229412,-0.07552308711159209,-0.2956554097438798,-2.7503414898068947,0.9772714611551456,0.13300028497058572,-0.7911420336521281,-1.732195128820297,-0.4756798693982418,0.2811852702935903,-0.8089996136905431,-0.053201750483320015,-0.4445057430511253
2018-06-12 13:45:05.406000,2.8412655799237143,0.5184851439538114,-1.4205196009152454,0.04418762918212893,-0.20668757623441086,-2.686280011849911,0.9140388744761833,0.18824696224565754,-0.8386193551548139,-1.6967172091830465,-0.5805865474238685,0.3462530317298196,-0.8962144262278563,0.0017334840328974976,-0.4543363494033253
2018-06-12 13:45:05.474000,2.867497720748002,0.5054157728501645,-1.4458186395628727,0.14225053624664621,-0.33005583130421046,-2.736506806838945,0.925845817899324,0.18085383197779073,-0.8815681654644811,-1.6255810566016131,-0.474548515735594,0.4386712100781236,-0.8792727801090104,-0.04901270185760548,-0.40961850432524066
2018-06-12 13:45:05.541000,2.88351986046981,0.4860920546453183,-1.5264194296954425,-0.01591977546897949,-0.23149758210431615,-2.667411512993307,0.829235109765467,0.17531626080881618,-0.9494709954383762,-1.6521369438285323,-0.4461269728225835,0.3528714635992981,-0.9210415067020398,0.08983487623734397,-0.255887675743448
2018-06-12 13:45:05.608000,2.840867456063454,0.45423018396414,-1.4394236066056514,0.030746960082929792,-0.23980057645685493,-2.608502527248578,0.876441377608004,0.17004824523005582,-0.9309443957295795,-1.7034020491589033,-0.4566805205313267,0.5158086550786651,-0.8283245707629422,0.06991260200024185,-0.41896133375520384
2018-06-12 13:45:05.675000,2.8535239982130705,0.42731748222336435,-1.4854466647947053,0.08612235679846422,-0.28325454393159133,-2.6150777329185346,0.8644909609710181,0.17303249933215112,-0.9181892714274416,-1.695799783643818,-0.35702043956453067,0.41420016777023516,-0.905462264961718,0.011460880074321611,-0.26310262881333185
2018-06-12 13:45:05.743000,2.9039989303152494,0.5333799195861573,-1.5165204709703455,0.20556164380808897,-0.24152137620685865,-2.6712187228463553,0.8291905609697648,-0.01932264040840665,-0.8229014299142811,-1.6958495314091007,-0.28647947396610296,0.277724310620293,-0.8375002632672522,0.03586047524967775,-0.274743149842089
2018-06-12 13:45:05.809000,2.909912848682726,0.5164517248972149,-1.5935697072217858,0.15138864837956864,-0.40870188200667223,-2.6435454100135867,0.840076525669067,0.1461854854445534,-0.9884939666546406,-1.6071880724026983,-0.5349507131996887,0.44733586472178555,-0.9196196364574103,0.06618680510159144,-0.3468545810633123
2018-06-12 13:45:05.876000,2.961987487617752,0.42398594698526276,-1.5378459755552663,-0.01671868543716218,-0.3485845229583089,-2.6210081845424664,0.7356965642688188,0.10464668345929284,-0.8962593193711121,-1.6783995776605214,-0.5956925706539957,0.5142136989486766,-0.9494072090038302,-0.06969073467815504,-0.38125102003859873
2018-06-12 13:45:05.943000,2.874822432348614,0.3963771918653128,-1.4464807310943202,-0.021025098410368787,-0.2865104573791558,-2.620784327542366,0.8031565185859727,0.08658387671147413,-0.8949868368003645,-1.7519947758189924,-0.33729478713661243,0.3041235763983776,-0.825058818513955,-0.0039027755847049206,-0.6078001868609066
2018-06-12 13:45:06.010000,2.8806144423624627,0.38659745585434707,-1.3831253282841087,0.14180288500378455,-0.4686481181642224,-2.75647682459074,0.8808665862639702,0.040585259695275454,-0.9043352584820095,-1.7183869069450215,-0.38578143962318934,0.44525890049786077,-0.967010437739092,-6.0502872937934216e-05,-0.4263243833943871
2018-06-12 13:45:06.078000,2.9054066510421492,0.3042859784715705,-1.346021883756119,-0.10223287254289715,-0.38507934540952965,-2.6766744658831483,0.816014512132794,0.18122417175513292,-0.936811562566381,-1.69291156756098,-0.5350446318278675,0.5406419927611785,-0.865996384897734,-0.0692826480317775,-0.4884838375278204
2018-06-12 13:45:06.146000,2.9231782002294073,0.3607021847795098,-1.3642582120333495,-0.07628266674947853,-0.3193221529112199,-2.6658915214259777,0.8112362142900478,0.12318761977764744,-0.8983011322754347,-1.799416222136411,-0.4120712425706181,0.2969623193708849,-0.7874098770724959,-0.06697959013604551,-0.6077895003340003
2018-06-12 13:45:06.212000,2.809937174509428,0.2797467509613614,-1.252027215636524,0.04079506691691426,-0.4363335129064506,-2.6751841256672715,0.8708661688478893,0.16679592169563726,-1.0230291758201069,-1.690944653448983,-0.4065144905209407,0.4290545935737661,-0.9659425399771141,0.030088154854597128,-0.3570258693811043
2018-06-12 13:45:06.279000,2.850971644355724,0.32005452528268513,-1.4377308347997377,0.004369078144307592,-0.3732106929254745,-2.6615044634229292,0.8142156856702057,0.1337776738528755,-1.0398734836670456,-1.6955052311417824,-0.49972130517424684,0.6413757428940035,-1.0873706833243935,0.10623174268200392,-0.27857554565989323
2018-06-12 13:45:06.347000,3.1512742828832643,0.5919406596327699,-1.507388061786682,-0.13167975126406156,-0.267898885081151,-2.4057093816579447,0.9363603537602233,-0.0076725083181255,-1.1335489111767858,-1.6662037737444075,-0.36606625765277256,0.4621831526187963,-0.9973020224831365,-0.1385458433587163,-0.23332135922121428
2018-06-12 13:45:06.415000,3.089347699527244,0.5938149333549374,-1.3259784030741781,-0.11718570900263578,-0.5220154196037043,-2.3922381658617735,1.1336452381606312,0.02336035749573919,-1.1727499188831496,-1.6341461545672407,-0.4153817898816594,0.39740863705743323,-0.8344980089750622,-0.28366744927528564,-0.6013600427417859
2018-06-12 13:45:06.482000,2.863359982178359,0.35213033349411144,-1.3452982867164394,-0.10175030354934489,-0.453590380473892,-2.463429900945092,0.8889416307296948,0.1052494426809078,-0.9879910859244676,-1.6365528798646678,-0.5104808182023386,0.5251939531090059,-0.9385005070669461,-0.06559705080980563,-0.34205208026151984
2018-06-12 13:45:06.549000,2.7883141206938182,0.37910323464758594,-1.4447811327653601,0.11827379063216018,-0.5713576220028953,-2.582958010066738,0.9328596312626156,-0.03992478689224952,-0.8560150699127005,-1.6192646874682217,-0.5163144583352834,0.5460873596710554,-0.9334979721286905,0.016816145637611093,-0.30750149270157423
2018-06-12 13:45:06.616000,2.923517419244166,0.49626717700258,-1.2403126766992412,-0.04561897522671793,-0.5526226706191006,-2.2711656929166466,1.1841993695177488,-0.03480157782160454,-1.0927119057099806,-1.5564228129009443,-0.5291750815068907,0.5133222813208577,-1.0427963817997061,-0.3830769959203706,-0.41853221627330583
2018-06-12 13:45:06.683000,2.83123631792078,0.3733804617596365,-1.3413797532800664,-0.14120271917420496,-0.42081495116838763,-2.3505417904497334,0.9180501751252729,-0.20862085194998484,-0.7587704731051971,-1.79869176776237,-0.5107760149393294,0.6944464543938159,-0.9017087788675321,-0.21534224710766517,-0.3570947461353258
2018-06-12 13:45:06.756000,2.8064349582863732,0.4226936805116573,-1.6027536853058055,0.05480763523460927,-0.5103273988649203,-2.2637662071106255,0.8727678131688431,-0.16697829647054657,-0.870358084569528,-1.535545029452317,-0.580209222670601,0.7351324396352709,-1.1382833727408679,-0.21018865493869385,-0.06976267115603636
2018-06-12 13:45:06.818000,2.7331847020175664,0.5565953223211757,-1.6085870319334263,0.14458063197817458,-0.5060840917537178,-2.180803602119875,0.986327302115248,-0.32794283394183427,-0.7771586808800429,-1.7698588720951913,-0.3847749187523686,0.49897610538182346,-0.8342878552170707,-0.14493754929752065,-0.2860205346781713
2018-06-12 13:45:06.885000,2.782304465943678,0.4775144737042825,-1.5159015256682904,-0.12478912046661236,-0.7054844241022962,-2.178618664594415,1.0477143257556465,-0.27113986063448386,-0.818896158297977,-1.594683297655823,-0.5258129165095936,0.7592277131188779,-0.6791472248785233,-0.20399503290562807,-0.2952763229398258
2018-06-12 13:45:06.957000,2.913282906175355,0.773841317131136,-1.605585181304486,0.10188683792528244,-0.9312966930166346,-1.8547822098376094,1.2081890459741649,-0.38373075288104286,-1.0369307250302526,-1.4449506492397055,-0.5992895837708351,0.7658548208400597,-0.828601597251261,-0.485896760142843,-0.3086122068238486
2018-06-12 13:45:07.019000,3.0346485714240856,0.8373551902846852,-1.6137426187203412,-0.09690004741894023,-0.9622687234700374,-1.7822907591054866,1.1246326594688645,-0.5687402430219927,-0.8905277315762274,-1.5477676787460926,-0.7705212446714604,0.716206522482352,-0.8695784683031413,-0.5568227600762772,-0.21259810142655405
2018-06-12 13:45:07.087000,2.7828430668829416,0.7145303429487009,-1.5660527699714644,0.15056106567148977,-1.2141724743903433,-1.8486707282089794,1.2064720478172175,-0.5265633414431036,-0.8648996788357639,-1.4601296638057555,-0.6475582107060296,0.6674310391229097,-0.7917049502302422,-0.34734072119604686,-0.17073416744404063
2018-06-12 13:45:07.154000,3.0334718936495966,0.6831946548169427,-1.6227451447464625,-0.30845020257702455,-1.537030439434278,-1.8996031293720654,1.1376707078975707,-0.601342638295159,-0.9555996521797904,-1.3430421359941782,-0.6112307596650285,0.8228185054597746,-0.7607359862101383,-0.26792665640442714,-0.09037607130095617
2018-06-12 13:45:07.222000,2.7318767863069224,0.6582379850945517,-1.5399343030421184,-0.1925797830833621,-1.4187328349585706,-1.512376117841368,1.2038325903636506,-0.7562454105338557,-0.566353978636672,-1.0776614695527647,-0.8002108164444101,0.6722036113596422,-0.5185886855624171,-0.5177519493034695,-0.1475604831287185
2018-06-12 13:45:07.289000,2.677834371480709,0.8130202270285769,-1.6153903629613564,-0.05610451384840326,-1.4849547666989813,-1.4521757530085317,1.3663641039461627,-0.8603172991623163,-0.7166812598318811,-0.9553778352819533,-0.6996309685381201,0.572899268076734,-0.7940236034807144,-0.3333003628338267,-0.3039796481952156
2018-06-12 13:45:07.356000,2.622030013517022,0.7380920308188452,-1.7105213812739277,-0.41002962663781595,-1.3518478580289257,-1.164017638976185,1.172465933877441,-0.9041440873751377,-0.2781865606072829,-0.9564725348867298,-0.7061282698072948,1.0238277076203788,-0.4690751224869312,-0.5628190868350672,-0.06030711132464976
2018-06-12 13:45:07.423000,2.7616615874004973,0.9197124505952443,-1.8409880400046827,-0.2082112375810267,-1.7723846265514074,-1.0697961734856378,1.3419175544536701,-0.8898145074403857,-0.3726851631128489,-0.7548663353923588,-0.7565567754827877,0.8514399672716488,-0.49467405718224294,-0.4598326553153862,-0.18661975965558508
2018-06-12 13:45:07.491000,2.7325644294096305,0.9846657019307639,-1.7532900243859317,-0.40124254668566317,-1.8304830192532138,-1.0890647984288833,1.4164057387917066,-0.8915241519543855,-0.31005794334082726,-0.7393674726596743,-0.6678909125885975,0.9257768652411522,-0.4906377685114165,-0.39309594862839925,-0.10828285802033903
2018-06-12 13:45:07.558000,2.773942233238981,1.0721056413223122,-1.8290517106075894,-0.3240387389853643,-1.8291352213659082,-0.857836885382629,1.3210027864001064,-1.0086097958756888,-0.13632235362055417,-0.6616018013187835,-0.6260121956649878,0.8104399549149707,-0.42596775238248313,-0.45879509459750667,0.045756146334701736
2018-06-12 13:45:07.625000,2.6968497524768997,1.0688301041763346,-1.600740155091977,-0.4251592519561177,-2.181040672705411,-0.8522815719194269,1.4342093206858393,-1.0079278941936614,0.1028750626692006,-0.5051723694932346,-0.5622183682847589,0.704388383746784,-0.09054738267240803,-0.35092053544208346,-0.18824356306674384
2018-06-12 13:45:07.692000,2.83577569998062,1.148166395648515,-1.779685401388335,-0.43920217590281496,-2.0538112043544237,-0.3261958266915025,1.1965358608976349,-1.13042481201987,0.1037961065209696,-0.164530135045652,-0.49454610193262893,0.6151685995025619,-0.28306077172895344,-0.5397177797140672,-0.21143992162213354
2018-06-12 13:45:07.759000,2.7798824576256695,1.182492655082687,-1.8719985910660153,-0.07180137135673323,-2.1464242656724295,-0.4827650685711466,1.2786711267534527,-1.2749374193094587,-0.10702376282118807,-0.037126416864544015,-0.3127622307116321,0.2585963458068453,-0.528385080784033,-0.34581317789320787,-0.21566263728899437
2018-06-12 13:45:07.826000,2.783953256807586,1.4606085763329242,-1.9179736130026135,0.05507868243865874,-2.0249943694308374,-0.4962209370106944,1.152274070858796,-1.1995444234681452,0.12992667710901623,-0.08398393493945602,-0.18147859884931025,0.47269382866117227,-0.23865804931589946,-0.2577679364509513,0.17567472403194156
2018-06-12 13:45:07.893000,2.608122008729805,1.5450996589334216,-1.7636755170303757,-0.2007545987709243,-2.196909508770315,-0.3692012671025971,1.0973365708677632,-0.9789827133861042,0.16090055726072516,0.14643248862263297,-0.5856066163937339,0.6024743572903264,-0.30698982923584683,-0.1525239187911541,0.07598202147786128
2018-06-12 13:45:07.960000,2.1983801848030025,1.4680128030317519,-1.0305484157908507,-0.06673305567291303,-2.5579840633134405,-0.4550710666391116,1.268669638813301,-1.3593161022978166,0.5980643772701553,0.006567878241728081,-0.3086836421319167,1.0120533682729478,-0.31285428795157744,-0.03914176724068638,-0.17789484164301111
2018-06-12 13:45:08.027000,2.2866659468750843,1.6459085123580008,-1.5852306372815899,0.10058990852070407,-2.2524885716734255,-0.20322167857913842,1.0237203024260182,-1.1770089115715505,0.5715211120813013,0.24980656183235933,-0.53503953938659,0.47992000566414117,-0.45624544697946956,-0.017031845911271187,0.028580045599119988
2018-06-12 13:45:08.095000,2.362797448360757,1.7461902178063933,-1.5683907081165158,-0.045197356700636696,-2.2024104466101857,-0.3096343081634024,1.000461951104058,-1.3028366104970366,0.7060633707882965,0.20338852628906312,-0.3911663396183084,0.23328661710245924,-0.1393887212676842,-0.03134659092045117,-0.15652707660520404
2018-06-12 13:45:08.162000,2.125990736867342,1.7344283704768748,-1.5383165692182412,0.3215714094151604,-2.3133170457455443,-0.18904680569432072,1.0305866734734224,-1.1039820237677855,0.5885700851181559,0.38068563378191456,-0.4642707911900201,0.46562104162712104,-0.3782307390782229,0.031047188141138507,-0.049243504021982035
2018-06-12 13:45:08.230000,2.089362865743161,1.9036053567129279,-1.573292467058237,0.2037277223598705,-2.136868949292021,-0.1452135948666859,1.04646295696627,-1.0740061444596063,0.6231421580175615,0.310575033970118,-0.5258382674995428,0.05543933592403161,-0.44276615835458216,0.051494072782732755,-0.23061568926340864
2018-06-12 13:45:08.296000,2.088549129130193,1.9910777933403825,-1.7434010062036587,0.3670840667797486,-2.0673191584372663,-0.0996704475077135,0.9165747465252143,-1.0453732352886178,0.5936680934610753,0.4479234115042391,-0.6162545117260689,0.36023280101482097,-0.5468245435793156,0.150522631821714,-0.11524645638730442
2018-06-12 13:45:08.364000,2.1350942304244196,2.075659837575037,-1.5845742919515253,0.07779910613308941,-2.195513791970067,-0.18009721862405673,0.9390921372447586,-1.0824108303175717,0.6201996633825537,0.3271944805377206,-0.3629529932743969,0.1869500422009175,-0.13348369981958794,0.14479861442873881,-0.14412751554109526
2018-06-12 13:45:08.431000,2.022023951920217,2.0016036029850697,-1.721538123027839,0.2331887159746284,-2.1744344594969855,0.016081909867051845,0.8242344072160795,-0.8629225089777519,0.5704346555846338,0.6206338385359857,-0.6404099353515986,0.3522491157449458,-0.18929490643493196,0.0861980356778114,-0.08008089328915198
2018-06-12 13:45:08.499000,1.746760229923252,1.7178984799536288,-0.9550932197453472,0.06977979686504676,-2.620902048551934,-0.4514698271456248,0.9351110692231233,-1.111653683742773,0.7126278852211643,0.6800978331172036,-0.33307057692370134,0.5296321916318959,-0.07469028238899525,0.2477895939065053,-0.333080103419429
2018-06-12 13:45:08.565000,1.8146210818372541,1.6789942175944734,-1.7251394055529454,0.17925405116893914,-2.2625243910999244,0.016134494950605115,0.7942731641307763,-0.8170572537460302,1.0700477824075052,0.697382229358307,-0.2676636994163729,0.2763802826641639,0.06738132141377601,0.09957151804863383,-0.285889839794571
2018-06-12 13:45:08.632000,1.6965836039464302,1.432367802309959,-1.7436802477764273,0.06889992672585313,-2.1504891423292114,0.19144787119009182,0.6750760612374466,-0.7963080551533169,1.2220495529554651,0.5945212509758154,-0.5956806366701128,0.3021835893078449,-0.014976720377350677,0.008550005786185255,-0.4526546772017886
2018-06-12 13:45:08.700000,1.508922840158701,1.3169627969482014,-1.7684723347476041,0.40354151066929334,-2.376714224073002,0.07830495177657859,0.614871157996086,-0.6124019120761838,1.3297803695610808,0.7540587983717355,-0.40625444787907994,0.12018615464211013,0.021084567347806588,0.13149543701739014,-0.12140750606882543
2018-06-12 13:45:08.768000,1.3491283886987309,1.0099841271242085,-1.7731584793589217,0.3545058716639239,-2.3599036982935693,0.11065425710696675,0.4961471621336477,-0.5467725728764166,1.5782599597465716,0.6599158477417975,-0.2647116827119278,0.2529109155313222,-0.15713170352362654,0.03818813708715625,-0.11015525783309595
2018-06-12 13:45:08.834000,1.4492355274842885,0.9417877052294064,-2.0135962316137967,0.215464851528012,-2.2816250744692175,0.2456133304825783,0.3756880094441921,-0.40562967824742574,1.760998628674562,0.6914820389655593,-0.44963276114743045,0.19603451232543245,-0.2900783324199882,-0.11941651407659984,0.007744592265979636
2018-06-12 13:45:08.901000,1.4414253669008246,0.9129600356815013,-2.024590728793641,0.23136575266909756,-2.3239676784869823,0.3279818031900667,0.2472182346698526,-0.21559065276000472,1.5993094838502349,0.6409962649501532,-0.4414617393247844,0.17854113280376516,-0.19763050779443395,-0.22360955235304628,-0.09139161548290185
2018-06-12 13:45:08.968000,1.396281615959364,0.9421981788223264,-2.0535754043576606,0.2034475517531509,-2.034487358096203,0.3753626208206602,0.28377549540212604,-0.44212642621971,1.897060420026179,0.7576406750876294,-0.3469399234232088,0.3104897125380326,-0.34485237237986277,-0.16875959109181618,-0.1443120243104432
2018-06-12 13:45:09.036000,1.3644169995634643,0.8619747660919626,-2.0449580563828467,0.2890013102349007,-1.9429277432145033,0.5264357485389833,0.23063869266229325,-0.20586063605537538,1.7214098181766793,0.6035874814339864,-0.44851269314932607,0.1743021428861773,-0.20062628581642294,-0.2139564252561186,-0.2074800751858623
2018-06-12 13:45:09.103000,1.3852906921188222,0.8807317226114042,-2.01996030621719,0.21406717369765207,-2.282819484723987,0.5331346062763181,0.29159498059631317,-0.22021045357008004,1.7953098440981488,0.7366616767058218,-0.4907076711728391,0.2548286585711727,-0.15227387179528498,-0.24665901303452845,-0.07788982523988298
2018-06-12 13:45:09.171000,1.466799919899222,0.9939670898162909,-2.1343847655434294,0.2890776410824937,-2.1007964171530387,0.6150116582009814,0.17784761646283817,-0.10064542253309064,1.7067856979937122,0.6396083115952057,-0.5574474339056175,0.32414964912853605,-0.21842887017890394,-0.29091398441600813,0.06989536186880163
2018-06-12 13:45:09.238000,1.4252076684822512,0.9813635981486093,-2.112257025377452,0.16758346273867528,-2.0809544572400123,0.657608813084591,0.2144237467667019,-0.03887529847766225,1.7220669276917309,0.8625232093656382,-0.5994793717720617,0.41471476502414845,-0.07745679105994263,-0.20562191063845045,-0.13003624823126608
2018-06-12 13:45:09.305000,1.518967904339139,1.0418747627851939,-2.0736168776461588,0.05230873155208107,-2.0876995691888607,0.5964793416810927,0.2017542203896569,0.040887071802607804,1.6880675799003608,0.6793003886360925,-0.5137726899982616,0.3088520283137726,-0.10582887468032515,-0.3685105504190568,-0.15701060408820755
2018-06-12 13:45:09.372000,1.4631907137868607,1.1181131121014314,-2.412738408610009,0.4024379279811445,-1.7872716008915903,0.8375702643373333,0.16965935830341766,0.12087921339334906,1.623311690203383,0.85763335131486,-0.6563141358371187,0.2624150663690857,-0.18926929136070272,-0.3171656883008771,-0.1841879399396319
2018-06-12 13:45:09.440000,1.5229248102876212,1.2626474923325377,-2.083960342835112,0.09136589507251958,-1.6768629687580137,0.8052305424421398,0.2339618073652583,0.02875236514048931,1.6980394371160346,0.7947033469944252,-0.5679027560904275,0.5194782872746584,-0.2690660694695833,-0.44556455462308264,-0.1942780491861527
2018-06-12 13:45:09.507000,1.4863535397999303,1.1196761637015287,-2.1272375674690727,0.12474369064114874,-1.7978405844014818,0.7937949027589372,0.29413136193617,0.16796890304691656,1.6275548087756304,0.6288213980164629,-0.5086558761206221,0.4697788070898827,-0.2065362853672367,-0.4253747610203027,-0.3134819487828258
2018-06-12 13:45:09.575000,1.4989190363782563,1.3214879377413522,-2.144900784521806,0.13318537547277112,-1.8876456106325183,0.6896261378908208,0.32787862486742747,0.253688298751163,1.669349301080144,0.6603532436658047,-0.5083799146191599,0.33062708385277156,-0.3770567107787869,-0.39874933405822943,-0.02331563867508331
2018-06-12 13:45:09.642000,1.3226826892887664,1.2894308280098037,-1.9596864742669502,0.2497839931393949,-1.9931828370310383,0.6531699791292791,0.44633079529047853,0.2790796149042189,1.6476707847874486,0.6343111435000509,-0.5740243450900837,0.3916794076584233,-0.2901062304192853,-0.46977275235262417,-0.08022609094359041
2018-06-12 13:45:09.709000,1.3928781447116991,1.2719306213822847,-2.1838120847261964,0.48680468292228984,-1.7680623263777595,0.7927978103646869,0.4429596082055836,0.31548283489648155,1.627214109718031,0.7279422113797299,-0.38053280361137976,0.3749044841078762,-0.41007390304720703,-0.3896923983476436,-0.24880148264471547
2018-06-12 13:45:09.777000,1.420506875115743,1.383203085683953,-2.267008536842801,0.5648552014341598,-1.5158052710991363,0.8660158756231853,0.3178295677490089,0.3223072653661733,1.5946357356062788,0.849852279525821,-0.6884828675475418,0.6165748118522891,-0.4563449398312105,-0.36112595121525015,-0.30385573955006645
2018-06-12 13:45:09.844000,1.3291105792536118,1.3045041589398798,-2.024459263051043,0.605698341340341,-1.6938133767239125,0.8426407413668837,0.39664231927608734,0.4107137310974349,1.6108686887252261,0.7029711460471285,-0.513204517136234,0.570855312732812,-0.3441598983272066,-0.5344082639032391,-0.3520358168854174
2018-06-12 13:45:09.911000,1.4347621209573336,1.334892258801891,-1.8649804832754853,0.446317933684395,-1.6090203977249287,0.82294989257087,0.3392343046824184,0.28512718431809814,1.73701510628202,0.7144471657778169,-0.4088905800409188,0.6932948322153761,-0.42179688474553656,-0.5330109571864946,-0.4009341956433858
2018-06-12 13:45:09.978000,1.3993980529064465,1.364907975704757,-1.9856216004157659,0.5001409800598636,-1.6542447873686266,0.7137604388083998,0.38883322788166164,0.2873655926223488,1.7632222251004483,0.6640386487828395,-0.4183617149792098,0.4491158395950016,-0.531271564081957,-0.42466813197835473,-0.3715969022160263
2018-06-12 13:45:10.045000,1.4005601133299486,1.3262431304867883,-2.0779966207310783,0.46790036686080927,-1.5866289112239393,0.7946984304257814,0.3988261795956024,0.3853868149184044,1.7985893576431593,0.7063576426345004,-0.540817736493404,0.4840725851662901,-0.4048501740483292,-0.4427654674494831,-0.3514066650638726
2018-06-12 13:45:10.113000,1.4264026666660228,1.4114884936303111,-2.1538924531612755,0.5666766573117619,-1.4803229840439993,0.9506326694508014,0.3018077808320227,0.5036135417752682,1.603684735232373,0.7117109396534131,-0.5249308023768393,0.31854625332560293,-0.3178778499201037,-0.6433357433968409,-0.20595301007882544
2018-06-12 13:45:10.180000,1.2979990903183127,1.272303628816118,-2.157154258640375,0.6583448877839461,-1.709137448617525,0.8428538328317953,0.40996898768600365,0.36407104983105765,1.6579703678569353,0.7295298943836513,-0.47446413075418603,0.6216964235429762,-0.3209297911900492,-0.4257894625766283,-0.31702898505657134
2018-06-12 13:45:10.247000,1.411613631693187,1.3283365170009866,-2.0621519583047903,0.6688080135610499,-1.728613513089333,0.8111974084992942,0.34418103695064095,0.3318663425946013,1.781032522367116,0.6694836765243474,-0.43932819259081546,0.48574232286820684,-0.3640796451459518,-0.5421720139240984,-0.3078580255501249
2018-06-12 13:45:10.315000,1.505597665065813,1.3208498037241987,-2.066275764625083,0.08691662195740701,-1.5590828974283173,0.8796634009408444,0.3148640595164858,0.049933850696598496,1.9708453194119548,0.5462618113461263,-0.5113579193366375,0.4309579578781576,-0.2137297176718822,-0.5524612957596854,-0.3783786807423247
2018-06-12 13:45:10.382000,1.4513922954312908,1.3040471871259007,-2.003008064821953,0.3024872815333155,-1.8492912606479197,0.72448065939925,0.35891129036143266,0.041466294467578484,1.9116623675181064,0.6827993740602802,-0.599658131402512,0.4966884981542684,-0.27382185610665327,-0.3634588602456671,-0.2457232593234706
2018-06-12 13:45:10.449000,1.4479201954353318,1.3131110645438393,-1.9793057588981353,0.25755168227371095,-1.8170458493385144,0.6825314790970624,0.3560974738620103,-0.037805861937318254,1.9688008853400425,0.5262876375440573,-0.5474664992309453,0.3390568148975804,-0.17697822726570844,-0.22105476748413735,-0.41606590647950537
2018-06-12 13:45:10.516000,1.4716401189407993,1.3121708083429187,-1.8511280620388468,0.38305426246378493,-2.0600119635378644,0.5554148884002792,0.31629947312516177,-0.03982128574132022,1.8354857902119632,0.5970173835784897,-0.6207218865369284,0.19041910546394697,-0.2970060760309281,-0.3313509039216642,-0.03911769137466124
2018-06-12 13:45:10.582000,1.491168509341939,1.4510766298083944,-1.6208098355747158,0.2829414835484979,-2.045740426567494,0.522315868178303,0.49262440060988705,-0.206748853991962,1.7563353220690776,0.43181151173606425,-0.3906934223095384,0.2543587971389343,-0.0347908040495947,-0.25897860306380494,-0.10510009366018085
2018-06-12 13:45:10.650000,1.3533639675546079,1.2792998149751036,-1.9191246536263662,0.513072269403289,-1.972634873939112,0.64772578331138,0.3400776532415093,-0.2524739692622825,1.6337371945990853,0.4116376361657588,-0.5519230877610257,0.14433808828742312,-0.3141303515463525,-0.15720633463702943,-0.15943128071080442
2018-06-12 13:45:10.717000,1.339256938301161,1.17437831073702,-1.6238194974461388,0.32022840542016673,-2.0203018532054053,0.5040116601484329,0.4436887038607903,-0.4980269952096286,1.6923454182408104,0.5971220460463912,-0.3686878660874361,0.02972477891602271,-0.49124452307771854,-0.12957187053293306,-0.19801759497204224
2018-06-12 13:45:10.784000,1.1606273681034516,1.1129407059829162,-1.5119964907329475,0.3516041775800338,-1.7242014390803908,0.5179305468734361,0.6132535024773885,-0.9491204176808031,1.436982924157821,0.6020453714911279,-0.352491820979689,-0.29166910968365944,-0.9553591621419059,-0.14957714253333929,-0.3344314256378204
2018-06-12 13:45:10.851000,1.1906072286091955,1.0830036040040134,-1.4829610323823397,0.40345131522336575,-1.7115322259823742,0.5622592528401638,0.5880581722027387,-1.023076566456113,1.420243926609226,0.6114347544035273,-0.3616311008274522,-0.3237583278594879,-0.9143560835789464,-0.20569533632906564,-0.4400248788430748
2018-06-12 13:45:10.919000,1.2418240034481873,1.0383719601789616,-1.44090659069041,0.2466655320620522,-1.8310714084467998,0.6075710448332754,0.5757975428957666,-0.9882729280382022,1.3557260699400047,0.6093987415050296,-0.37945377131944824,-0.08343349823246388,-0.8738320320742726,-0.3186072254512877,-0.5069466047801279
2018-06-12 13:45:10.986000,1.326385112842115,1.0091463547425095,-1.6746861111141167,0.22932598526509454,-1.9152021150600018,0.5010530548280206,0.5265437461245865,-1.05473224866709,1.37659842984471,0.7961295206992522,-0.40450334052535064,-0.2816664934836833,-0.7243197631464227,-0.1423004945216291,-0.3746223320595235
2018-06-12 13:45:11.059000,1.4206648341569026,1.0355545422491752,-1.68928341010308,0.37217885567459175,-1.9420101224885697,0.5242033235020866,0.45301814975949617,-1.1249902467945985,1.267993006086051,0.7972612378474534,-0.4323438570171909,-0.2530836877308028,-0.8789474514892494,-0.0695831177841825,-0.26191162856824535
2018-06-12 13:45:11.124000,1.408421328601241,0.9705022426853982,-1.745641198004791,0.5036687894264165,-1.876535572510344,0.5738217364875449,0.46291214516590384,-1.1254835144363693,1.3374438983904966,0.7017595884654168,-0.17230691224822262,-0.3918159648531142,-0.7106373768774645,-0.26566757447517186,-0.3141495473789465
2018-06-12 13:45:11.187000,1.4982048646775548,1.1718729799107206,-1.7316950387791843,0.20065148855751128,-1.865897505934788,0.5480876270994451,0.5551876516340828,-1.1918560913767793,1.2587324456816251,0.45588667874580935,-0.5197196923665761,-0.38759173237044015,-0.728418021047237,-0.28863731720740937,-0.5762417793899898
2018-06-12 13:45:11.256000,1.5020384542976304,1.151956084759611,-1.6481001035403449,0.23425641915086706,-2.1519700651136526,0.42125745296254163,0.6502258609702355,-1.1923178490748132,1.0684985398874538,0.5411282931326342,-0.39200980252142104,-0.1526436725559735,-0.7389815568615492,-0.08108869599842697,-0.4980635033962569
2018-06-12 13:45:11.321000,1.4949040801636522,1.2535672594207854,-1.7947703602168434,0.2799895587279909,-1.9771005770746723,0.4709725821992435,0.6654916408137609,-1.3100556312380123,1.0363659590174983,0.6597649874694319,-0.4133335348968634,-0.08691493679336498,-0.9209703836799702,-0.006255714927019401,-0.2922279757126403
2018-06-12 13:45:11.389000,1.33899121433554,1.2097476018406124,-1.0225896616216894,0.11054131322492763,-2.59224162113027,0.026680147555889603,0.9865952380371587,-1.5673664396966034,0.9152893900050175,0.46713130996378893,-0.31726722037083155,0.4504687143403832,-0.7127771063029902,0.05843555221278589,-0.3037975667200618
2018-06-12 13:45:11.457000,1.6812101922485092,1.2544530689073619,-0.985457741567691,0.032227912620103855,-2.6554273713054397,-0.1423832708964163,0.9842029185731728,-1.6774369343337108,0.6516092056012449,0.30689770162677854,-0.3220305415140099,0.449933679045456,-0.4932371242915073,-0.0917305221365404,-0.3905419343970184
2018-06-12 13:45:11.523000,2.3657545658190653,1.712626550933793,-1.832033802948699,0.08434601622784269,-2.4844890659733117,-0.23755708319037624,0.9611884380983681,-1.1973301343122835,0.3130241119805922,0.2539879893448015,-0.7199759318441306,0.3655217925828153,-0.43493343822750474,-0.12352933996152779,0.006258527191019311
2018-06-12 13:45:11.590000,2.564538346584964,1.6592295741857201,-1.9109288509624671,0.2284790803301925,-2.649854990905034,-0.36030604593403304,0.9541301949798032,-1.2709734892241198,0.1814214842478959,0.08498530278067229,-0.5736203773280227,0.281226769850644,-0.6124438715583188,-0.18444149959639003,0.08152913171379683
2018-06-12 13:45:11.659000,3.0271319652180724,1.47927815362449,-1.9906234003798502,-0.5329672168055181,-2.8430277372276316,-0.4307396867700353,0.8243236317482937,-1.3017546056710438,0.2686119943720886,-0.08502870775472066,-0.44001670678239135,0.4161608787283928,-0.2877835795513219,-0.2566916733574681,0.2658977420168683
2018-06-12 13:45:11.725000,3.079249793573262,1.2362115039941182,-1.973570448890104,-0.12287804070959435,-2.8785378011810163,-0.5294079945627028,0.7293282579231606,-1.2910650761021456,0.07410720852059477,-0.029251524332178057,-0.4001716359666625,0.3532821212420715,-0.5411289813630801,-0.33757399899418183,0.31344932246245333
2018-06-12 13:45:11.793000,3.24610308969074,1.0799263427526085,-1.9961118454466609,-0.3050999230217165,-2.9980044710356255,-0.6261258821844851,0.8121081655033611,-1.0307302183217348,0.13787745513827265,-0.18757467205962686,-0.4192940780415919,0.47204129232931563,-0.11364277136967704,-0.3469268450790842,0.20357162568888026
2018-06-12 13:45:11.860000,3.2445163376954884,0.8805607442908827,-1.9298783353576465,-0.5731354656139322,-2.9451148589743656,-0.5459456650297414,0.7713816550885146,-1.1174568290912374,0.19222907212135004,-0.16855211177651136,-0.4748627666626839,0.6470915350735819,-0.0046786694284440405,-0.5474448130139004,-0.0016699571247446449
2018-06-12 13:45:11.928000,3.478126322295058,0.9035738280428478,-1.9787449672952804,-0.15592126638074263,-2.763685631684991,-0.6029034331899631,0.5826685430946268,-1.2928268071273634,0.15363378657284488,-0.31625544584030846,-0.40675836356538597,0.6347976713223801,-0.1742269074033303,-0.5811872634100254,0.12975935163730296
2018-06-12 13:45:11.995000,3.531054869179859,0.7635063183446078,-2.0129704824267827,-0.3573745114704921,-2.775072397949552,-0.5858206582099585,0.6488258901032117,-1.2645309287589472,-0.007195176831621686,-0.5151534271948647,-0.6882626383046033,0.6854931065685468,-0.08419184010575698,-0.7282727487289947,-0.15323796067182316
2018-06-12 13:45:12.062000,3.261648350684209,0.7799731153028413,-2.0589892323923986,-0.1905424870564499,-2.522935614459714,-0.4400433645313107,0.7826691801237038,-1.3415631319486845,0.09707529482285027,-0.3957714034802634,-0.45381499241266376,0.898302054850071,-0.2976162618529663,-0.5238581342661459,0.01539793442071151
2018-06-12 13:45:12.132000,3.3758439362971773,0.6495006634684726,-2.043741430296609,-0.32236906383891584,-2.4203076099825704,-0.5087182373484758,0.8351270295569674,-1.3530063767641034,0.028995960703176782,-0.4092820128718719,-0.5926799360405384,0.6277192109981018,-0.15061997551323555,-0.7519075801456836,-0.06552811846641189
2018-06-12 13:45:12.197000,3.1740077000595086,0.845661039675969,-1.858302710112279,-0.19513536585413138,-2.061026836483353,-0.8216774508550491,1.1200977355521995,-1.2997157689204526,-0.2302033761217971,-0.7325082306967549,-0.27345134445034913,0.7416540644053211,-0.34285831017481183,-0.6058029017499428,0.036679963285817865
2018-06-12 13:45:12.264000,3.087493729541073,0.7994687717699687,-2.0080022097199515,-0.14720469422745064,-2.0457207718747727,-0.7928691107955101,1.0342502614671552,-1.0611996638760341,-0.41283915472598265,-0.6045506072758327,-0.5035055271253618,0.7385384141533019,-0.5686549326634629,-0.6664821361046752,0.05436536733578258
2018-06-12 13:45:12.331000,3.2104036078552083,0.9633854324692943,-2.044156448486197,-0.1329607375562705,-1.9396662839471106,-1.1611806226349901,0.9421132978342048,-0.999724499799152,-0.6369897925879097,-0.8416511126160007,-0.6963666011765683,0.6116626654902508,-0.7446374727904856,-0.6744961501721806,0.00281078737778169
2018-06-12 13:45:12.399000,3.0938079076127982,0.9539882830772464,-1.814659561508398,-0.2336919467556618,-1.8603836504566011,-1.1172741137036097,1.1827750175953091,-1.0667252100652507,-0.6079571756505269,-0.9025450265714565,-0.559806947409376,0.7611044408244311,-0.740389055319876,-0.6290052543512407,-0.0029689007060893086
2018-06-12 13:45:12.469000,2.9759154558268843,0.8960743910341695,-1.767044079510366,-0.2791023147187117,-1.6595237004758503,-1.08744090273738,1.1664924276947115,-0.9252503337700602,-0.6264813927202463,-0.8945560303033472,-0.5623236240609272,0.8333177455750448,-0.5610943143496352,-0.6559413644906944,-0.1849460512381491
2018-06-12 13:45:12.533000,3.016207892684861,0.9783709951599815,-1.8387923932479373,-0.18641398777855506,-1.6807745237400686,-1.3697225273582447,1.1267036664036651,-0.9643391805691149,-0.6626299349102018,-0.9582050618733179,-0.7580178753931068,0.5700283962623861,-0.7422126488600479,-0.6617744372372839,0.0019407758426453342
2018-06-12 13:45:12.600000,3.1042789548899776,0.8165806682672896,-1.7885714071624832,-0.20135036409398077,-1.5796009617036082,-1.3943414424478087,1.1402105604501451,-0.9561818298035863,-0.7910369771043111,-1.2008498443177982,-0.6451808939495738,0.6857193242615033,-0.7926189866130189,-0.6615252067330695,-0.16102266097941392
2018-06-12 13:45:12.679000,2.9388988814001733,0.716466314816951,-1.733412423894966,-0.1086259108603478,-1.6478163179176224,-1.6021757341822893,1.0932362513012248,-0.9478067739280999,-0.6870730039457131,-1.2539507505778165,-0.7709370958525466,0.9214860498397869,-0.7124386764510057,-0.5287185608869254,-0.13532537777611436
2018-06-12 13:45:12.735000,2.9974877858891986,0.8459805674827334,-1.7944524454330504,-0.22150178580071367,-1.4769681115044606,-1.5370654150945418,1.2151635237653169,-0.6840402081320236,-0.8994453680151977,-1.212795082400437,-0.7834063595024401,0.6286249481912596,-0.6734784681856346,-0.7026703131221377,-0.2811147218581344
2018-06-12 13:45:12.802000,3.0808050219778202,0.839655043101396,-1.6754424999298436,-0.11663382943119846,-1.5206304027889659,-1.8597227034301587,1.138470232087169,-0.7544979938792099,-0.9566630361473251,-1.435906182201427,-0.5101966483663775,0.8643844091233115,-0.5265219139585001,-0.47489770975764545,-0.3403191059881239
2018-06-12 13:45:12.870000,3.0856247738290437,0.8172747408394834,-1.6443785716163137,-0.22492658801933083,-1.5645220774501616,-1.816915025849111,1.1713095821376527,-0.6283368490907627,-0.9373920595565711,-1.3192661027287471,-0.5884500199142411,0.8883041443260419,-0.7193927305115478,-0.5370686484755349,-0.272247831541448
2018-06-12 13:45:12.937000,3.0850950822691905,0.7799455842438956,-1.541464132190882,-0.16740790616745838,-1.2744443419146971,-1.7385656933034885,1.0779426827343699,-0.6669548542293801,-0.9594944258711827,-1.422208878150002,-0.6291217044986988,0.7212341423565882,-0.6916534172215,-0.5906833801789461,-0.28269416046463
2018-06-12 13:45:13.004000,3.1419535714063427,0.8711741410685505,-1.6050433288791572,-0.41555764185170785,-1.1597788435872054,-1.8292944760381602,1.0731612402029416,-0.7115189200011908,-0.826821919469269,-1.5349314408505492,-0.678676388641525,0.7604982860023405,-0.781635333528532,-0.6705064246412918,-0.3914559934716462
2018-06-12 13:45:13.072000,3.104729539047379,0.843803681793204,-1.4386019283119627,-0.3481211788485302,-1.280705155669161,-1.8959150015470014,1.1073120355745307,-0.744810620214028,-0.8411632258005606,-1.5413446307074299,-0.5880847684550088,0.8575307978912873,-0.7657051469446315,-0.7072398180097555,-0.40462567066921845
2018-06-12 13:45:13.139000,2.9530860198064834,0.6080334925517958,-1.3558429504500162,-0.05445186399665912,-1.0963564218033954,-1.9695434267457,1.0621705703202897,-0.5752358498192327,-1.0160249314846452,-1.392994544349512,-0.3745343993291804,0.7237527804534376,-0.6917814059847758,-0.5740330416130919,-0.34053666663438187
2018-06-12 13:45:13.205000,3.058107442930277,0.7802366478337204,-1.2481246733589808,-0.15668585376837257,-1.0147554230409297,-2.2753824998960503,1.1847800569036209,-0.39272211674620994,-1.144617156197736,-1.5812765358964258,-0.46267836679618124,0.6179552922333417,-0.7892872668007818,-0.41294458838098536,-0.4558302380216596
2018-06-12 13:45:13.273000,2.7593691628077037,0.5942663846521994,-1.149432764060453,0.10226107007993032,-0.7515181482830712,-2.5441126584003704,0.8647606398452209,-0.11440009101972962,-0.8674513054093167,-1.5075688732653139,-0.5655050682643072,0.7949685488216833,-0.9363142745731371,-0.2182072555170109,-0.23133003690970205
2018-06-12 13:45:13.340000,2.7920492406327657,0.5337826965123527,-1.1786144715076885,-0.00963886873732464,-0.7023129994713206,-2.6282769494944396,0.880547921447269,-0.0001821365611209616,-0.892256355694625,-1.4110588449609298,-0.5731320166391367,0.669425268824149,-0.9798193411342703,-0.07508755546292686,-0.28276957044053386
2018-06-12 13:45:13.406000,2.8812815392538305,0.6421472391364278,-1.199882417396459,-0.2131583420130701,-0.5070938697847416,-2.5938774438736973,0.8945493008813038,-0.09721076411149585,-0.7953421682600684,-1.6517670990581852,-0.5238318517592168,0.6503985391206162,-0.8717941985452894,-0.2433417246869324,-0.472544559198495
2018-06-12 13:45:13.475000,2.8962904758169605,0.6831129633668584,-1.367932347962866,0.19308321614534593,-0.5545738873809609,-2.6792035364394393,0.7884947142206803,0.08673725401289584,-0.91685718830934,-1.552166139939478,-0.5395643653701327,0.5100169227370811,-1.0568976737687301,-0.07606064686410288,-0.17891526459786955
2018-06-12 13:45:13.541000,2.7963412987444283,0.6962183169794585,-1.2927651427093416,0.15280342350811452,-0.3963742422964528,-2.5790919178061875,0.9220691130893525,0.13136413367701236,-0.9127595522120037,-1.6248857093898055,-0.5273158673435077,0.3577981889615667,-0.9817771428106691,-0.023466506138635754,-0.28339665962347016
2018-06-12 13:45:13.608000,2.7738725908138813,0.6123015681785235,-1.1737412302168377,0.13526560890337777,-0.49900008851502403,-2.660456783657521,0.9386160994774579,0.08225853121115159,-0.8600274320473418,-1.6165723968045498,-0.4618709690119306,0.4605529010502035,-0.9647287579209909,-0.06011758253195526,-0.378857359296877
2018-06-12 13:45:13.679000,2.772515982229142,0.5767663159974292,-1.0758874968405054,0.24838197623723177,-0.5585456198262464,-2.7390915955096453,0.9036690270758369,0.12439022152888732,-0.9435690967677269,-1.5793320966021689,-0.48270047882665734,0.5845011991356428,-1.0565808268675356,-0.08312058890905791,-0.2752018368754809
2018-06-12 13:45:13.743000,2.860261061234696,0.6239147386532138,-1.237732522538799,0.1659969578826028,-0.39187478636810597,-2.6732747145318836,0.8591547176318065,-0.0037016928489355047,-0.8944462648280943,-1.6073992306611027,-0.45582483785867356,0.5816636373372854,-1.0441991100473422,0.047803976273583904,-0.25901604644109566
2018-06-12 13:45:13.811000,2.8992675176233194,0.5357350261560838,-1.2501599028291626,0.19251576176841398,-0.3945517835886353,-2.6454949197666107,0.8064179668800872,0.15630585049201498,-1.0476653612745994,-1.5459316732745334,-0.48567180270993515,0.4853858397173636,-1.0046867855124761,0.04770395043552681,-0.27743399580262307
2018-06-12 13:45:13.879000,2.915416133749127,0.6292792654742558,-1.1776499095931872,-0.003216526126774477,-0.4390884579562515,-2.706915054395081,0.8530805346534983,-0.02425718132979522,-0.8662660698006426,-1.7981377024927898,-0.49784722777610957,0.4081707541938968,-0.9226165920189523,-0.05281754784267438,-0.4599414413361684
2018-06-12 13:45:13.945000,2.7997858081695286,0.6428240236848781,-1.0986752364362171,0.1826668848242395,-0.5058642311672827,-2.7811257479774887,0.8838920669245497,-0.06808573073153103,-0.8846888951577244,-1.720662053447843,-0.44805356908026917,0.6262469126212847,-1.0054670263354963,0.11219657324491812,-0.24090218572064964
2018-06-12 13:45:14.012000,2.874123118670587,0.5428938019109384,-1.0439889634659958,-0.054898547727913694,-0.3424614061954931,-2.7528360998974213,0.8404917486976947,0.08100635673417306,-0.8619792042538444,-1.7075873337242173,-0.5963666301142749,0.4212344142583979,-1.0087361682827893,-0.09693378467342637,-0.4095452532788016
2018-06-12 13:45:14.082000,2.8646694069892487,0.5374214706256029,-1.0608669116521434,0.10216174080280718,-0.3713766733420726,-2.7837258056520016,0.8262476542850362,0.05276937198982095,-0.9505366901697925,-1.7025951201412406,-0.4446074887432091,0.5098497840706901,-1.1572730151326875,-0.033065399760453446,-0.28045808401464795
2018-06-12 13:45:14.147000,2.844878753398966,0.51266068217332,-1.217897131672717,0.16384550804599632,-0.35262080358569853,-2.7449610112514837,0.8170200767002237,0.24091739015757732,-1.0478380939428873,-1.6087451397084678,-0.49707979885664644,0.4804678915536899,-1.1418165716372424,-0.00651413008876045,-0.32234286394004663
2018-06-12 13:45:14.214000,2.846953627940545,0.5223589531305013,-1.0732212193967972,0.037145518114792664,-0.45579240980183366,-2.854406358555883,0.8585379716451015,0.07193492797031628,-0.9553153564911151,-1.6464592364770607,-0.41810411054584284,0.5773488014168203,-1.0666901560010693,-0.022744342021280187,-0.33800551610954144
2018-06-12 13:45:14.281000,2.660764977505142,0.20116498160193136,-1.412989368846738,0.07020964153829981,-0.43163157156045123,-2.928279688200091,0.8480452434482106,0.2606754035264551,-0.8244153279241745,-1.376552872253118,-0.9390457691481899,0.22186916324325312,-1.102760452946832,-0.1632549066225051,-0.1820097541400555
2018-06-12 13:45:14.349000,2.788237442434265,0.48826354119883814,-1.0821426663165579,0.15035971395358907,-0.36496841108337064,-2.82503433377899,0.8365442734174158,0.15205583765011538,-0.9965919264456141,-1.6558653135317476,-0.3751306404077691,0.5103577598471498,-1.0866731368092513,0.17189630940366685,-0.30657567333013236
2018-06-12 13:45:14.416000,2.928530287667934,0.6061260032156748,-1.2394971116083475,0.05111452150088994,-0.08276959325748512,-2.792397396447696,0.8177458900339277,0.0360488141902638,-0.9438881691105756,-1.8780723089280684,-0.44435559078050024,0.3490367826458841,-0.9045655181559437,0.05664255888172048,-0.5347549573204532
2018-06-12 13:45:14.482000,2.8106163105839244,0.44708946771924557,-0.9094367784319266,-0.3520352555199272,-0.16794026206257093,-2.779282177222128,0.8496083585710941,0.08450355623774067,-0.8859775087471756,-1.7396940534776313,-0.3495256824160473,0.5230366433781011,-1.0708521097828696,-0.06096487859404412,-0.5391891514771036
2018-06-12 13:45:14.549000,2.881272771868943,0.5888045846106891,-1.2059305934474143,0.0678755444760305,-0.2161548961943715,-2.7595690491079394,0.9121636526336471,0.27722304818581045,-0.9810289796436389,-1.6644520360147133,-0.39512030397207076,0.2339809043667057,-1.242408547971611,-0.03436237203817631,-0.3539698917173395
2018-06-12 13:45:14.619000,2.973742953943596,0.7068316939885317,-1.0450226435026497,-0.2476865880258869,-0.2600444952955393,-2.608616569516753,1.0274325643924027,0.018647654158951234,-1.142386406843845,-1.595683237190412,-0.3869611781429526,0.4816241180120039,-1.0762889556599837,-0.10935405021902311,-0.622495388288986
2018-06-12 13:45:14.685000,2.959797951860258,0.7395456808383432,-1.226015376595721,-0.01552307326402505,-0.2321623645752227,-2.5901077126560295,1.0851859736768734,-0.0649223826289656,-1.144442405759584,-1.5498286999859396,-0.3245603608008052,0.2981932687611747,-1.1191936208106008,-0.07209356232780242,-0.4300331626938074
2018-06-12 13:45:14.752000,2.883474890215793,0.6470838103818133,-1.19965502411748,0.038476850168210064,-0.5505399518296614,-2.6333295079744277,1.107860679603628,-0.09984563155718876,-1.1090163769040964,-1.5520381921554276,-0.3610320201454772,0.3210151182219674,-1.187999688738811,-0.06220110937393619,-0.34099980665819096
2018-06-12 13:45:14.819000,2.9794283842646845,0.6977444564699984,-1.467036294061582,0.11839961264098983,-0.4887716600860864,-2.5413890771624748,1.015144554539268,-0.06898429969168521,-1.1529763388689909,-1.5059502925615198,-0.5041545435574282,0.1888280651220936,-1.0922386056014208,-0.13271734530008159,-0.3395992107165015
2018-06-12 13:45:14.887000,2.9598353640387405,0.688662330691052,-1.360923708718002,-0.1047101524271093,-0.6503152192155256,-2.3125937614190195,1.1014399073788428,-0.1688456975584205,-1.1681449463498383,-1.5632725830792986,-0.5935943687266343,0.3555570058197721,-1.1173592596180564,-0.32932132362733024,-0.5045387522471868
2018-06-12 13:45:14.955000,2.7953730167885764,0.6059226511293054,-1.3466142479919345,0.042161023675955006,-0.769078461124298,-2.1226757849682603,1.2540026316411135,-0.4479794892085215,-1.017064642381794,-1.6757047750619622,-0.47353866219941954,0.3965228195142757,-0.9676577417992681,-0.37660362992032215,-0.5632133234554599
2018-06-12 13:45:15.021000,3.2360065934017976,0.7784862241870423,-1.6179745638247447,-0.10151600888069726,-1.0751480285574901,-1.8486961126283008,1.206094919764439,-0.555308338031031,-1.389832717601588,-1.552391010008911,-0.6318333783140644,0.39360880447346813,-1.1482046511242934,-0.6818716374130275,-0.4545819851379476
2018-06-12 13:45:15.088000,3.0139303133291167,0.8059872561154364,-1.575125172386284,-0.26574752950802144,-1.2229559000704193,-1.5051360866945527,1.2859742484266028,-0.7715940910928737,-1.3034260084524099,-1.5470417704286974,-0.7146059299362344,0.7029914765767169,-1.1461942175596906,-0.6662275276470251,-0.448128156377999
2018-06-12 13:45:15.155000,2.992202142874385,0.8240474337272108,-1.5902472895490114,-0.33089662462006814,-1.5784869016437786,-1.5802389936988588,1.325166375050859,-0.8166974181409229,-1.152983427209168,-1.4214209958178925,-0.5674468616333632,0.7148336990554828,-0.9844271521318764,-0.6416170279884584,-0.38632328978597125
2018-06-12 13:45:15.223000,2.8733760654841944,0.8314651334585499,-1.3833374818803894,-0.3313028159168665,-1.612260283664134,-1.3329355987895426,1.3687024650471025,-0.9821363143126279,-0.9225440887800889,-1.125512911634917,-0.6434515422821332,0.8825590267089365,-0.7724928931741434,-0.4946985685830857,-0.19169053222930554
2018-06-12 13:45:15.290000,2.6672319391852986,0.7528597397668773,-1.9211455634636905,-0.33408955847324134,-1.497141842270974,-1.1418322219047459,1.3000561551975593,-0.9030861645238566,-0.644412637608318,-0.6670838531910115,-0.7905078306679141,0.5793292192515155,-0.768220522613622,-0.45290730153770986,-0.01375525096057427
2018-06-12 13:45:15.357000,2.7815025866515306,0.8791225795080972,-1.7416032545708513,-0.42243889003576685,-1.8049371649875363,-0.6610979099087738,1.3252081754172127,-0.9867270214326869,-0.023068868026476674,-0.6309294291203085,-0.3888068864818993,0.4594291180330494,-0.10216318391889519,-0.33168140064473584,-0.12197372089424115
2018-06-12 13:45:15.424000,2.537153210353644,0.917154841325426,-1.4127459943169303,-0.15022462111810672,-2.0727844418864727,-0.8270966689982763,1.374183472299623,-1.1298638636980405,-0.19425885081899272,-0.4127376377198887,-0.4939051490550399,0.6043410360183884,-0.5993007681506807,0.03575973469139143,-0.13609095497441193
2018-06-12 13:45:15.491000,2.7379271505494573,1.0014554628455286,-1.5978465090620768,0.03517570881739049,-2.2824314590765042,-0.6506719292509602,1.288891576161539,-0.9710123787502689,0.015981695628904752,-0.2297901612362655,-0.4342186957329117,0.7139168603755691,-0.44009429585713555,-0.09580389075945453,0.12732585387239875
2018-06-12 13:45:15.559000,2.7885662539772387,1.1138039946399962,-1.637371109955308,-0.0964854191545326,-2.35650399176519,-0.6252050911363769,1.2993273289629488,-0.9782239467633418,0.2609167595233651,-0.10294598205828848,-0.3529516516794782,0.4538458244802943,-0.28479912482672465,-0.023205483791284065,0.020364614616388513
2018-06-12 13:45:15.626000,2.7234500419393397,1.3831418227992238,-1.732566957167183,-0.23605888951596646,-2.162671657090894,-0.3934595027013191,1.366366850946604,-0.9729003406338276,0.41023756785883614,-0.18385532722650658,-0.4954604261874599,0.610099125761077,-0.37162751650349674,-0.05053854896726699,0.17169588086399112
2018-06-12 13:45:15.692000,2.4469380497982494,1.2042729215863637,-1.5864825689631206,0.14967771405139083,-2.3744586700577504,-0.46030006540056345,1.393094358667284,-1.1626462593667257,0.36822620102741677,0.17869020118654477,-0.5177404156810433,0.4291637938316528,-0.5842508447833101,0.11346298799479274,0.036202964449943364
2018-06-12 13:45:15.760000,2.417630008006431,1.3930978917537469,-1.5732372831253363,0.15731978827791607,-2.510791244543083,-0.33536263317496184,1.16100412153259,-0.9159423481441088,0.4535947859231345,0.25827800883435664,-0.6032254075731123,0.36763862295079675,-0.19608536422299017,0.09141770547963735,-0.19849570473940364
2018-06-12 13:45:15.827000,2.3206354176754456,1.2491473513172109,-1.0917482225977917,0.07132875745782793,-2.815349104485343,-0.46090299123015604,1.2218374087533763,-1.0578381537702213,0.48358404424702894,0.21315869750065747,-0.27733175188932413,0.7337787296692496,-0.022671442618094062,0.18812772313939952,-0.2759372389338008
2018-06-12 13:45:15.894000,2.6545377200688014,1.4172157043854265,-1.820540620229658,0.05418280236036491,-2.404612551806005,-0.26602584776030297,1.0279106409595276,-1.0077666925523152,0.4824324803327955,0.3643891959399389,-0.3696413276595293,0.27680329047900254,-0.09614041708723624,0.06324479551198545,-0.24048004309718196
2018-06-12 13:45:15.962000,2.60108918446236,1.374277971592856,-1.5817466009741399,0.14308316301253723,-2.622022323398789,-0.41460163287536106,1.0472840865052513,-0.9501126408883599,0.4097413271946725,0.35588075654048007,-0.30966933392711005,0.4948649082245601,-0.20455087701556512,0.054280955629252704,-0.021596280540843768
2018-06-12 13:45:16.029000,2.576832598422879,1.3426522876506988,-1.5777975609447716,0.20418665555389234,-2.451026015423395,-0.2708949487044185,1.0133445151626055,-0.9119458591699348,0.39637594062527026,0.4728181463088734,-0.37497760063721497,0.42931141894098995,-0.2165468411259318,0.04224750644174551,-0.04093642443818936
2018-06-12 13:45:16.096000,2.61473499734083,1.2460238948511781,-1.6484486986670344,0.184663998720159,-2.3818451879744034,-0.175799181584954,1.0469398440345241,-0.9901935674969209,0.3869410144125668,0.19045487425643998,-0.37035726764460597,0.38076926275677436,-0.22829545007675936,-0.030979825779487324,-0.030520739899930108
2018-06-12 13:45:16.165000,2.6456174251843194,1.1004811673341879,-1.6419649657858841,0.21544053389190856,-2.3728503757855863,-0.13709670132372492,0.9433835494342789,-1.0161363397662084,0.2989119664746125,0.3012573099510015,-0.33205973819328716,0.4280258272002344,-0.29988795623566256,0.048122492796336076,-0.0002923737894795081
2018-06-12 13:45:16.231000,2.735878722390953,1.0983334063811139,-1.606925542859446,0.19350324694067392,-2.35941365076887,-0.18683075873635435,0.9656819363867597,-1.0443028776683074,0.27234985672629547,0.15702633040762026,-0.3303385900269161,0.4728173342742085,-0.3688383598716113,-0.0445752864331376,0.046186043350545256
2018-06-12 13:45:16.298000,2.8418616362805578,1.1813578444916684,-1.6982182245391109,0.15707363234721408,-2.4068684424744378,-0.19159230534644803,0.9317811523780647,-1.103885922802999,0.25709821497571306,0.15238185955338832,-0.2750364648587875,0.41185772499578366,-0.3325590833835166,0.06713498543614904,0.11303236782398345
2018-06-12 13:45:16.365000,2.9851203371903408,1.0552650329495825,-1.5622564909152306,-0.1321360433424329,-2.5445034747671746,-0.21301391929613792,0.7949602383345973,-1.15230181354903,0.2826717550752531,0.1170062636587978,-0.2636756959485079,0.314987795012643,-0.01228432786015797,-0.13714897829871928,-0.0891612622725474
2018-06-12 13:45:16.431000,3.038696502102127,1.2667237442749983,-1.7622729167794493,-0.36897491696976814,-2.6068521109093705,-0.15390508745794965,0.7083810182771854,-1.0653076606048781,0.23434707113827852,0.32712072600885306,-0.4282383585063476,0.4329710254189688,-0.06905317445867973,0.009941454984982168,0.0029164853902104854
2018-06-12 13:45:16.500000,3.1014906848800603,1.5768546635618756,-1.8105642589842992,-0.3898580512145383,-2.709666329419983,-0.22184682880349096,0.7174516980127587,-0.9627349474385382,0.19900778610771674,0.23213799976624594,-0.5407913680147045,0.06877037785948004,-0.0783057107603913,-0.051317039252353425,-0.05365754932927523
2018-06-12 13:45:16.567000,2.6978092722208498,1.5109064423996492,-1.0936601895086868,-0.3456907466401328,-3.290206512109131,-0.3751254908850088,0.7568430847803228,-1.1021083684371897,0.09647206067329994,0.2823035955310413,-0.2665459745226939,0.6876857637732733,0.05215501930831554,0.01634300104052354,-0.14196693655872705
2018-06-12 13:45:16.635000,2.816010168556221,1.5275314268029028,-1.2008126147191003,-0.4981875393901807,-3.247764923354347,-0.5729038711010223,0.6809235018185726,-1.1291041070972625,0.2434400665127836,0.025432325370152206,-0.32475178706354424,0.836259801044695,-0.0074694800048970555,0.040232400894511425,0.11183144876005288
2018-06-12 13:45:16.701000,2.922306928233799,1.503963883768318,-1.8357877631309798,-0.10401606248448778,-2.9003292261819307,-0.45401869252924987,0.6719027761493571,-0.6986227096912211,0.1402070047481122,0.16139594990752892,-0.5490998024668354,0.43367360018461243,-0.1965652130416875,0.028347268121918137,0.26031200290552026
2018-06-12 13:45:16.769000,3.0315503988783554,1.390645579904452,-1.7189188599349807,-0.02777923757664788,-2.6306952144994225,-0.3514866864606507,0.716185408659463,-0.8117274348949252,0.17168007122841367,0.047484250173622136,-0.39150356750089665,0.5245955399361242,-0.29245202845065443,0.030282646108602568,0.2735622625154723
2018-06-12 13:45:16.836000,3.199073895334255,1.2071132645625677,-1.691850526668113,-0.21309831871240048,-2.600570429224085,-0.3359505676828433,0.8764285907301038,-0.9612142207716999,0.27655167349809817,-0.17215743607527273,-0.3490835161053709,0.5076922650331077,-0.18903805868953055,0.01721293322346551,0.08850088344209038
2018-06-12 13:45:16.903000,3.284743863529992,1.0007878661987122,-1.6919897427720787,-0.0652406603615718,-2.883886042585852,-0.46328540153799896,0.8379758582449885,-1.040129770055346,0.11519323249803265,-0.08658260227757492,-0.3074326358826678,0.7311239974825586,-0.17627008756107204,-0.11176724453446668,0.08201763396974496
